stage,sample_uid,observation_uid,tag_id,camera_role,measured_distance_m,predicted_distance_m,distance_residual_m,normalized_distance_residual,measured_angle_deg,predicted_angle_deg,angle_residual_deg,normalized_angle_residual,yaw_used,measured_yaw_deg,predicted_yaw_deg,yaw_residual_deg,normalized_yaw_residual,combined_score
pass1,main29_s001,main29_s001_o002,36,front,4.432,4.44423694533171,0.012236945331709492,0.24473890663418985,1.5,3.6495542045259413,2.1495542045259413,0.7165180681753137,True,28.5,34.08370784143244,5.583707841432442,1.8612359471441475,1.1600997838381193
pass1,main29_s001,main29_s001_o003,37,front,4.444,4.429676469126911,-0.014323530873088686,-0.2864706174617737,-12.1,-9.958171258469207,2.1418287415307873,0.7139429138435958,True,23.8,20.47598237843738,-3.324017621562632,-1.1080058738542107,0.7787718783212122
pass1,main29_s001,main29_s001_o005,39,front,4.094,4.1668431009792535,0.07284310097925317,1.4568620195850635,-29.3,-35.617340363988774,-6.317340363988762,-1.4890114034799822,False,,,,,1.473024423389323
pass1,main29_s001,main29_s001_o006,45,rear,0.833,0.8845675602072804,0.05156756020728048,1.0313512041456097,-9.3,-10.224269363478811,-0.9242693634787997,-0.30808978782626656,False,,,,,0.7611191180279974
pass1,main29_s002,main29_s002_o007,36,front,3.655,3.636469472712549,-0.01853052728745075,-0.370610545749015,24.2,23.730065898218697,-0.46993410178129125,-0.15664470059376376,True,39.3,42.89260480633948,3.592604806339466,1.1975349354464886,0.729378653480554
pass1,main29_s002,main29_s002_o008,37,front,3.484,3.488591018674004,0.0045910186740041325,0.09182037348008265,5.4,6.924823825649469,1.524823825649463,0.508274608549821,True,24.0,26.087362733770306,2.0873627337703056,0.6957875779234352,0.5002980485920554
pass1,main29_s002,main29_s002_o009,38,front,3.169,3.184808370371874,0.01580837037187388,0.3161674074374776,-10.8,-8.832805719804213,1.9671942801957982,0.6557314267319327,False,,,,,0.514755055113416
pass1,main29_s002,main29_s002_o010,39,front,3.11,3.1576065962067816,0.04760659620678176,0.9521319241356352,-24.2,-26.292497987794633,-2.092497987794644,-0.6974993292648813,False,,,,,0.8345838829270508
pass1,main29_s002,main29_s002_o011,44,rear,1.434,1.46655196131569,0.03255196131569016,0.6510392263138032,15.0,14.047774663007544,-0.9522253369924556,-0.2244416643350036,False,,,,,0.4869425709920739
pass1,main29_s002,main29_s002_o012,45,rear,1.865,1.8680083504118117,0.003008350411811689,0.06016700823623378,-8.1,-8.542937320620354,-0.4429373206203593,-0.14764577354011976,False,,,,,0.1127371795912053
pass1,main29_s003,main29_s003_o013,43,front,1.45,1.4204953839881829,-0.029504616011817086,-0.5900923202363417,25.3,25.76406926405616,0.4640692640561497,0.10938217451811799,True,-58.2,-57.17831753332047,1.021682466679522,0.24081286680282962,0.37334713218041404
pass1,main29_s003,main29_s003_o014,44,front,2.361,2.351361177775978,-0.009638822224022014,-0.1927764444804403,10.4,12.056269536591117,1.656269536591111,0.5520898455303703,True,-68.5,-70.88611726078551,-2.386117260785511,-0.795372420261837,0.5699658592107193
pass1,main29_s003,main29_s003_o015,45,front,2.844,2.8477566437673723,0.003756643767372392,0.07513287534744784,-3.7,-0.7890033835435588,2.91099661645643,0.9703322054854766,False,,,,,0.6881822207672487
pass1,main29_s003,main29_s003_o016,46,front,2.897,2.902188823924012,0.005188823924012098,0.10377647848024196,-20.4,-19.798475596816388,0.6015244031836176,0.20050813439453918,True,-16.8,-12.740862394193016,4.0591376058069955,1.353045868602332,0.7919819425521387
pass1,main29_s003,main29_s003_o017,47,front,3.199,3.246737274390947,0.04773727439094699,0.9547454878189399,-29.8,-36.38104798844063,-6.581047988440616,-1.551167886646816,False,,,,,1.2879558919223466
pass1,main29_s003,main29_s003_o018,38,rear,2.221,2.2236853308407674,0.002685330840767275,0.0537066168153455,12.2,9.429506595834653,-2.770493404165336,-0.6530115577726372,False,,,,,0.46330794039946943
pass1,main29_s003,main29_s003_o019,39,rear,2.153,2.1579348006126096,0.004934800612609536,0.09869601225219071,-14.7,-15.905577549067175,-1.2055775490671863,-0.28415735339722176,False,,,,,0.21270437739289494
pass1,main29_s004,main29_s004_o020,45,front,3.823,3.856333062157399,0.03333306215739906,0.6666612431479813,24.0,23.80744337160604,-0.19255662839395882,-0.06418554279798627,False,,,,,0.4735805090055354
pass1,main29_s004,main29_s004_o021,46,front,3.914,3.8949344681463405,-0.019065531853659667,-0.38131063707319335,8.3,9.724236062588943,1.4242360625889319,0.47474535419631064,True,-8.2,-9.350341624635007,-1.1503416246350184,-0.38344720821167283,0.4154566623052562
pass1,main29_s004,main29_s004_o023,48,front,4.522,4.598890575145878,0.07689057514587816,1.286625412835415,-15.6,-14.23909820608094,1.360901793919055,0.4536339313063517,True,-35.2,-33.31367589330489,1.886324106695099,0.6287747022316997,0.867284329147199
pass1,main29_s004,main29_s004_o024,49,front,5.179,5.17512545309401,-0.003874546905990428,-0.06483357034346944,-22.2,-22.96981048009502,-0.7698104800950318,-0.2566034933650106,True,-43.9,-42.04438816731897,1.855611832681035,0.6185372775603449,0.38843150763996637
pass1,main29_s004,main29_s004_o025,39,rear,1.094,1.1604164961091854,0.06641649610918532,1.3283299221837064,7.0,5.075963706340701,-1.9240362936592987,-0.6413454312197663,True,-16.4,-13.998613980883192,2.4013860191168135,0.8004620063722712,0.9689382106134806
pass1,main29_s005,main29_s005_o026,35,front,3.973,3.981939335018842,0.008939335018842254,0.17878670037684508,14.3,14.055871110105784,-0.24412888989422754,-0.08137629663140918,True,34.8,38.17744034728207,3.377440347282061,1.1258134490940204,0.659808736944795
pass1,main29_s005,main29_s005_o027,36,front,3.067,3.0583909570382257,-0.008609042961774449,-0.17218085923548898,4.7,5.404449788136901,0.7044497881369125,0.2348165960456375,True,23.1,29.52601902531319,6.426019025313195,2.142006341771065,1.2480619976925549
pass1,main29_s005,main29_s005_o028,37,front,3.196,3.181005344625263,-0.01499465537473732,-0.2998931074947464,-14.5,-13.868035654000323,0.6319643459996769,0.2106547819998923,True,14.1,10.253533583176022,-3.846466416823972,-1.2821554722746573,0.7698991207048118
pass1,main29_s005,main29_s005_o029,38,front,3.118,3.155249651762959,0.037249651762959246,0.7449930352591849,-26.6,-31.345545968333624,-4.74554596833363,-1.1185359115470637,False,,,,,0.9502992181426632
pass1,main29_s005,main29_s005_o031,45,rear,2.254,2.2564264172541217,0.0024264172541217377,0.048528345082434754,9.9,11.108356127225306,1.2083561272253007,0.4027853757417669,False,,,,,0.28687197422184363
pass1,main29_s006,main29_s006_o033,45,front,3.113,3.120833541387212,0.00783354138721215,0.156670827744243,18.5,18.71405461964082,0.2140546196408195,0.07135153988027317,True,28.6,25.038160284708056,-3.5618397152919385,-1.1872799050973128,0.6926447775392609
pass1,main29_s006,main29_s006_o034,46,front,2.856,2.8516367838942602,-0.004363216105739642,-0.08726432211479285,-1.0,1.1270866137309667,2.1270866137309667,0.7090288712436555,False,,,,,0.5051420603014595
pass1,main29_s006,main29_s006_o035,47,front,2.909,2.8864690039877483,-0.022530996012251503,-0.45061992024503006,-18.3,-17.919851489403413,0.38014851059659804,0.12671617019886602,True,-16.3,-11.595745824336177,4.704254175663834,1.5680847252212782,0.944811269651916
pass1,main29_s006,main29_s006_o036,48,front,3.183,3.21172859085078,0.02872859085078039,0.5745718170156078,-28.7,-34.63530237135075,-5.935302371350758,-1.3989641850582393,False,,,,,1.0694001973032081
pass1,main29_s006,main29_s006_o037,37,rear,2.203,2.2141535588700805,0.011153558870080627,0.22307117740161253,8.8,9.019359215168578,0.21935921516856638,0.07311973838952213,False,,,,,0.16599284070328732
pass1,main29_s007,main29_s007_o041,45,front,4.022,4.054277808886694,0.03227780888669418,0.6455561777338836,26.0,24.76414539320399,-1.2358546067960106,-0.29129372434203116,True,22.5,18.149946428597787,-4.3500535714022135,-1.0253174596210883,0.7194606094047761
pass1,main29_s007,main29_s007_o042,46,front,3.854,3.8651625577533837,0.011162557753383595,0.2232511550676719,11.1,11.243132751012809,0.1431327510128142,0.0477109170042714,False,,,,,0.16142708855771104
pass1,main29_s007,main29_s007_o043,47,front,3.923,3.9050377077471663,-0.017962292252833745,-0.3592458450566749,-4.1,-2.789943473873109,1.3100565261268855,0.43668550870896183,False,,,,,0.3998448516030244
pass1,main29_s007,main29_s007_o044,48,front,4.139,4.16436950616569,0.025369506165689337,0.5073901233137867,-16.2,-15.698842109409043,0.501157890590946,0.167052630196982,True,-21.6,-22.313041074015246,-0.7130410740152513,-0.23768035800508377,0.3375614862873301
pass1,main29_s007,main29_s007_o045,49,front,4.615,4.604127477965943,-0.010872522034056864,-0.18193209147012673,-24.0,-26.58612370547803,-2.5861237054780304,-0.8620412351593435,True,-35.5,-33.20032267008423,2.2996773299157667,0.7665591099719222,0.6742470482206273
pass1,main29_s007,main29_s007_o046,38,rear,1.105,1.147545688044015,0.04254568804401493,0.8509137608802986,-10.4,-8.021532631209539,2.378467368790467,0.5606101351008882,True,-14.2,-14.635731595815741,-0.4357315958157528,-0.10270292205951824,0.5912940166090114
pass1,main29_s008,main29_s008_o048,38,front,4.386,4.372028258927153,-0.013971741072847266,-0.2794348214569453,8.7,9.449711897054186,0.7497118970541976,0.24990396568473253,True,-18.8,-17.37292333060975,1.4270766693902601,0.4756922231300867,0.34967551751782444
pass1,main29_s008,main29_s008_o049,39,front,4.696,4.749345581858441,0.053345581858441626,0.8926423186631894,-3.3,-1.708272890850509,1.5917271091495024,0.5305757030498341,True,-24.5,-28.53090811851439,-4.03090811851439,-1.3436360395047966,0.980421455700108
pass1,main29_s008,main29_s008_o050,41,front,3.788,3.829267961129611,0.0412679611296114,0.8253592225922279,-18.9,-18.853028921621217,0.04697107837878889,0.015657026126262963,True,39.7,44.324335850714874,4.6243358507148855,1.5414452835716286,1.0095405805002564
pass1,main29_s008,main29_s008_o051,42,front,3.232,3.2259284013424763,-0.006071598657523936,-0.12143197315047871,-26.6,-30.734353486587764,-4.13435348658777,-0.9744764620628193,False,,,,,0.6943882556674212
pass1,main29_s008,main29_s008_o052,48,rear,0.901,0.9580367305020584,0.057036730502058375,1.1407346100411675,-5.9,-6.185409557761545,-0.28540955776153965,-0.09513651925384654,True,-33.4,-33.008044785425454,0.3919552145745513,0.1306517381915171,0.665180748502234
pass1,main29_s009,main29_s009_o053,34,front,3.97,3.98183473865725,0.011834738657249932,0.23669477314499865,14.1,13.86980168725242,-0.23019831274757507,-0.07673277091585835,True,34.5,38.05879490956556,3.558794909565563,1.1862649698551877,0.6997944727971009
pass1,main29_s009,main29_s009_o054,35,front,3.478,3.4745644135110894,-0.0034355864889108467,-0.06871172977821693,0.2,1.3446690220814617,1.144669022081473,0.3815563406938243,True,25.5,25.53366224439469,0.03366224439469079,0.011220748131563596,0.2239288935662453
pass1,main29_s009,main29_s009_o055,36,front,2.729,2.7210791409904034,-0.007920859009596715,-0.1584171801919343,-13.6,-12.66353228367609,0.9364677163239037,0.31215590544130123,False,,,,,0.24752506164209148
pass1,main29_s009,main29_s009_o056,37,front,3.117,3.16028680483033,0.043286804830330095,0.8657360966066019,-26.7,-31.411475416487633,-4.7114754164876445,-1.1105054054640424,False,,,,,0.9956709407561548
pass1,main29_s009,main29_s009_o057,46,rear,2.266,2.2595845281576126,-0.0064154718423874435,-0.12830943684774887,11.5,11.370349739092262,-0.1296502609077379,-0.030558859556822207,False,,,,,0.09326616610968856
pass1,main29_s009,main29_s009_o058,47,rear,1.839,1.873905931150551,0.03490593115055107,0.6981186230110215,-14.2,-12.986652474660218,1.2133475253397705,0.28598875436788934,False,,,,,0.5334600169739535
pass1,main29_s010,main29_s010_o060,45,front,3.588,3.609531065866753,0.021531065866752908,0.43062131733505815,22.7,23.22566124402624,0.5256612440262529,0.17522041467541763,True,42.2,38.34772170330936,-3.852278296690656,-1.2840927655635521,0.7884649946224749
pass1,main29_s010,main29_s010_o061,46,front,3.143,3.1102480829865717,-0.032751917013428056,-0.6550383402685611,7.6,9.351045054805127,1.7510450548051324,0.5836816849350441,True,20.2,24.473105514088246,4.2731055140882575,1.424368504696086,0.965847671516333
pass1,main29_s010,main29_s010_o062,48,front,2.875,2.894640538373147,0.019640538373146832,0.39281076746293664,-24.9,-27.17670633402065,-2.276706334020645,-0.7589021113402149,False,,,,,0.6042485885922521
pass1,main29_s011,main29_s011_o065,42,front,2.995,2.99075252553268,-0.004247474467319989,-0.08494948934639979,16.7,16.385322360688633,-0.3146776393113555,-0.1048925464371185,True,-27.1,-23.461397104091816,3.6386028959081784,1.2128676319693927,0.7045723891641226
pass1,main29_s011,main29_s011_o066,43,front,3.543,3.5189702222644743,-0.024029777735525837,-0.48059555471051674,-0.1,1.073634350284351,1.1736343502843454,0.3912114500947818,True,-39.1,-38.7730851144961,0.32691488550389636,0.10897162850129878,0.36326909296507104
pass1,main29_s011,main29_s011_o067,45,front,4.412,4.4687825981286595,0.0567825981286596,1.135651962573192,-18.7,-19.40857732530776,-0.7085773253077718,-0.23619244176925727,True,30.6,30.74470320991179,0.1447032099117962,0.04823440330393206,0.6702782524960195
pass1,main29_s011,main29_s011_o069,35,rear,1.828,1.8476846906846747,0.0196846906846746,0.393693813693492,0.8,0.6386426376111558,-0.16135736238885556,-0.05378578746295185,True,50.5,50.79192317283071,0.2919231728307068,0.09730772427690226,0.23618955881345632
pass1,main29_s012,main29_s012_o072,36,front,3.664,3.7320676773061656,0.06806767730616547,1.3613535461233095,20.6,20.298794814474718,-0.3012051855252764,-0.10040172850842548,False,,,,,0.9652367545400428
pass1,main29_s012,main29_s012_o073,37,front,4.433,4.392140302654855,-0.0408596973451445,-0.8171939469028899,7.6,8.697484902094885,1.097484902094891,0.36582830069829697,True,-15.1,-17.96073477003631,-2.8607347700363164,-0.9535782566787722,0.7551926429852304
pass1,main29_s012,main29_s012_o074,38,front,4.735,4.777740799824442,0.04274079982444157,0.7151903743040978,-4.4,-2.3567038339912187,2.043296166008787,0.681098722002929,True,-24.9,-29.014923506122443,-4.114923506122437,-1.3716411687074792,0.9758401912035389
pass1,main29_s012,main29_s012_o076,41,front,4.613,4.610985456047803,-0.002014543952197023,-0.03370976792998446,-25.0,-27.7884956032199,-2.7884956032199,-0.9294985344066333,True,36.2,35.553284724648876,-0.6467152753511414,-0.21557175845038046,0.5512334825822787
pass1,main29_s012,main29_s012_o078,49,rear,0.868,0.9160309202052691,0.04803092020526911,0.9606184041053822,-2.8,-2.7853821659703044,0.014617834029706955,0.0048726113432356515,True,-29.1,-29.44360183810153,-0.34360183810153444,-0.11453394603384481,0.5585485611360208
pass1,main29_s013,main29_s013_o080,36,front,2.764,2.7261259198029393,-0.03787408019706051,-0.7574816039412102,17.8,17.204270026338918,-0.5957299736610935,-0.19857665788703116,False,,,,,0.5537197257489259
pass1,main29_s013,main29_s013_o081,37,front,3.442,3.4356402003887814,-0.006359799611218797,-0.12719599222437594,1.6,2.638766125569475,1.038766125569481,0.34625537518982696,True,-23.1,-22.81035472869496,0.2896452713050337,0.09654842376834456,0.22014631756928024
pass1,main29_s013,main29_s013_o082,38,front,3.863,3.911048743235076,0.0480487432350758,0.9609748647015159,-11.5,-10.479922424012244,1.0200775759877558,0.3400258586625853,True,-36.5,-35.92904327827671,0.5709567217232916,0.1903189072410972,0.5986962395073623
pass1,main29_s013,main29_s013_o083,39,front,4.574,4.5435359531309825,-0.03046404686901738,-0.5097610052353481,-19.5,-20.3622282695045,-0.8622282695044987,-0.28740942316816626,True,-45.5,-45.811349123768935,-0.31134912376893453,-0.1037830412563115,0.3431381542162573
pass1,main29_s013,main29_s013_o086,49,rear,1.885,1.869082223053254,-0.01591777694674601,-0.3183555389349202,11.8,10.720380202029219,-1.0796197979707927,-0.25446882674946597,False,,,,,0.2881879880891926
pass1,main29_s014,main29_s014_o089,46,front,3.688,3.677657769567429,-0.01034223043257132,-0.2068446086514264,15.6,15.176985899998044,-0.42301410000195006,-0.14100470000065002,True,35.6,39.38339986059731,3.7833998605973136,1.2611332868657712,0.7423216249917773
pass1,main29_s014,main29_s014_o090,47,front,3.2,3.1613320286190483,-0.038667971380951904,-0.7733594276190381,0.8,1.7464382240832492,0.9464382240832379,0.31547940802774593,True,19.7,25.952852184682513,6.252852184682524,2.0842840615608416,1.2963862735123022
pass1,main29_s014,main29_s014_o091,48,front,2.869,2.876454709240363,0.007454709240362956,0.1490941848072591,-15.9,-15.397518629386695,0.5024813706133102,0.16749379020443675,True,9.2,8.808895331212568,-0.39110466878742045,-0.13036822292914016,0.14975437584045304
pass1,main29_s014,main29_s014_o092,49,front,2.871,2.8860795523196447,0.015079552319644751,0.301591046392895,-28.1,-34.172940127645916,-6.072940127645921,-1.4314057153327762,False,,,,,1.0343789153766858
pass1,main29_s014,main29_s014_o093,34,rear,2.604,2.5691533770861046,-0.03484662291389551,-0.5398415608683482,9.0,9.754488634655331,0.7544886346553312,0.2514962115517771,True,32.4,33.96090259525454,1.5609025952545323,0.5203008650848441,0.45657866991852486
pass1,main29_s014,main29_s014_o094,35,rear,2.206,2.183902007604881,-0.022097992395119004,-0.4419598479023801,-13.7,-11.558151192909378,2.1418488070906108,0.5048386052566961,False,,,,,0.4744420536353313
pass1,main29_s015,main29_s015_o096,46,front,4.459,4.488812944761801,0.029812944761800964,0.5962588952360193,6.4,7.166561584389683,0.7665615843896774,0.25552052812989245,True,28.8,31.655606334097655,2.8556063340976436,0.9518687780325479,0.6650487653891839
pass1,main29_s015,main29_s015_o097,47,front,4.083,4.071357492011922,-0.011642507988078421,-0.23285015976156842,-5.7,-4.289768879750909,1.4102311202490796,0.47007704008302653,True,13.6,20.199275869957063,6.599275869957069,2.1997586233190227,1.3056453859274104
pass1,main29_s015,main29_s015_o098,48,front,3.832,3.8488819129874847,0.01688191298748487,0.3376382597496974,-17.7,-17.583172504491586,0.11682749550840299,0.038942498502800994,False,,,,,0.2403290584141302
pass1,main29_s015,main29_s015_o099,49,front,3.817,3.850643821128392,0.03364382112839204,0.6728764225678407,-26.8,-31.608097451443314,-4.808097451443302,-1.1332794375071054,False,,,,,0.9319562660136248
pass1,main29_s015,main29_s015_o100,35,rear,1.182,1.239405121156137,0.05740512115613705,1.148102423122741,-2.9,-2.9351316167451387,-0.03513161674513299,-0.01171053891504433,True,19.9,21.55391313296286,1.653913132962856,0.5513043776542853,0.7353486310412608
pass1,main29_s016,main29_s016_o101,32,front,3.892,3.8873970486600102,-0.004602951339989669,-0.09205902679979339,13.2,13.126288367497637,-0.07371163250235213,-0.02457054416745071,True,34.0,36.86663431791658,2.866634317916578,0.9555447726388593,0.5544199336764685
pass1,main29_s016,main29_s016_o102,33,front,3.393,3.400552465892876,0.007552465892876281,0.15104931785752562,-1.1,0.1146186484341456,1.21461864843414,0.40487288281137995,True,21.7,23.85496459885303,2.1549645988530415,0.7183215329510139,0.48398476985759087
pass1,main29_s016,main29_s016_o103,34,front,3.144,3.1371244280844985,-0.006875571915501588,-0.13751143831003176,-16.4,-16.20747742761563,0.19252257238437664,0.06417419079479221,False,,,,,0.10730266173366824
pass1,main29_s016,main29_s016_o104,35,front,3.147,3.1575694666379155,0.010569466637915692,0.21138933275831384,-27.7,-33.69304605828273,-5.993046058282744,-1.412574502591679,False,,,,,1.0099634090837486
pass1,main29_s016,main29_s016_o106,48,rear,2.377,2.3702291354616523,-0.006770864538347521,-0.13541729076695042,13.5,14.44834399720321,0.9483439972032102,0.22352682377331543,False,,,,,0.18480000484963144
pass1,main29_s016,main29_s016_o107,49,rear,1.935,1.9356215060909823,0.0006215060909822157,0.012430121819644313,-10.2,-7.990471725788439,2.20952827421155,0.5207908086394656,False,,,,,0.368359589458317
pass1,main29_s017,main29_s017_o109,48,front,4.136,4.149961334672132,0.013961334672131898,0.27922669344263795,13.1,12.322281052568883,-0.7777189474311115,-0.25923964914370384,True,17.3,21.013279631873843,3.7132796318738315,1.2377598772912772,0.7477125686276284
pass1,main29_s017,main29_s017_o110,49,front,3.934,3.912560579561616,-0.021439420438384094,-0.4287884087676819,-1.2,-0.6379377741723147,0.562062225827674,0.18735407527589132,False,,,,,0.3308784134814517
pass1,main29_s017,main29_s017_o111,50,front,3.671,3.7074985183212044,0.03649851832120454,0.7299703664240909,-14.9,-14.867393945131312,0.032606054868693946,0.010868684956231315,False,,,,,0.5162242071861796
pass1,main29_s017,main29_s017_o113,34,rear,1.142,1.1681139126998998,0.026113912699899933,0.5222782539979987,12.2,12.447277812192368,0.24727781219237954,0.05828393927940171,False,,,,,0.37159897213065796
pass1,main29_s018,main29_s018_o116,55,front,3.329,3.319736010257529,-0.009263989742471335,-0.1852797948494267,15.5,14.521853574357948,-0.978146425642052,-0.3260488085473507,True,-13.6,-11.636854671045171,1.9631453289548233,0.6543817763182744,0.4354507002757996
pass1,main29_s018,main29_s018_o117,56,front,3.655,3.662913817299888,0.007913817299888048,0.15827634599776097,-2.0,-1.2579441412091512,0.7420558587908488,0.24735195293028292,True,-26.4,-27.416652386612213,-1.0166523866122077,-0.3388841288707359,0.2588930558623936
pass1,main29_s018,main29_s018_o118,57,front,4.225,4.22741003679486,0.002410036794860737,0.04820073589721474,-13.8,-13.563909459027855,0.23609054097215676,0.07869684699071892,True,-39.4,-39.722617704430945,-0.3226177044309395,-0.10753923481031318,0.08181522207776364
pass1,main29_s019,main29_s019_o119,32,front,3.387,3.3933087338011836,0.006308733801183575,0.1261746760236715,-6.8,-6.023175310790407,0.7768246892096045,0.25894156306986815,True,20.6,23.36798622071899,2.7679862207189956,0.9226620735729986,0.5580549805544164
pass1,main29_s019,main29_s019_o120,33,front,3.139,3.139160832716958,0.00016083271695821466,0.0032166543391642932,-20.6,-22.2746034904186,-1.6746034904186047,-0.5582011634728682,False,,,,,0.394714381399767
pass1,main29_s019,main29_s019_o123,49,rear,2.408,2.392585963236226,-0.015414036763774064,-0.3082807352754813,9.3,9.4423814377094,0.14238143770938905,0.047460479236463016,True,37.7,38.8335429692188,1.1335429692188086,0.37784765640626955,0.282877099510875
pass1,main29_s019,main29_s019_o124,50,rear,1.744,1.7647351762295667,0.020735176229566665,0.4147035245913333,-12.5,-11.119155419226786,1.3808445807732141,0.32546818894314505,False,,,,,0.3727657141707143
pass1,main29_s020,main29_s020_o125,48,front,3.703,3.7453224584186464,0.04232245841864657,0.8464491683729314,22.8,21.85530401540109,-0.9446959845989227,-0.31489866153297424,True,38.5,40.94121090600137,2.4412109060013734,0.8137369686671244,0.7018559244009287
pass1,main29_s020,main29_s020_o126,49,front,3.247,3.2089014318136875,-0.03809856818631241,-0.7619713637262482,8.6,9.071194843249486,0.4711948432494921,0.1570649477498307,True,29.7,28.15710173384977,-1.5428982661502175,-0.5142994220500725,0.538446423355049
pass1,main29_s020,main29_s020_o127,50,front,2.751,2.7013791660316406,-0.04962083396835926,-0.9924166793671851,-8.3,-6.964392111858615,1.3356078881413964,0.44520262938046545,True,10.5,12.12151477874167,1.6215147787416697,0.5405049262472232,0.7012469422371804
pass1,main29_s020,main29_s020_o128,51,front,2.532,2.552463250371344,0.020463250371344,0.40926500742688,-26.3,-30.926736036096088,-4.6267360360960765,-1.0905321419612342,False,,,,,0.8236377234423765
pass1,main29_s020,main29_s020_o129,32,rear,2.551,2.531964178601334,-0.01903582139866611,-0.29490167703365044,12.5,13.221585776940344,0.7215857769403442,0.17007939869409364,False,,,,,0.24072183218125848
pass1,main29_s020,main29_s020_o130,33,rear,2.203,2.1763705053916356,-0.02662949460836428,-0.5325898921672856,-10.6,-8.595844214919481,2.0041557850805134,0.4723840487282267,False,,,,,0.5033878637450612
pass1,main29_s021,main29_s021_o132,51,front,3.534,3.5681238401150157,0.0341238401150159,0.682476802300318,20.3,20.198403550130024,-0.10159644986998728,-0.03386548328999576,False,,,,,0.483177739882816
pass1,main29_s021,main29_s021_o133,53,front,4.676,4.654133730526255,-0.021866269473744815,-0.3658926719620917,-8.8,-6.593942583003695,2.206057416996316,0.7353524723321053,True,-31.6,-33.668117378918794,-2.0681173789187994,-0.6893724596395998,0.6191001787729377
pass1,main29_s021,main29_s021_o134,55,front,3.91,3.9461708828655175,0.036170882865517395,0.7234176573103479,-25.4,-28.34957032380089,-2.9495703238008844,-0.695220392515402,False,,,,,0.7094591253474937
pass1,main29_s021,main29_s021_o136,34,rear,1.192,1.2380326391184138,0.04603263911841382,0.9206527823682764,0.6,0.04242799703385458,-0.5575720029661397,-0.18585733432204657,True,-26.9,-27.031746798881272,-0.1317467988812666,-0.043915599627088873,0.5428545152845136
pass1,main29_s022,main29_s022_o137,31,front,3.462,3.514429497551849,0.05242949755184867,1.0485899510369734,-17.0,-16.881863680417666,0.11813631958233373,0.03937877319411124,True,31.8,33.11076689605022,1.310766896050211,0.43692229868340365,0.6562501221030451
pass1,main29_s022,main29_s022_o138,55,front,2.353,2.3622072456639702,0.00920724566397002,0.1841449132794004,24.9,23.41021612097495,-1.4897838790250546,-0.4965946263416849,True,-24.4,-16.597153302557217,7.802846697442789,2.600948899147596,1.532476291059148
pass1,main29_s022,main29_s022_o139,56,front,2.804,2.826081852507605,0.02208185250760497,0.4416370501520994,2.4,3.2364067188243553,0.8364067188243496,0.2788022396081165,True,-36.9,-36.770962704707756,0.1290372952922496,0.0430124317640832,0.30255800664985966
pass1,main29_s022,main29_s022_o140,57,front,3.528,3.528625969417526,0.0006259694175261288,0.012519388350522576,-11.1,-10.085132761804033,1.0148672381959614,0.33828907939865377,True,-48.7,-50.092502185336116,-1.3925021853361272,-0.4641673951120424,0.33168640159552254
pass1,main29_s022,main29_s022_o141,51,rear,0.654,0.7120566160503974,0.05805661605039736,1.1611323210079472,-9.1,-9.894479548892605,-0.7944795488926104,-0.2648265162975368,True,37.1,40.098151027575284,2.9981510275752896,0.9993836758584299,0.8976133321566139
pass1,main29_s023,main29_s023_o142,32,front,3.12,3.1536380791852086,0.03363807918520845,0.6727615837041689,30.0,28.543684074289473,-1.456315925710527,-0.34325695553995933,False,,,,,0.5340568724558757
pass1,main29_s023,main29_s023_o143,33,front,3.166,3.16587315821166,-0.000126841788339771,-0.00253683576679542,10.9,11.124805514261368,0.2248055142613623,0.0749351714204541,True,-8.3,-9.433528475535468,-1.1335284755354564,-0.3778428251784855,0.22240122600859621
pass1,main29_s023,main29_s023_o144,34,front,3.443,3.4572361982180744,0.014236198218074314,0.2847239643614863,-6.2,-4.841057978533456,1.3589420214665324,0.4529806738221775,True,-22.2,-25.399391968330292,-3.1993919683303034,-1.0664639894434345,0.688864928104613
pass1,main29_s023,main29_s023_o145,35,front,3.963,3.96315478497465,0.00015478497464993524,0.0030956994929987047,-17.3,-17.440477281971766,-0.14047728197175502,-0.04682576065725167,True,-39.2,-37.99881127176866,1.2011887282313296,0.40039624274377655,0.2327512165523626
pass1,main29_s023,main29_s023_o146,52,rear,1.712,1.7590110633908818,0.04701106339088179,0.9402212678176358,2.2,1.462737236432531,-0.7372627635674576,-0.24575425452248587,True,-20.0,-19.09559675336436,0.9044032466356384,0.30146774887854616,0.5874504205140502
pass1,main29_s024,main29_s024_o148,50,front,3.07,3.0757628701446196,0.005762870144619736,0.11525740289239472,11.0,11.006863631447914,0.006863631447913576,0.0022878771493045256,True,25.7,30.437594691324193,4.737594691324205,1.5791982304414016,0.9141765975150542
pass1,main29_s024,main29_s024_o149,51,front,2.559,2.5519922414874436,-0.007007758512556528,-0.14015517025113056,-9.8,-8.882397927882948,0.917602072117063,0.3058673573723543,False,,,,,0.23790577131930923
pass1,main29_s024,main29_s024_o150,52,front,2.7,2.7191623547569628,0.019162354756962596,0.3832470951392519,-27.1,-31.91530693903701,-4.815306939037015,-1.1349787300292369,False,,,,,0.8470699656909854
pass1,main29_s024,main29_s024_o151,32,rear,2.158,2.1600160872114915,0.0020160872114916017,0.040321744229832035,-12.6,-9.794413797420418,2.805586202579576,0.6612830096824778,False,,,,,0.46846614709733936
pass1,main29_s025,main29_s025_o154,53,front,4.219,4.221450363892416,0.0024503638924153748,0.049007277848307496,18.0,17.392219448317974,-0.6077805516820263,-0.2025935172273421,True,-20.1,-22.63836134201341,-2.538361342013417,-0.8461204473378056,0.5031122001793022
pass1,main29_s025,main29_s025_o155,55,front,3.229,3.221721273684348,-0.007278726315651962,-0.14557452631303924,-6.6,-5.3679796481989115,1.2320203518010828,0.4106734506003609,True,38.9,44.601439561469704,5.701439561469698,1.9004798538232326,1.1257098946186872
pass1,main29_s025,main29_s025_o156,56,front,2.586,2.610069744431123,0.024069744431123308,0.48139488862246615,-20.5,-21.474878946626177,-0.9748789466261769,-0.3249596488753923,True,28.6,28.49454026304244,-0.10545973695755606,-0.035153245652518685,0.33594422298399534
pass1,main29_s025,main29_s025_o157,33,rear,1.194,1.2174346421565605,0.023434642156560548,0.46869284313121096,13.7,14.250106957981899,0.5501069579819102,0.12966145345563732,False,,,,,0.34386412557480195
pass1,main29_s026,main29_s026_o159,31,front,3.1,3.1072479187518485,0.007247918751848381,0.14495837503696762,-23.9,-25.906462283775568,-2.006462283775562,-0.6688207612585207,True,24.0,18.26103958627732,-5.73896041372268,-1.9129868045742267,1.1730093287010261
pass1,main29_s026,main29_s026_o160,55,front,1.478,1.4835741579022161,0.005574157902216159,0.11148315804432318,18.5,18.475007846070355,-0.024992153929645156,-0.008330717976548385,True,-30.6,-27.357490283876814,3.2425097161231804,1.0808365720410602,0.6273504047051138
pass1,main29_s026,main29_s026_o161,56,front,2.134,2.1498807884473767,0.015880788447376837,0.31761576894753674,-8.4,-6.368545797603133,2.0314542023968727,0.6771514007989575,True,-51.0,-52.201043927550245,-1.201043927550245,-0.40034797585008164,0.4897932550425002
pass1,main29_s027,main29_s027_o163,31,front,2.158,2.1432294906290883,-0.014770509370911622,-0.29541018741823244,25.3,25.37786875065524,0.07786875065522736,0.018353840543611895,True,27.7,27.035820024168515,-0.6641799758314733,-0.15654872161291733,0.19331454897119896
pass1,main29_s027,main29_s027_o164,32,front,3.185,3.1617901656107716,-0.023209834389228412,-0.46419668778456824,-14.7,-13.18459900994327,1.515400990056719,0.5051336633522396,True,-15.5,-11.52664773643005,3.97335226356995,1.3244507545233166,0.86116362826879
pass1,main29_s027,main29_s027_o165,33,front,3.445,3.481670894370556,0.03667089437055626,0.7334178874111252,-25.7,-28.80867075245328,-3.1086707524532926,-0.7327207231786702,False,,,,,0.7330693881721128
pass1,main29_s028,main29_s028_o169,53,front,2.973,2.9231287396175603,-0.04987126038243961,-0.9974252076487922,10.9,10.599447708219827,-0.3005522917801784,-0.10018409726005946,True,-16.3,-13.085608700345347,3.2143912996546646,1.071463766551555,0.8471380252020907
pass1,main29_s028,main29_s028_o170,54,front,2.631,2.6420358260671897,0.011035826067189891,0.22071652134379782,-8.9,-8.206330684113482,0.6936693158865239,0.23122310529550796,True,54.9,58.108612907321344,3.2086129073213385,1.0695376357737796,0.6444870470777958
pass1,main29_s028,main29_s028_o171,55,front,1.785,1.8008281192707085,0.015828119270708596,0.3165623854141719,-21.6,-23.961425311373432,-2.361425311373438,-0.7871417704578126,True,40.9,42.353518280061394,1.4535182800613882,0.4845060933537961,0.5640774371057955
pass1,main29_s028,main29_s028_o172,32,rear,2.224,2.200036420801869,-0.023963579198131413,-0.47927158396262826,6.9,8.751083969492441,1.8510839694924357,0.6170279898308119,True,-15.6,-14.933972439072704,0.6660275609272901,0.22200918697576336,0.46893953786898745
pass1,main29_s029,main29_s029_o175,50,front,4.468,4.45986752903482,-0.00813247096517955,-0.162649419303591,11.0,11.909170991820474,0.9091709918204742,0.3030569972734914,True,29.5,34.02833597079115,4.528335970791147,1.509445323597049,0.8938164543359783
pass1,main29_s029,main29_s029_o176,51,front,3.85,3.820773363638005,-0.029226636361995073,-0.5845327272399015,-2.2,-0.5476441863513628,1.6523558136486258,0.5507852712162086,True,18.1,21.57152079261931,3.471520792619316,1.157173597539772,0.8132432311525598
pass1,main29_s029,main29_s029_o177,53,front,3.9,3.9555784110872545,0.05557841108725459,1.1115682217450917,-27.9,-33.023053501333095,-5.123053501333089,-1.207515290391371,False,,,,,1.160533732409899
pass1,repeat10_s001,repeat10_s001_o002,37,front,4.401,4.421294842397022,0.020294842397022173,0.40589684794044345,-10.9,-8.320660412802624,2.5793395871973814,0.8597798623991272,True,18.9,21.15656329385604,2.2565632938560327,0.7521877646186775,0.6999428777162444
pass1,repeat10_s001,repeat10_s001_o003,38,front,4.155,4.171552929769228,0.01655292976922773,0.3310585953845546,-21.0,-20.75317297331452,0.24682702668548018,0.08227567556182673,False,,,,,0.2412147180077837
pass1,repeat10_s001,repeat10_s001_o004,39,front,4.113,4.136495812680819,0.02349581268081824,0.4699162536163648,-28.7,-34.05685380380538,-5.356853803805393,-1.2626225501652484,False,,,,,0.9526376513655743
pass1,repeat10_s001,repeat10_s001_o005,45,rear,0.841,0.8945546699183555,0.05355466991835556,1.0710933983671111,-12.4,-12.493025199067233,-0.0930251990672275,-0.02192624969388836,False,,,,,0.7575360811378049
pass1,repeat10_s002,repeat10_s002_o006,45,front,3.819,3.840137006460097,0.021137006460096863,0.42274012920193726,24.9,23.514414303729836,-1.3855856962701694,-0.4618618987567231,False,,,,,0.44273334545798343
pass1,repeat10_s002,repeat10_s002_o007,46,front,3.862,3.8719872393873755,0.009987239387375446,0.19974478774750892,9.2,9.355670340669349,0.15567034066936003,0.05189011355645334,True,-8.9,-8.984004226105185,-0.08400422610517921,-0.028001408701726405,0.12024231507873331
pass1,repeat10_s002,repeat10_s002_o008,47,front,4.121,4.128390709035729,0.007390709035728804,0.14781418071457608,-4.8,-3.781953897008975,1.0180461029910362,0.33934870099701203,True,-22.4,-22.12162846378351,0.2783715362164969,0.09279051207216564,0.22031541935695706
pass1,repeat10_s002,repeat10_s002_o009,48,front,4.527,4.5678133156996354,0.04081331569963531,0.6829373959240096,-15.1,-14.807545050884528,0.29245494911546643,0.0974849830384888,True,-34.4,-33.14721961765906,1.2527803823409442,0.41759346078031473,0.46557888954002274
pass1,repeat10_s002,repeat10_s002_o010,39,rear,1.117,1.1854890875273205,0.06848908752732052,1.3697817505464105,3.3,3.158276874669525,-0.14172312533048625,-0.04724104177682875,True,-15.6,-15.181397692105065,0.418602307894929,0.139534102631643,0.7954042003818702
pass1,repeat10_s003,repeat10_s003_o012,45,front,3.586,3.6031335155257236,0.01713351552572373,0.3426703105144746,20.1,19.953348036904572,-0.1466519630954224,-0.04888398769847413,True,41.3,38.48891221857269,-2.811087781427318,-0.9370292604757727,0.5767253595225271
pass1,repeat10_s003,repeat10_s003_o013,46,front,3.12,3.101905501595689,-0.01809449840431121,-0.3618899680862242,4.9,6.0683757463324355,1.1683757463324298,0.3894585821108099,True,21.5,24.603939928000557,3.103939928000557,1.0346466426668524,0.6715990895772567
pass1,repeat10_s003,repeat10_s003_o014,48,front,2.886,2.8837143059268975,-0.00228569407310264,-0.0457138814620528,-26.3,-30.575876880314695,-4.275876880314684,-1.0078338458630975,False,,,,,0.7133788684231993
pass1,repeat10_s003,repeat10_s003_o015,35,rear,2.649,2.6388635498332915,-0.0101364501667085,-0.15703321074129364,14.8,16.959646029021826,2.1596460290218147,0.5090334506946416,False,,,,,0.37667922905425355
pass1,repeat10_s004,repeat10_s004_o017,42,front,3.072,3.0233707560502925,-0.04862924394970758,-0.9725848789941516,14.2,15.280034691844094,1.080034691844105,0.360011563948035,True,-26.9,-23.13857409612089,3.7614259038791147,1.2538086346263715,0.9394263791073119
pass1,repeat10_s004,repeat10_s004_o018,43,front,3.537,3.545974368721286,0.008974368721286208,0.17948737442572416,-2.4,0.04997276374115245,2.449972763741158,0.8166575879137193,True,-34.1,-38.36863602422383,-4.268636024223838,-1.4228786747412794,0.952842949023044
pass1,repeat10_s004,repeat10_s004_o019,45,front,4.47,4.4853585612961515,0.015358561296151763,0.30717122592303525,-20.3,-20.416847985123923,-0.11684798512391126,-0.038949328374637084,True,30.3,31.164543226911093,0.8645432269110813,0.2881810756370271,0.2442127109517504
pass1,repeat10_s004,repeat10_s004_o020,46,front,4.051,4.075290410213268,0.0242904102132675,0.48580820426535,-27.4,-31.93512552117386,-4.535125521173853,-1.068939336518069,False,,,,,0.8302532494628412
pass1,repeat10_s004,repeat10_s004_o021,35,rear,1.834,1.8211865782244747,-0.012813421775525358,-0.25626843551050715,-0.7,-1.6853327586720752,-0.9853327586720866,-0.3284442528906955,True,51.2,49.89605845336291,-1.303941546637077,-0.434647182212359,0.34759522019204736
pass1,repeat10_s005,repeat10_s005_o024,36,front,3.675,3.6792540298320118,0.004254029832011952,0.08508059664023904,19.8,19.426609000581323,-0.3733909994186888,-0.12446366647289626,False,,,,,0.10660654810220481
pass1,repeat10_s005,repeat10_s005_o025,37,front,4.295,4.3391358572292695,0.044135857229269604,0.8827171445853921,6.6,7.668425675123672,1.0684256751236774,0.35614189170789246,True,-14.9,-18.01951463514706,-3.1195146351470555,-1.0398382117156852,0.813898050724278
pass1,repeat10_s005,repeat10_s005_o026,38,front,4.708,4.726593407296507,0.018593407296506825,0.31112721284108547,-5.3,-3.503144095432731,1.7968559045672805,0.5989519681890935,True,-27.9,-29.19108440570352,-1.291084405703515,-0.4303614685678383,0.46215242665730877
pass1,repeat10_s005,repeat10_s005_o029,41,front,4.547,4.571149662192096,0.024149662192096244,0.4041011402085641,-25.6,-29.19870800636096,-3.5987080063609653,-0.84822361160272,True,40.9,35.11335168336825,-5.786648316631755,-1.3639260883440114,0.9562209300616009
pass1,repeat10_s005,repeat10_s005_o031,49,rear,0.897,0.9672996844055758,0.07029968440557577,1.4059936881115154,-2.5,-3.002386085602666,-0.5023860856026658,-0.16746202853422196,True,-28.0,-28.690326395873456,-0.6903263958734556,-0.2301087986244852,0.8282133061022829
pass1,repeat10_s006,repeat10_s006_o033,36,front,2.677,2.682672492249523,0.005672492249523042,0.11344984499046085,16.3,15.462276694038394,-0.8377233059616174,-0.2792411019872058,True,-11.7,-9.57013420774183,2.1298657922581583,0.7099552640860528,0.44530249545332873
pass1,repeat10_s006,repeat10_s006_o034,37,front,3.399,3.4092353136096527,0.010235313609652685,0.2047062721930537,0.1,1.0260425319677893,0.926042531967795,0.308680843989265,True,-23.5,-24.006368369812435,-0.506368369812435,-0.16878945660414502,0.23500241274068095
pass1,repeat10_s006,repeat10_s006_o035,38,front,3.93,3.9014907510937866,-0.028509248906213536,-0.5701849781242707,-12.8,-12.004951408855504,0.7950485911445071,0.26501619704816903,True,-35.4,-37.03736231063567,-1.637362310635666,-0.5457874368785554,0.48070379661177076
pass1,repeat10_s006,repeat10_s006_o036,39,front,4.527,4.546989414786184,0.01998941478618388,0.3344868861081849,-20.5,-21.73804316590963,-1.2380431659096303,-0.4126810553032101,True,-46.0,-46.7704540676898,-0.7704540676897977,-0.2568180225632659,0.34065751476511186
pass1,repeat10_s006,repeat10_s006_o039,49,rear,1.911,1.9069241357589748,-0.00407586424102524,-0.0815172848205048,11.6,12.278325094531056,0.6783250945310613,0.15988275806397312,False,,,,,0.12690067779694927
pass1,repeat10_s007,repeat10_s007_o041,32,front,3.86,3.8968990798231804,0.036899079823180525,0.7379815964636105,10.2,11.251773193533722,1.0517731935337338,0.3505910645112446,True,34.5,36.35778577819201,1.8577857781920102,0.6192619260640034,0.5918942091023266
pass1,repeat10_s007,repeat10_s007_o042,33,front,3.471,3.4175990472051807,-0.05340095279481938,-1.0680190558963876,-3.9,-1.7810761458299567,2.118923854170049,0.7063079513900163,True,19.8,23.32493643882833,3.5249364388283198,1.1749788129427732,1.0033462075838997
pass1,repeat10_s007,repeat10_s007_o043,34,front,3.166,3.1623321314716613,-0.003667868528338669,-0.07335737056677338,-18.4,-18.036813217846486,0.3631867821535195,0.12106226071783983,False,,,,,0.10009339335486916
pass1,repeat10_s007,repeat10_s007_o044,35,front,3.134,3.189247453376596,0.05524745337659631,1.1049490675319262,-28.9,-35.361710226706265,-6.461710226706259,-1.5230397064554866,False,,,,,1.3305191447851639
pass1,repeat10_s007,repeat10_s007_o046,58,front,4.375,4.3603936254454245,-0.014606374554575474,-0.2921274910915095,28.3,27.693942663398985,-0.606057336601026,-0.14284908416614783,True,-39.2,-37.200044751942755,1.9999552480572333,0.47139397265696453,0.33063404208472047
pass1,repeat10_s008,repeat10_s008_o048,47,front,4.516,4.532066793187385,0.016066793187384576,0.26884887228949367,23.8,22.94026431254474,-0.8597356874552702,-0.28657856248509006,True,29.6,32.303441887353415,2.7034418873534207,0.9011472957844736,0.5675894752685908
pass1,repeat10_s008,repeat10_s008_o049,48,front,4.098,4.106224479610413,0.00822447961041295,0.16448959220825898,11.1,11.747635398975945,0.6476353989759502,0.21587846632531674,True,17.8,21.11081297378462,3.310812973784607,1.103604324594869,0.6561511115163201
pass1,repeat10_s008,repeat10_s008_o050,49,front,3.871,3.868365577338799,-0.0026344226612011745,-0.05268845322402349,-3.2,-1.354529015366552,1.8454709846334367,0.6151569948778123,False,,,,,0.4365742785885587
pass1,repeat10_s008,repeat10_s008_o051,50,front,3.667,3.6654212521670595,-0.0015787478329403193,-0.031574956658806386,-16.6,-15.754821351887472,0.8451786481125225,0.2817262160375075,False,,,,,0.20045777446985918
pass1,repeat10_s008,repeat10_s008_o052,51,front,3.766,3.8071790431109145,0.04117904311091447,0.8235808622182894,-27.5,-32.55076642400013,-5.05076642400013,-1.1904770628666073,False,,,,,1.0236017472200125
pass1,repeat10_s008,repeat10_s008_o053,34,rear,1.172,1.2115517365368507,0.039551736536850735,0.7910347307370147,11.4,11.3695013740886,-0.030498625911405952,-0.007188595066275633,False,,,,,0.5593691183517411
pass1,repeat10_s009,repeat10_s009_o054,31,front,4.159,4.147270788096778,-0.011729211903221959,-0.23458423806443918,-19.9,-20.913688166936026,-1.0136881669360207,-0.33789605564534025,True,41.6,43.899107234167104,2.29910723416711,0.7663690780557033,0.5021703140598487
pass1,repeat10_s009,repeat10_s009_o056,55,front,3.32,3.299063009007101,-0.020936990992898696,-0.4187398198579739,12.9,12.592595146772027,-0.30740485322797895,-0.10246828440932632,True,-15.1,-12.594609452124814,2.50539054787518,0.83513018262506,0.5426125714159368
pass1,repeat10_s009,repeat10_s009_o057,56,front,3.646,3.658045233559131,0.01204523355913123,0.2409046711826246,-4.2,-3.1506800974380837,1.0493199025619049,0.3497733008539683,True,-23.2,-28.337884696334868,-5.137884696334879,-1.7126282321116264,1.0187364533273042
pass1,repeat10_s009,repeat10_s009_o058,57,front,4.216,4.23513183532577,0.01913183532577012,0.3826367065154024,-15.6,-15.328227308393167,0.27177269160682727,0.09059089720227576,True,-42.7,-40.51543190729001,2.1845680927099806,0.7281893642366603,0.4777995779320931
pass1,repeat10_s010,repeat10_s010_o060,50,front,4.424,4.463224728070055,0.03922472807005484,0.7844945614010967,8.9,9.71846137958687,0.8184613795868643,0.2728204598622881,True,34.7,35.32657905791149,0.6265790579114991,0.20885968597049973,0.4944643865204265
pass1,repeat10_s010,repeat10_s010_o061,51,front,3.803,3.8024151536154993,-0.0005848463845006258,-0.011696927690012515,-4.2,-2.541379282542721,1.6586207174572678,0.552873572485756,True,16.0,23.066738395781897,7.066738395781897,2.3555794652606323,1.3969682199234306
pass1,repeat10_s010,repeat10_s010_o062,52,front,3.646,3.670253898698817,0.024253898698817,0.48507797397634,-19.0,-18.804575461184186,0.19542453881581423,0.06514151293860475,False,,,,,0.3460809569630502
pass1,repeat10_s010,repeat10_s010_o063,53,front,3.872,3.8864132067777377,0.01441320677773783,0.2882641355547566,-28.9,-35.433516536363015,-6.53351653636301,-1.539964615952243,False,,,,,1.1078328461983944
pass1,repeat10_s010,repeat10_s010_o064,58,rear,0.739,0.8081141426526731,0.06911414265267313,1.3822828530534625,10.8,11.630096848933476,0.830096848933465,0.19565570364081275,False,,,,,0.9871643835280935
