sample_uid,observation_uid,tag_id,camera_role,pass1_estimated_x_m,pass1_estimated_y_m,pass1_estimated_heading_deg,measured_distance_m,predicted_distance_m,distance_residual_m_signed,distance_residual_sigma_signed,distance_residual_sigma_abs,measured_angle_deg,predicted_angle_deg,angle_residual_deg_signed,angle_residual_sigma_signed,angle_residual_sigma_abs,gt_distance_error_m,gt_angle_error_deg,gt_yaw_error_deg,measured_yaw_deg
main29_s004,main29_s004_o022,47,front,1.9339773752528007,4.013788258905508,288.78697281274094,4.306,4.189809308734728,-0.11619069126527215,-2.323813825305443,2.323813825305443,-5.5,-4.038150182559775,1.4618498174402248,0.4872832724800749,0.4872832724800749,0.154,-3.5,38.2,16.1
repeat10_s005,repeat10_s005_o028,40,front,4.931960886954405,1.0372665166132353,115.53769842849279,5.048,5.179512325835903,0.131512325835903,2.2006221204684917,2.2006221204684917,-19.8,-20.18306655592835,-0.3830665559283375,-0.1276888519761125,0.1276888519761125,-0.206,1.2,-2.8,41.2
main29_s012,main29_s012_o075,40,front,4.960526216168129,0.9799896625281879,116.63089807192785,5.113,5.239645486255143,0.12664548625514271,2.119184317812972,2.119184317812972,-19.0,-18.848721868602127,0.1512781313978735,0.050426043799291165,0.050426043799291165,-0.142,1.9,-1.3,42.7
repeat10_s005,repeat10_s005_o031,49,rear,4.931960886954405,1.0372665166132353,115.53769842849279,0.897,1.0009586401177129,0.10395864011771283,2.0791728023542566,2.0791728023542566,-2.5,-4.147318372321024,-1.647318372321024,-0.549106124107008,0.549106124107008,-0.039,-0.3,-0.8,-28.0
main29_s004,main29_s004_o023,48,front,1.9339773752528007,4.013788258905508,288.78697281274094,4.522,4.637788850376324,0.11578885037632336,1.937518052564096,1.937518052564096,-15.6,-14.839680349396986,0.7603196506030088,0.2534398835343363,0.2534398835343363,-0.068,-2.6,-2.2,-35.2
repeat10_s006,repeat10_s006_o037,40,front,4.924392094801086,2.0081467535196103,114.60959175065123,4.465,4.549312279459293,0.08431227945929276,1.6862455891858552,1.6862455891858552,-25.9,-29.84321071258023,-3.9432107125802247,-0.9294236781709717,0.9294236781709717,-0.15,4.0,-77.8,-42.7
main29_s001,main29_s001_o004,38,front,2.012496119636617,1.0195541093616312,59.772944436097625,4.09,4.167446867471515,0.07744686747151519,1.5489373494303038,1.5489373494303038,-21.9,-22.03515586471977,-0.13515586471976349,-0.04505195490658783,0.04505195490658783,-0.099,-0.2,8.1,16.4
main29_s001,main29_s001_o006,45,rear,2.012496119636617,1.0195541093616312,59.772944436097625,0.833,0.9054528273718507,0.07245282737185077,1.4490565474370154,1.4490565474370154,-9.3,-10.962329802676095,-1.6623298026760835,-0.5541099342253611,0.5541099342253611,-0.05,1.8,-7.6,11.3
main29_s012,main29_s012_o078,49,rear,4.960526216168129,0.9799896625281879,116.63089807192785,0.868,0.9369648199254257,0.06896481992542569,1.3792963985085138,1.3792963985085138,-2.8,-3.1838010227822906,-0.38380102278227923,-0.12793367426075974,0.12793367426075974,-0.067,-0.6,-1.8,-29.1
repeat10_s002,repeat10_s002_o010,39,rear,2.004288978393428,3.976850621989622,288.34857141089714,1.117,1.1851376718578635,0.06813767185786346,1.3627534371572692,1.3627534371572692,3.3,3.20122191516694,-0.09877808483307149,-0.0329260282776905,0.0329260282776905,-0.045,-1.6,-0.5,-15.6
main29_s022,main29_s022_o141,51,rear,8.023291241141365,1.0229822690929415,40.06169889141635,0.654,0.7173164971412509,0.06331649714125087,1.2663299428250174,1.2663299428250174,-9.1,-9.224717843965664,-0.12471784396566932,-0.041572614655223106,0.041572614655223106,-0.031,0.4,-3.3,37.1
repeat10_s006,repeat10_s006_o035,38,front,4.924392094801086,2.0081467535196103,114.60959175065123,3.93,3.8681407993343733,-0.06185920066562689,-1.2371840133125378,1.2371840133125378,-12.8,-11.277928162213186,1.5220718377868252,0.507357279262275,0.507357279262275,0.01,-1.1,1.4,-35.4
main29_s017,main29_s017_o112,51,front,6.092886903515829,4.000823099971043,261.5240984759327,3.727,3.7888513567500803,0.061851356750080466,1.2370271350016093,1.2370271350016093,-26.4,-30.37630032141658,-3.9763003214165735,-0.9372229737693026,0.9372229737693026,-0.097,6.9,-12.3,-35.5
main29_s013,main29_s013_o084,40,front,4.886582267306994,1.958184639452872,115.13396871044469,4.486,4.547784328276993,0.06178432827699343,1.2356865655398686,1.2356865655398686,-25.2,-28.52420863667774,-3.324208636677753,-0.7835234896912424,0.7835234896912424,-0.129,4.8,-76.6,-41.5
repeat10_s010,repeat10_s010_o064,58,rear,9.03376684598997,3.97189022827876,244.34233154704305,0.739,0.8006374849380132,0.06163748493801324,1.2327496987602649,1.2327496987602649,10.8,10.003011717517552,-0.7969882824824595,-0.1878519396898556,0.1878519396898556,-0.059,-3.1,-5.6,-56.7
main29_s012,main29_s012_o073,37,front,4.960526216168129,0.9799896625281879,116.63089807192785,4.433,4.372854954347926,-0.06014504565207357,-1.2029009130414714,1.2029009130414714,7.6,8.801835543234688,1.2018355432346937,0.4006118477448979,0.4006118477448979,0.067,1.0,3.3,-15.1
main29_s029,main29_s029_o175,50,front,9.06981464455596,4.016759168985723,246.21582954942085,4.468,4.52811160863694,0.060111608636939984,1.2022321727387997,1.2022321727387997,11.0,11.889249468705884,0.8892494687058843,0.2964164895686281,0.2964164895686281,-0.006,1.0,-5.6,29.5
main29_s015,main29_s015_o100,35,rear,5.018093128283976,3.9672444107794367,245.55706065840047,1.182,1.2383766399918488,0.05637663999184883,1.1275327998369766,1.1275327998369766,-2.9,-3.4886072705012907,-0.588607270501285,-0.19620242350042835,0.19620242350042835,-0.032,-0.2,-2.4,19.9
main29_s008,main29_s008_o052,48,rear,3.962571965668051,0.9680107637358554,116.84483818358393,0.901,0.9570085683711598,0.05600856837115975,1.120171367423195,1.120171367423195,-5.9,-6.322051181149845,-0.42205118114983975,-0.14068372704994658,0.14068372704994658,-0.064,-0.4,-3.0,-33.4
main29_s013,main29_s013_o083,39,front,4.886582267306994,1.958184639452872,115.13396871044469,4.574,4.508689587678976,-0.06531041232102375,-1.0928522261091829,1.0928522261091829,-19.5,-19.939704694457134,-0.43970469445713434,-0.14656823148571144,0.14656823148571144,0.013,1.9,0.9,-45.5
repeat10_s007,repeat10_s007_o042,33,front,5.999390511338628,2.020262861701569,64.27765498267784,3.471,3.417517696592976,-0.0534823034070242,-1.069646068140484,1.069646068140484,-3.9,-1.7276809601350749,2.172319039864931,0.7241063466216436,0.7241063466216436,0.035,-2.7,-4.0,19.8
repeat10_s001,repeat10_s001_o005,45,rear,1.9652637672098614,1.0227527964679202,60.53334364417625,0.841,0.893822728407814,0.05282272840781399,1.0564545681562798,1.0564545681562798,-12.4,-13.066203088721636,-0.6662030887216304,-0.1570255738941627,0.1570255738941627,-0.041,-1.3,-10.8,8.1
main29_s020,main29_s020_o127,50,front,7.00500866217152,2.9765963311815775,250.80651952272933,2.751,2.699677255047456,-0.051322744952543964,-1.0264548990508793,1.0264548990508793,-8.3,-6.7888991149959566,1.5111008850040548,0.5037002950013516,0.5037002950013516,0.029,-0.5,-1.7,10.5
main29_s012,main29_s012_o072,36,front,4.960526216168129,0.9799896625281879,116.63089807192785,3.664,3.715211274999135,0.051211274999134915,1.0242254999826983,1.0242254999826983,20.6,20.483134043552468,-0.11686595644752629,-0.0389553188158421,0.0389553188158421,-0.035,2.4,-13.1,-20.0
repeat10_s005,repeat10_s005_o027,39,front,4.931960886954405,1.0372665166132353,115.53769842849279,5.167,5.227971963644848,0.060971963644847804,1.020256094418661,1.020256094418661,-13.9,-12.72129376519382,1.1787062348061852,0.3929020782687284,0.3929020782687284,-0.132,-0.3,-2.4,-40.9
main29_s004,main29_s004_o020,45,front,1.9339773752528007,4.013788258905508,288.78697281274094,3.823,3.871546847686388,0.04854684768638817,0.9709369537277635,0.9709369537277635,24.0,22.870421304333604,-1.129578695666396,-0.3765262318887987,0.3765262318887987,-0.04,-1.1,10.3,15.4
main29_s022,main29_s022_o137,31,front,8.023291241141365,1.0229822690929415,40.06169889141635,3.462,3.510160800318048,0.04816080031804759,0.9632160063609518,0.9632160063609518,-17.0,-16.960800721162457,0.03919927883754326,0.013066426279181087,0.013066426279181087,-0.08,-0.1,-1.2,31.8
main29_s001,main29_s001_o005,39,front,2.012496119636617,1.0195541093616312,59.772944436097625,4.094,4.14141208388734,0.04741208388733931,0.9482416777467861,0.9482416777467861,-29.3,-35.34145593604714,-6.041455936047129,-1.4239848202062155,1.4239848202062155,-0.065,5.6,32.7,27.8
main29_s020,main29_s020_o125,48,front,7.00500866217152,2.9765963311815775,250.80651952272933,3.703,3.750252814347229,0.047252814347229055,0.9450562869445811,0.9450562869445811,22.8,21.939037983982075,-0.8609620160179361,-0.28698733867264536,0.28698733867264536,-0.061,2.0,-2.3,38.5
main29_s021,main29_s021_o136,34,rear,7.0416569039701535,4.0197547018025785,297.04689302688865,1.192,1.238545919908794,0.04654591990879409,0.9309183981758817,0.9309183981758817,0.6,0.24065297577018896,-0.35934702422980536,-0.11978234140993511,0.11978234140993511,-0.046,0.4,-2.1,-26.9
repeat10_s010,repeat10_s010_o060,50,front,9.03376684598997,3.97189022827876,244.34233154704305,4.424,4.470301334663795,0.046301334663795046,0.9260266932759009,0.9260266932759009,8.9,9.953163543546907,1.0531635435469013,0.3510545145156338,0.3510545145156338,-0.05,-1.1,-69.8,-34.7
main29_s023,main29_s023_o146,52,rear,7.9766241059380825,2.0252027475790797,110.69116574735558,1.712,1.7582373340517057,0.046237334051705714,0.9247466810341143,0.9247466810341143,2.2,2.4665623180939065,0.26656231809391784,0.08885410603130595,0.08885410603130595,-0.015,0.0,-2.3,-20.0
repeat10_s007,repeat10_s007_o041,32,front,5.999390511338628,2.020262861701569,64.27765498267784,3.86,3.905795243741289,0.04579524374128896,0.9159048748257792,0.9159048748257792,10.2,11.207386384181007,1.007386384181018,0.33579546139367267,0.33579546139367267,-0.062,-1.5,-2.3,34.5
main29_s008,main29_s008_o049,39,front,3.962571965668051,0.9680107637358554,116.84483818358393,4.696,4.750580610645523,0.05458061064552311,0.9133083030185881,0.9133083030185881,-3.3,-1.6545323792832676,1.6454676207167438,0.5484892069055812,0.5484892069055812,-0.044,0.8,53.6,24.5
main29_s029,main29_s029_o174,49,front,9.06981464455596,4.016759168985723,246.21582954942085,5.329,5.274504476655074,-0.0544955233449258,-0.911884520155079,0.911884520155079,19.1,19.07385273803152,-0.026147261968475277,-0.008715753989491759,0.008715753989491759,0.115,1.7,-2.6,39.8
main29_s003,main29_s003_o017,47,front,2.0020268139917077,2.9860819632432825,262.84883361272597,3.199,3.24339363454904,0.04439363454904033,0.8878726909808066,0.8878726909808066,-29.8,-36.34102996285844,-6.541029962858431,-1.5417355475605294,1.5417355475605294,-0.056,4.3,67.5,38.4
repeat10_s004,repeat10_s004_o017,42,front,4.050997383737547,3.9603327949318197,218.3339307956741,3.072,3.0285909281351198,-0.0434090718648803,-0.868181437297606,0.868181437297606,14.2,15.48070318021746,1.280703180217472,0.4269010600724907,0.4269010600724907,0.074,-1.9,-3.0,-26.9
main29_s008,main29_s008_o050,41,front,3.962571965668051,0.9680107637358554,116.84483818358393,3.788,3.8296776583680567,0.041677658368056925,0.8335531673611385,0.8335531673611385,-18.9,-18.787999484047447,0.112000515952559,0.037333505317519666,0.037333505317519666,-0.047,2.5,-3.9,39.7
main29_s007,main29_s007_o046,38,rear,2.9323591411413403,4.0084615377368005,276.6096172055182,1.105,1.1462566555233067,0.04125665552330671,0.8251331104661341,0.8251331104661341,-10.4,-8.031201268282587,2.368798731717419,0.5583312154878268,0.5583312154878268,-0.068,-2.9,3.4,-14.2
main29_s004,main29_s004_o025,39,rear,1.9339773752528007,4.013788258905508,288.78697281274094,1.094,1.1326717411582268,0.03867174115822669,0.7734348231645338,0.7734348231645338,7.0,6.614816439112019,-0.385183560887981,-0.12839452029599366,0.12839452029599366,-0.068,2.1,-1.3,-16.4
main29_s021,main29_s021_o134,55,front,7.0416569039701535,4.0197547018025785,297.04689302688865,3.91,3.948077773261389,0.03807777326138906,0.7615554652277812,0.7615554652277812,-25.4,-28.44335222119662,-3.0433522211966135,-0.7173249977157558,0.7173249977157558,-0.063,5.7,2.7,36.6
main29_s009,main29_s009_o058,47,rear,3.9576063176772878,2.0124970587620283,65.71556089813157,1.839,1.8770085485723738,0.03800854857237379,0.7601709714474758,0.7601709714474758,-14.2,-13.54518624842217,0.6548137515778194,0.1543410813849598,0.1543410813849598,-0.034,-1.3,-14.4,-2.3
main29_s002,main29_s002_o010,39,front,2.0273005543499134,2.014521233753247,70.80143271452341,3.11,3.1478803885741793,0.03788038857417941,0.7576077714835883,0.7576077714835883,-24.2,-26.02909542712632,-1.829095427126333,-0.6096984757087777,0.6096984757087777,-0.049,2.1,24.2,17.9
main29_s017,main29_s017_o110,49,front,6.092886903515829,4.000823099971043,261.5240984759327,3.934,3.896835450665736,-0.03716454933426405,-0.743290986685281,0.743290986685281,-1.2,0.7501590869478605,1.9501590869478491,0.6500530289826164,0.6500530289826164,0.052,0.9,-10.0,-2.2
main29_s029,main29_s029_o178,58,rear,9.06981464455596,4.016759168985723,246.21582954942085,0.707,0.7436326557150214,0.03663265571502139,0.7326531143004278,0.7326531143004278,12.9,11.82082992649083,-1.0791700735091752,-0.25436282567730756,0.25436282567730756,-0.091,-1.0,-4.8,-55.9
repeat10_s008,repeat10_s008_o053,34,rear,6.027791298254658,3.981003207998052,260.4986423307292,1.172,1.2082913582621189,0.03629135826211893,0.7258271652423787,0.7258271652423787,11.4,10.275172374441752,-1.1248276255582539,-0.2651244138994014,0.2651244138994014,-0.028,0.1,-3.2,18.1
main29_s020,main29_s020_o126,49,front,7.00500866217152,2.9765963311815775,250.80651952272933,3.247,3.2109459021516282,-0.03605409784837166,-0.7210819569674332,0.7210819569674332,8.6,9.200906778682906,0.6009067786829121,0.2003022595609707,0.2003022595609707,0.018,0.5,-57.8,-29.7
main29_s009,main29_s009_o056,37,front,3.9576063176772878,2.0124970587620283,65.71556089813157,3.117,3.1527474295352027,0.03574742953520271,0.7149485907040543,0.7149485907040543,-26.7,-31.26617974326018,-4.566179743260193,-1.0762588868586438,1.0762588868586438,-0.054,6.1,31.4,23.6
main29_s028,main29_s028_o172,32,rear,9.02070612718316,3.0247724007909293,293.06609646504353,2.224,2.1882830802837336,-0.03571691971626656,-0.7143383943253312,0.7143383943253312,6.9,6.571129268291543,-0.3288707317084629,-0.1096235772361543,0.1096235772361543,0.018,-2.4,0.1,-15.6
main29_s028,main29_s028_o169,53,front,9.02070612718316,3.0247724007909293,293.06609646504353,2.973,2.937927991264327,-0.035072008735673066,-0.7014401747134613,0.7014401747134613,10.9,11.10764971515323,0.20764971515322372,0.06921657171774125,0.06921657171774125,0.054,-1.7,-3.8,-16.3
main29_s001,main29_s001_o003,37,front,2.012496119636617,1.0195541093616312,59.772944436097625,4.444,4.408930793041348,-0.03506920695865201,-0.7013841391730402,0.7013841391730402,-12.1,-9.549709068487033,2.5502909315129614,0.8500969771709871,0.8500969771709871,0.012,-2.8,-44.5,-23.8
repeat10_s002,repeat10_s002_o009,48,front,2.004288978393428,3.976850621989622,288.34857141089714,4.527,4.568359902567355,0.041359902567355,0.6920835435890003,0.6920835435890003,-15.1,-14.80544536194293,0.2945546380570647,0.09818487935235491,0.09818487935235491,-0.063,-2.1,-1.4,-34.4
main29_s014,main29_s014_o090,47,front,5.019313878000849,2.9796579852478153,245.62937118706427,3.2,3.165710071565809,-0.0342899284341911,-0.6857985686838219,0.6857985686838219,0.8,2.2727638663433254,1.472763866343314,0.4909212887811047,0.4909212887811047,0.024,-0.3,-6.5,19.7
main29_s014,main29_s014_o093,34,rear,5.019313878000849,2.9796579852478153,245.62937118706427,2.604,2.55994364768757,-0.044056352312430214,-0.6825180752027554,0.6825180752027554,9.0,8.74935968645724,-0.2506403135427604,-0.08354677118092013,0.08354677118092013,0.05,0.3,-1.3,32.4
main29_s011,main29_s011_o068,46,front,4.0348269179096565,3.9255296248728273,220.11959351968136,3.995,4.02865903174271,0.0336590317427099,0.673180634854198,0.673180634854198,-26.2,-30.063645693189187,-3.8636456931891985,-0.9106700232520938,0.9106700232520938,-0.093,4.8,10.4,29.4
main29_s007,main29_s007_o041,45,front,2.9323591411413403,4.0084615377368005,276.6096172055182,4.022,4.055412305451592,0.03341230545159135,0.668246109031827,0.668246109031827,26.0,24.750777368024615,-1.2492226319753854,-0.294444598093834,0.294444598093834,-0.048,-3.2,3.3,22.5
main29_s015,main29_s015_o096,46,front,5.018093128283976,3.9672444107794367,245.55706065840047,4.459,4.4921961432546285,0.03319614325462883,0.6639228650925766,0.6639228650925766,6.4,7.3742614403817015,0.9742614403816958,0.32475381346056525,0.32475381346056525,-0.052,0.0,-2.6,28.8
repeat10_s007,repeat10_s007_o044,35,front,5.999390511338628,2.020262861701569,64.27765498267784,3.134,3.167063514161366,0.033063514161366214,0.6612702832273243,0.6612702832273243,-28.9,-35.37911643917522,-6.479116439175215,-1.5271423900793442,1.5271423900793442,-0.053,5.7,-22.7,-32.3
main29_s004,main29_s004_o024,49,front,1.9339773752528007,4.013788258905508,288.78697281274094,5.179,5.217385162961391,0.03838516296139094,0.6423066292358431,0.6423066292358431,-22.2,-23.46767458592717,-1.2676745859271819,-0.42255819530906064,0.42255819530906064,0.016,-0.4,-2.1,-43.9
main29_s021,main29_s021_o132,51,front,7.0416569039701535,4.0197547018025785,297.04689302688865,3.534,3.565952721043291,0.03195272104329128,0.6390544208658255,0.6390544208658255,20.3,20.09944961567203,-0.20055038432798256,-0.06685012810932751,0.06685012810932751,-0.018,3.0,19.0,11.3
main29_s011,main29_s011_o067,45,front,4.0348269179096565,3.9255296248728273,220.11959351968136,4.412,4.442092526217332,0.030092526217331717,0.6018505243466343,0.6018505243466343,-18.7,-18.444202073316546,0.25579792668344226,0.08526597556114741,0.08526597556114741,-0.076,0.7,0.0,30.6
main29_s011,main29_s011_o066,43,front,4.0348269179096565,3.9255296248728273,220.11959351968136,3.543,3.51293037373399,-0.030069626266010285,-0.6013925253202057,0.6013925253202057,-0.1,2.319828103828513,2.4198281038285074,0.8066093679428358,0.8066093679428358,0.011,-1.0,-0.0,-39.1
repeat10_s008,repeat10_s008_o052,51,front,6.027791298254658,3.981003207998052,260.4986423307292,3.766,3.795867993208135,0.029867993208135157,0.5973598641627031,0.5973598641627031,-27.5,-32.4378118241745,-4.937811824174503,-1.1638534083656358,1.1638534083656358,-0.059,5.7,56.6,33.4
main29_s010,main29_s010_o061,46,front,3.944856023416039,2.9803154446111586,254.62262169855254,3.143,3.1132063133093872,-0.029793686690612553,-0.5958737338122511,0.5958737338122511,7.6,9.370539130395741,1.770539130395747,0.5901797101319156,0.5901797101319156,-0.011,2.2,-5.2,20.2
main29_s013,main29_s013_o080,36,front,4.886582267306994,1.958184639452872,115.13396871044469,2.764,2.7344320516759844,-0.029567948324015436,-0.5913589664803087,0.5913589664803087,17.8,18.303282021997063,0.5032820219970517,0.16776067399901726,0.16776067399901726,0.055,2.1,3.6,-5.7
main29_s002,main29_s002_o011,44,rear,2.0273005543499134,2.014521233753247,70.80143271452341,1.434,1.4634518460003607,0.02945184600036077,0.5890369200072154,0.5890369200072154,15.0,13.270114318110586,-1.7298856818894137,-0.4077379654471731,0.4077379654471731,-0.003,3.2,-3.0,-61.2
main29_s015,main29_s015_o099,49,front,5.018093128283976,3.9672444107794367,245.55706065840047,3.817,3.845351727505159,0.02835172750515902,0.5670345501031804,0.5670345501031804,-26.8,-31.383415754798932,-4.583415754798921,-1.080321453738525,1.080321453738525,-0.064,5.4,-21.0,-28.1
main29_s010,main29_s010_o060,45,front,3.944856023416039,2.9803154446111586,254.62262169855254,3.588,3.6159752076002656,0.027975207600265506,0.5595041520053101,0.5595041520053101,22.7,23.188937313367887,0.4889373133678987,0.16297910445596622,0.16297910445596622,-0.076,3.8,-81.2,-42.2
main29_s011,main29_s011_o069,35,rear,4.0348269179096565,3.9255296248728273,220.11959351968136,1.828,1.8556309215525988,0.02763092155259872,0.5526184310519744,0.5526184310519744,0.8,-0.9106092128858165,-1.710609212885828,-0.5702030709619427,0.5702030709619427,-0.006,-0.6,-0.9,50.5
main29_s018,main29_s018_o118,57,front,6.98677859248358,1.1275170327157895,25.007843910354325,4.225,4.197619326591087,-0.027380673408912592,-0.5476134681782518,0.5476134681782518,-13.8,-13.529710915600901,0.2702890843991099,0.09009636146636997,0.09009636146636997,-0.043,1.2,0.6,-39.4
main29_s017,main29_s017_o113,34,rear,6.092886903515829,4.000823099971043,261.5240984759327,1.142,1.1690789603967224,0.02707896039672253,0.5415792079344506,0.5415792079344506,12.2,8.690883847753298,-3.5091161522466905,-0.82710660907496,0.82710660907496,-0.058,0.9,-4.0,17.3
main29_s006,main29_s006_o036,48,front,3.0121432963509953,2.9848904147390027,263.5999660496898,3.183,3.2097317803775436,0.026731780377543757,0.5346356075508751,0.5346356075508751,-28.7,-34.54386829823591,-5.843868298235918,-1.3774129673479025,1.3774129673479025,-0.045,4.5,-10.2,-38.4
main29_s007,main29_s007_o044,48,front,2.9323591411413403,4.0084615377368005,276.6096172055182,4.139,4.165636214548192,0.02663621454819154,0.5327242909638308,0.5327242909638308,-16.2,-15.699805706604138,0.5001942933958503,0.1667314311319501,0.1667314311319501,0.007,-4.8,43.0,21.6
main29_s027,main29_s027_o164,32,front,8.959278439292499,2.0339996583168083,87.59653877919706,3.185,3.1589371802481785,-0.026062819751821564,-0.5212563950364313,0.5212563950364313,-14.7,-13.197166996289809,1.5028330037101796,0.5009443345700598,0.5009443345700598,-0.016,1.7,-4.1,-15.5
main29_s018,main29_s018_o114,31,front,6.98677859248358,1.1275170327157895,25.007843910354325,4.071,4.095750140509762,0.024750140509762097,0.49500281019524195,0.49500281019524195,-18.4,-19.130099759128427,-0.7300997591284215,-0.2433665863761405,0.2433665863761405,-0.105,2.1,-2.0,42.4
main29_s020,main29_s020_o130,33,rear,7.00500866217152,2.9765963311815775,250.80651952272933,2.203,2.178563069524571,-0.02443693047542883,-0.4887386095085766,0.4887386095085766,-10.6,-9.059099984691017,1.5409000153089778,0.36319361665181105,0.36319361665181105,0.046,-0.9,-12.7,-2.3
main29_s003,main29_s003_o013,43,front,2.0020268139917077,2.9860819632432825,262.84883361272597,1.45,1.425628902117691,-0.024371097882308845,-0.4874219576461769,0.4874219576461769,25.3,25.931624474940918,0.6316244749409066,0.14887531646470253,0.14887531646470253,0.013,-2.5,-1.0,-58.2
main29_s005,main29_s005_o028,37,front,2.9774791256760165,2.0265755701671155,65.64996675649122,3.196,3.171974584121281,-0.02402541587871898,-0.4805083175743796,0.4805083175743796,-14.5,-13.50451643521302,0.99548356478698,0.3318278549289933,0.3318278549289933,0.002,0.1,-24.5,-14.1
main29_s013,main29_s013_o082,38,front,4.886582267306994,1.958184639452872,115.13396871044469,3.863,3.886827968915823,0.02382796891582295,0.476559378316459,0.476559378316459,-11.5,-9.862951238396533,1.6370487616034666,0.5456829205344889,0.5456829205344889,-0.056,0.2,0.2,-36.5
main29_s027,main29_s027_o165,33,front,8.959278439292499,2.0339996583168083,87.59653877919706,3.445,3.4680003813971814,0.023000381397181524,0.4600076279436305,0.4600076279436305,-25.7,-28.92507602629786,-3.22507602629787,-0.7601577093457962,0.7601577093457962,-0.073,6.2,-7.7,-34.6
main29_s023,main29_s023_o142,32,front,7.9766241059380825,2.0252027475790797,110.69116574735558,3.12,3.1425761355481576,0.022576135548157517,0.45152271096315033,0.45152271096315033,30.0,28.239359405384278,-1.7606405946157224,-0.41498696789503087,0.41498696789503087,-0.044,3.0,-30.6,-23.6
repeat10_s006,repeat10_s006_o036,39,front,4.924392094801086,2.0081467535196103,114.60959175065123,4.527,4.500784894929576,-0.026215105070424016,-0.4386626100762907,0.4386626100762907,-20.5,-21.260348301222677,-0.7603483012226775,-0.2534494337408925,0.2534494337408925,-0.034,0.9,0.4,-46.0
main29_s006,main29_s006_o035,47,front,3.0121432963509953,2.9848904147390027,263.5999660496898,2.909,2.887255898853478,-0.02174410114652181,-0.4348820229304362,0.4348820229304362,-18.3,-17.8061112994867,0.4938887005133097,0.1646295668377699,0.1646295668377699,0.005,-1.8,27.8,16.3
repeat10_s001,repeat10_s001_o002,37,front,1.9652637672098614,1.0227527964679202,60.53334364417625,4.401,4.422739453399367,0.021739453399367115,0.4347890679873423,0.4347890679873423,-10.9,-8.192860747071279,2.7071392529287266,0.9023797509762422,0.9023797509762422,-0.031,-1.7,-1.8,18.9
repeat10_s002,repeat10_s002_o006,45,front,2.004288978393428,3.976850621989622,288.34857141089714,3.819,3.840229819254335,0.02122981925433498,0.4245963850866996,0.4245963850866996,24.9,23.511910957193322,-1.3880890428066834,-0.46269634760222783,0.46269634760222783,-0.045,-0.2,9.8,14.9
repeat10_s001,repeat10_s001_o004,39,front,1.9652637672098614,1.0227527964679202,60.53334364417625,4.113,4.13386862789866,0.020868627898659398,0.41737255797318795,0.41737255797318795,-28.7,-33.92466519091687,-5.22466519091688,-1.231465395308878,1.231465395308878,-0.047,6.3,31.9,27.0
main29_s019,main29_s019_o124,50,rear,6.988147500553573,2.032151245110906,60.64322114837179,1.744,1.7648396657884522,0.0208396657884522,0.416793315769044,0.416793315769044,-12.5,-11.390448273288257,1.109551726711743,0.26152385001170547,0.26152385001170547,0.006,-1.1,-17.2,1.4
repeat10_s005,repeat10_s005_o024,36,front,4.931960886954405,1.0372665166132353,115.53769842849279,3.675,3.654908810586489,-0.020091189413510957,-0.40182378827021914,0.40182378827021914,19.8,19.723539461908786,-0.07646053809122577,-0.02548684603040859,0.02548684603040859,-0.024,1.6,17.0,10.2
repeat10_s003,repeat10_s003_o012,45,front,3.9426636641110053,2.970720782646265,251.3957625882313,3.586,3.6059678641221105,0.0199678641221106,0.399357282442212,0.399357282442212,20.1,19.984119317257182,-0.11588068274281227,-0.03862689424760409,0.03862689424760409,-0.078,1.1,-80.3,-41.3
repeat10_s010,repeat10_s010_o062,52,front,9.03376684598997,3.97189022827876,244.34233154704305,3.646,3.665904251539158,0.019904251539158313,0.39808503078316626,0.39808503078316626,-19.0,-18.49716753765722,0.5028324623427807,0.1676108207809269,0.1676108207809269,-0.044,-0.6,5.1,11.7
main29_s012,main29_s012_o076,41,front,4.960526216168129,0.9799896625281879,116.63089807192785,4.613,4.589496379242602,-0.023503620757398203,-0.3932907993306326,0.3932907993306326,-25.0,-27.858197857309307,-2.8581978573093068,-0.9527326191031023,0.9527326191031023,0.002,5.0,1.2,36.2
repeat10_s008,repeat10_s008_o048,47,front,6.027791298254658,3.981003207998052,260.4986423307292,4.516,4.539386966010994,0.023386966010994215,0.3913387920661988,0.3913387920661988,23.8,23.039082021485683,-0.7609179785143283,-0.25363932617144275,0.25363932617144275,-0.024,1.6,-2.5,29.6
main29_s024,main29_s024_o148,50,front,8.02618261474539,2.9820732733402506,250.06600484078615,3.07,3.0892541316494873,0.019254131649487416,0.3850826329897483,0.3850826329897483,11.0,11.268476278639355,0.26847627863935486,0.08949209287978495,0.08949209287978495,-0.022,0.4,-4.9,25.7
main29_s005,main29_s005_o029,38,front,2.9774791256760165,2.0265755701671155,65.64996675649122,3.118,3.136761158443091,0.01876115844309112,0.3752231688618224,0.3752231688618224,-26.6,-31.05348982178998,-4.4534898217899865,-1.049697617644323,1.049697617644323,-0.049,5.4,31.4,24.4
main29_s019,main29_s019_o123,49,rear,6.988147500553573,2.032151245110906,60.64322114837179,2.408,2.389369814803229,-0.018630185196770732,-0.37260370393541464,0.37260370393541464,9.3,9.26470077216095,-0.03529922783906159,-0.011766409279687196,0.011766409279687196,0.037,0.0,-1.6,37.7
repeat10_s009,repeat10_s009_o054,31,front,7.0347705780750305,1.0162459414043399,24.758698512846934,4.159,4.140430722845712,-0.018569277154288244,-0.3713855430857649,0.3713855430857649,-19.9,-20.950099567663074,-1.050099567663068,-0.35003318922102267,0.35003318922102267,-0.018,0.6,-2.9,41.6
main29_s012,main29_s012_o074,38,front,4.960526216168129,0.9799896625281879,116.63089807192785,4.735,4.756879097905643,0.021879097905642908,0.36610733268553663,0.36610733268553663,-4.4,-2.3097940663438123,2.0902059336561933,0.6967353112187311,0.6967353112187311,-0.024,0.1,54.4,24.9
main29_s021,main29_s021_o133,53,front,7.0416569039701535,4.0197547018025785,297.04689302688865,4.676,4.654206543158794,-0.02179345684120637,-0.36467428358065906,0.36467428358065906,-8.8,-6.682306006897079,2.1176939931029324,0.7058979977009775,0.7058979977009775,0.014,0.5,65.9,31.6
main29_s023,main29_s023_o144,34,front,7.9766241059380825,2.0252027475790797,110.69116574735558,3.443,3.4612155801509568,0.0182155801509567,0.364311603019134,0.364311603019134,-6.2,-5.141240383091031,1.058759616908958,0.352919872302986,0.352919872302986,-0.051,-0.2,48.2,22.2
main29_s020,main29_s020_o129,32,rear,7.00500866217152,2.9765963311815775,250.80651952272933,2.551,2.5289697679579906,-0.0220302320420096,-0.3412908872471528,0.3412908872471528,12.5,12.811451285407202,0.3114512854072018,0.0734097719735664,0.0734097719735664,0.04,0.2,-2.6,29.7
main29_s014,main29_s014_o094,35,rear,5.019313878000849,2.9796579852478153,245.62937118706427,2.206,2.1890580988896953,-0.01694190111030469,-0.3388380222060938,0.3388380222060938,-13.7,-12.728754820477775,0.9712451795222137,0.22892468421163437,0.22892468421163437,0.033,-0.9,-14.6,-2.3
main29_s025,main29_s025_o156,56,front,8.00756673342894,4.053992664795252,309.8679893317434,2.586,2.602902033282471,0.016902033282470974,0.3380406656494195,0.3380406656494195,-20.5,-21.16052360397498,-0.6605236039749798,-0.2201745346583266,0.2201745346583266,0.002,1.6,0.8,28.6
repeat10_s003,repeat10_s003_o013,46,front,3.9426636641110053,2.970720782646265,251.3957625882313,3.12,3.1031572009358825,-0.016842799064117564,-0.3368559812823513,0.3368559812823513,4.9,6.124417962340203,1.2244179623401976,0.4081393207800659,0.4081393207800659,-0.034,-0.5,-3.9,21.5
main29_s025,main29_s025_o157,33,rear,8.00756673342894,4.053992664795252,309.8679893317434,1.194,1.2107884821108477,0.016788482110847713,0.33576964221695427,0.33576964221695427,13.7,13.037616230549418,-0.662383769450571,-0.15612535170880182,0.15612535170880182,-0.062,-0.9,-0.4,-25.8
repeat10_s004,repeat10_s004_o020,46,front,4.050997383737547,3.9603327949318197,218.3339307956741,4.051,4.067765361647084,0.016765361647084198,0.33530723294168396,0.33530723294168396,-27.4,-31.82192299182219,-4.421922991822186,-1.0422572444673912,1.0422572444673912,-0.037,3.6,-52.2,-33.2
main29_s007,main29_s007_o043,47,front,2.9323591411413403,4.0084615377368005,276.6096172055182,3.923,3.9063311608835263,-0.016668839116473766,-0.3333767823294753,0.3333767823294753,-4.1,-2.7949150332464114,1.3050849667535829,0.4350283222511943,0.4350283222511943,0.035,-5.7,6.2,-2.2
main29_s017,main29_s017_o109,48,front,6.092886903515829,4.000823099971043,261.5240984759327,4.136,4.152530966594241,0.01653096659424058,0.33061933188481163,0.33061933188481163,13.1,13.661293919419904,0.56129391941991,0.18709797313997,0.18709797313997,0.019,2.2,-3.6,17.3
main29_s005,main29_s005_o026,35,front,2.9774791256760165,2.0265755701671155,65.64996675649122,3.973,3.9892964091257603,0.01629640912576047,0.3259281825152094,0.3259281825152094,14.3,14.305178975660624,0.00517897566061265,0.0017263252202042167,0.0017263252202042167,-0.023,1.2,-3.4,34.8
repeat10_s001,repeat10_s001_o003,38,front,1.9652637672098614,1.0227527964679202,60.53334364417625,4.155,4.171016429204042,0.01601642920404167,0.3203285840808334,0.3203285840808334,-21.0,-20.616968383751697,0.38303161624830295,0.12767720541610098,0.12767720541610098,-0.034,0.7,-28.2,-19.8
main29_s009,main29_s009_o053,34,front,3.9576063176772878,2.0124970587620283,65.71556089813157,3.97,3.9859502371159756,0.01595023711597543,0.3190047423195086,0.3190047423195086,14.1,13.985630946096506,-0.11436905390348784,-0.03812301796782928,0.03812301796782928,0.001,1.4,-3.2,34.5
main29_s013,main29_s013_o081,37,front,4.886582267306994,1.958184639452872,115.13396871044469,3.442,3.426560888390543,-0.01543911160945699,-0.3087822321891398,0.3087822321891398,1.6,3.447249510087886,1.8472495100878916,0.6157498366959638,0.6157498366959638,0.011,0.3,0.6,-23.1
main29_s022,main29_s022_o139,56,front,8.023291241141365,1.0229822690929415,40.06169889141635,2.804,2.819263276951747,0.01526327695174734,0.3052655390349468,0.3052655390349468,2.4,3.1648407094309903,0.7648407094309846,0.25494690314366153,0.25494690314366153,-0.047,-0.6,0.0,-36.9
repeat10_s009,repeat10_s009_o058,57,front,7.0347705780750305,1.0162459414043399,24.758698512846934,4.216,4.231084058555423,0.015084058555422608,0.30168117110845216,0.30168117110845216,-15.6,-15.3657181620585,0.23428183794149504,0.07809394598049835,0.07809394598049835,-0.052,-0.6,-2.7,-42.7
repeat10_s007,repeat10_s007_o043,34,front,5.999390511338628,2.020262861701569,64.27765498267784,3.166,3.1510802246591663,-0.014919775340833663,-0.29839550681667326,0.29839550681667326,-18.4,-17.957429208198704,0.44257079180130177,0.1475235972671006,0.1475235972671006,-0.005,-1.1,4.0,11.8
main29_s015,main29_s015_o098,48,front,5.018093128283976,3.9672444107794367,245.55706065840047,3.832,3.8466556166679196,0.014655616667919702,0.29311233335839404,0.29311233335839404,-17.7,-17.344702434593728,0.3552975654062607,0.1184325218020869,0.1184325218020869,-0.046,0.5,-19.3,-12.5
main29_s013,main29_s013_o086,49,rear,4.886582267306994,1.958184639452872,115.13396871044469,1.885,1.8704046073849694,-0.014595392615030622,-0.29190785230061245,0.29190785230061245,11.8,8.30337209159552,-3.4966279084044913,-0.8241631017729834,0.8241631017729834,0.004,-0.0,4.7,-8.5
repeat10_s005,repeat10_s005_o025,37,front,4.931960886954405,1.0372665166132353,115.53769842849279,4.295,4.309440728666911,0.014440728666911262,0.28881457333822524,0.28881457333822524,6.6,7.823216140812264,1.2232161408122693,0.40773871360408975,0.40773871360408975,-0.071,0.0,33.3,14.9
repeat10_s009,repeat10_s009_o057,56,front,7.0347705780750305,1.0162459414043399,24.758698512846934,3.646,3.660198809381926,0.014198809381926303,0.28397618763852606,0.28397618763852606,-4.2,-3.1236619659430005,1.0763380340569881,0.3587793446856627,0.3587793446856627,-0.053,-1.4,51.0,23.2
main29_s006,main29_s006_o033,45,front,3.0121432963509953,2.9848904147390027,263.5999660496898,3.113,3.127163738380548,0.014163738380548185,0.2832747676109637,0.2832747676109637,18.5,18.770221914022613,0.2702219140226134,0.09007397134087114,0.09007397134087114,-0.023,-1.4,-53.4,-28.6
main29_s016,main29_s016_o106,48,rear,5.992896099316499,2.0402699629730665,66.11325348188171,2.377,2.3630743247014534,-0.01392567529854638,-0.2785135059709276,0.2785135059709276,13.5,13.734922542669324,0.23492254266932378,0.05537177432502163,0.05537177432502163,0.042,0.2,-4.3,34.0
main29_s020,main29_s020_o128,51,front,7.00500866217152,2.9765963311815775,250.80651952272933,2.532,2.5454869570830922,0.013486957083092221,0.26973914166184443,0.26973914166184443,-26.3,-30.77583081537864,-4.475830815378629,-1.0549634403326478,1.0549634403326478,-0.038,5.3,-16.4,-28.0
repeat10_s004,repeat10_s004_o021,35,rear,4.050997383737547,3.9603327949318197,218.3339307956741,1.834,1.8207078898084232,-0.013292110191576834,-0.26584220383153667,0.26584220383153667,-0.7,-2.277641086131297,-1.5776410861313082,-0.5258803620437694,0.5258803620437694,-0.0,-2.2,-0.2,51.2
main29_s029,main29_s029_o177,53,front,9.06981464455596,4.016759168985723,246.21582954942085,3.9,3.913225523537626,0.01322552353762596,0.2645104707525192,0.2645104707525192,-27.9,-32.653787883460666,-4.75378788346066,-1.1204785495724927,1.1204785495724927,-0.009,7.1,35.6,25.7
main29_s010,main29_s010_o062,48,front,3.944856023416039,2.9803154446111586,254.62262169855254,2.875,2.888133848777624,0.013133848777624024,0.2626769755524805,0.2626769755524805,-24.9,-27.159476504071336,-2.25947650407133,-0.7531588346904433,0.7531588346904433,-0.024,5.9,32.8,22.1
repeat10_s005,repeat10_s005_o026,38,front,4.931960886954405,1.0372665166132353,115.53769842849279,4.708,4.692985843072072,-0.01501415692792829,-0.25123489867414517,0.25123489867414517,-5.3,-3.448977658506635,1.8510223414933762,0.6170074471644588,0.6170074471644588,-0.051,-0.9,1.6,-27.9
repeat10_s006,repeat10_s006_o033,36,front,4.924392094801086,2.0081467535196103,114.60959175065123,2.677,2.6895249438630366,0.012524943863036597,0.25049887726073194,0.25049887726073194,16.3,16.842319854236024,0.5423198542360126,0.18077328474533752,0.18077328474533752,-0.032,0.6,21.0,11.7
main29_s007,main29_s007_o042,46,front,2.9323591411413403,4.0084615377368005,276.6096172055182,3.854,3.8664109795770436,0.012410979577043513,0.24821959154087025,0.24821959154087025,11.1,11.233521148681803,0.1335211486818082,0.04450704956060273,0.04450704956060273,-0.011,-4.6,-2.5,3.2
main29_s016,main29_s016_o103,34,front,5.992896099316499,2.0402699629730665,66.11325348188171,3.144,3.1316364107805024,-0.012363589219497761,-0.24727178438995523,0.24727178438995523,-16.4,-15.923821755783877,0.4761782442161291,0.15872608140537636,0.15872608140537636,-0.027,0.9,1.3,9.1
main29_s008,main29_s008_o048,38,front,3.962571965668051,0.9680107637358554,116.84483818358393,4.386,4.373745873875967,-0.012254126124033426,-0.24508252248066853,0.24508252248066853,8.7,9.502393110714479,0.8023931107144904,0.26746437023816344,0.26746437023816344,0.032,1.7,-0.9,-18.8
main29_s002,main29_s002_o007,36,front,2.0273005543499134,2.014521233753247,70.80143271452341,3.655,3.6428439513074613,-0.012156048692538501,-0.24312097385077003,0.24312097385077003,24.2,23.97802269117915,-0.22197730882083988,-0.0739924362736133,0.0739924362736133,-0.017,0.9,-4.1,39.3
repeat10_s008,repeat10_s008_o049,48,front,6.027791298254658,3.981003207998052,260.4986423307292,4.098,4.109770486424886,0.011770486424886428,0.23540972849772857,0.23540972849772857,11.1,11.885953488985024,0.7859534889850295,0.26198449632834314,0.26198449632834314,-0.02,0.1,-3.1,17.8
main29_s002,main29_s002_o009,38,front,2.0273005543499134,2.014521233753247,70.80143271452341,3.169,3.1804796384692304,0.011479638469230391,0.22959276938460782,0.22959276938460782,-10.8,-8.533322321927017,2.2666776780729947,0.7555592260243316,0.7555592260243316,-0.031,-1.9,-4.9,6.2
repeat10_s005,repeat10_s005_o029,41,front,4.931960886954405,1.0372665166132353,115.53769842849279,4.547,4.533579210491255,-0.01342078950874459,-0.22457276212988986,0.22457276212988986,-25.6,-29.34260365800162,-3.7426036580016273,-0.8821401419555097,0.8821401419555097,-0.064,4.4,-75.9,-40.9
repeat10_s009,repeat10_s009_o056,55,front,7.0347705780750305,1.0162459414043399,24.758698512846934,3.32,3.309033915975871,-0.010966084024128797,-0.21932168048257594,0.21932168048257594,12.9,12.639479691522581,-0.2605203084774246,-0.08684010282580819,0.08684010282580819,-0.027,0.1,-2.9,-15.1
main29_s015,main29_s015_o097,47,front,5.018093128283976,3.9672444107794367,245.55706065840047,4.083,4.072160356295069,-0.010839643704930957,-0.21679287409861914,0.21679287409861914,-5.7,-4.059547580689468,1.6404524193105203,0.5468174731035068,0.5468174731035068,-0.013,-0.7,-6.4,13.6
repeat10_s004,repeat10_s004_o019,45,front,4.050997383737547,3.9603327949318197,218.3339307956741,4.47,4.480792565513342,0.01079256551334229,0.2158513102668458,0.2158513102668458,-20.3,-20.30622755919046,-0.006227559190449483,-0.002075853063483161,0.002075853063483161,-0.018,-0.9,-0.3,30.3
main29_s009,main29_s009_o055,36,front,3.9576063176772878,2.0124970587620283,65.71556089813157,2.729,2.7182123420864563,-0.010787657913543747,-0.21575315827087493,0.21575315827087493,-13.6,-12.443300163634149,1.1566998363658456,0.38556661212194854,0.38556661212194854,0.007,0.5,-4.3,6.6
main29_s025,main29_s025_o154,53,front,8.00756673342894,4.053992664795252,309.8679893317434,4.219,4.229450037846842,0.010450037846841731,0.20900075693683462,0.20900075693683462,18.0,17.519864005920454,-0.48013599407954644,-0.1600453313598488,0.1600453313598488,0.036,0.7,42.9,20.1
repeat10_s002,repeat10_s002_o007,46,front,2.004288978393428,3.976850621989622,288.34857141089714,3.862,3.872264130020317,0.010264130020317008,0.20528260040634017,0.20528260040634017,9.2,9.353940405059802,0.15394040505981366,0.05131346835327122,0.05131346835327122,-0.034,-1.8,17.8,8.9
main29_s029,main29_s029_o176,51,front,9.06981464455596,4.016759168985723,246.21582954942085,3.85,3.8601335812344018,0.010133581234401667,0.20267162468803335,0.20267162468803335,-2.2,-0.11559075202819713,2.0844092479717915,0.6948030826572639,0.6948030826572639,0.033,0.1,-4.7,18.1
repeat10_s004,repeat10_s004_o018,43,front,4.050997383737547,3.9603327949318197,218.3339307956741,3.537,3.547048420908393,0.010048420908392863,0.20096841816785727,0.20096841816785727,-2.4,0.222367945240876,2.6223679452408817,0.8741226484136272,0.8741226484136272,0.005,-3.3,73.2,34.1
main29_s009,main29_s009_o057,46,rear,3.9576063176772878,2.0124970587620283,65.71556089813157,2.266,2.256148836770737,-0.009851163229262827,-0.19702326458525654,0.19702326458525654,11.5,10.892075604384445,-0.6079243956155551,-0.14328915419616417,0.14328915419616417,-0.004,0.3,-3.1,33.1
repeat10_s003,repeat10_s003_o015,35,rear,3.9426636641110053,2.970720782646265,251.3957625882313,2.649,2.6363281256624127,-0.012671874337587319,-0.19631183309883532,0.19631183309883532,14.8,16.748687611244634,1.9486876112446225,0.4593100747750958,0.4593100747750958,0.07,0.2,-70.3,-35.6
main29_s023,main29_s023_o145,35,front,7.9766241059380825,2.0252027475790797,110.69116574735558,3.963,3.972724470448852,0.009724470448851719,0.19448940897703437,0.19448940897703437,-17.3,-17.66361271135503,-0.3636127113550174,-0.12120423711833912,0.12120423711833912,-0.044,1.1,-0.8,-39.2
main29_s016,main29_s016_o102,33,front,5.992896099316499,2.0402699629730665,66.11325348188171,3.393,3.4018924355016518,0.008892435501651974,0.17784871003303948,0.17784871003303948,-1.1,0.3745477095717433,1.4745477095717376,0.4915159031905792,0.4915159031905792,-0.042,0.1,-2.2,21.7
main29_s026,main29_s026_o160,55,front,8.981477210183375,1.010301421030586,46.1992155099107,1.478,1.469367449777585,-0.008632550222414936,-0.17265100444829873,0.17265100444829873,18.5,18.45611228756809,-0.043887712431910586,-0.014629237477303528,0.014629237477303528,0.02,2.0,-2.1,-30.6
main29_s027,main29_s027_o163,31,front,8.959278439292499,2.0339996583168083,87.59653877919706,2.158,2.166245710321169,0.008245710321169053,0.16491420642338106,0.16491420642338106,25.3,25.51941000352201,0.21941000352200035,0.05171543378352358,0.05171543378352358,-0.019,3.8,1.2,27.7
main29_s024,main29_s024_o149,51,front,8.02618261474539,2.9820732733402506,250.06600484078615,2.559,2.550757361506514,-0.008242638493486165,-0.1648527698697233,0.1648527698697233,-9.8,-8.41355145473824,1.3864485452617714,0.46214951508725716,0.46214951508725716,-0.004,-0.6,-3.5,7.3
main29_s025,main29_s025_o155,55,front,8.00756673342894,4.053992664795252,309.8679893317434,3.229,3.220840299020031,-0.008159700979969209,-0.16319401959938418,0.16319401959938418,-6.6,-5.124441241226805,1.4755587587731895,0.4918529195910632,0.4918529195910632,0.04,-0.9,-5.3,38.9
main29_s007,main29_s007_o045,49,front,2.9323591411413403,4.0084615377368005,276.6096172055182,4.615,4.605321719983433,-0.009678280016567342,-0.1619486003093089,0.1619486003093089,-24.0,-26.584515074142928,-2.584515074142928,-0.8615050247143093,0.8615050247143093,0.055,-1.5,-3.0,-35.5
repeat10_s002,repeat10_s002_o008,47,front,2.004288978393428,3.976850621989622,288.34857141089714,4.121,4.128823576546068,0.007823576546067912,0.15647153092135824,0.15647153092135824,-4.8,-3.7818895102331,1.0181104897669115,0.3393701632556372,0.3393701632556372,-0.031,-2.8,-0.3,-22.4
repeat10_s008,repeat10_s008_o051,50,front,6.027791298254658,3.981003207998052,260.4986423307292,3.667,3.6594159333486154,-0.007584066651384447,-0.15168133302768894,0.15168133302768894,-16.6,-15.592274837805235,1.0077251621947596,0.3359083873982532,0.3359083873982532,-0.014,-0.1,13.8,7.3
main29_s002,main29_s002_o012,45,rear,2.0273005543499134,2.014521233753247,70.80143271452341,1.865,1.8724031535753003,0.007403153575300303,0.14806307150600606,0.14806307150600606,-8.1,-9.152019940780747,-1.0520199407807524,-0.35067331359358417,0.35067331359358417,0.012,2.6,-11.6,-2.3
main29_s026,main29_s026_o161,56,front,8.981477210183375,1.010301421030586,46.1992155099107,2.134,2.141165653457757,0.007165653457756882,0.14331306915513764,0.14331306915513764,-8.4,-6.4020616132334,1.9979383867666058,0.6659794622555353,0.6659794622555353,-0.004,-0.2,2.2,-51.0
main29_s019,main29_s019_o119,32,front,6.988147500553573,2.032151245110906,60.64322114837179,3.387,3.3940710251031416,0.007071025103141615,0.1414205020628323,0.1414205020628323,-6.8,-5.829048398425755,0.9709516015742565,0.3236505338580855,0.3236505338580855,-0.032,0.1,-2.6,20.6
main29_s028,main29_s028_o170,54,front,9.02070612718316,3.0247724007909293,293.06609646504353,2.631,2.6375432192399946,0.006543219239994791,0.13086438479989582,0.13086438479989582,-8.9,-7.537097077202361,1.3629029227976446,0.4543009742658815,0.4543009742658815,0.004,-2.7,-3.9,54.9
main29_s004,main29_s004_o021,46,front,1.9339773752528007,4.013788258905508,288.78697281274094,3.914,3.920320564513226,0.006320564513226046,0.12641129026452091,0.12641129026452091,8.3,8.867794319669201,0.5677943196691899,0.18926477322306332,0.18926477322306332,0.018,-2.7,0.8,-8.2
main29_s005,main29_s005_o027,36,front,2.9774791256760165,2.0265755701671155,65.64996675649122,3.067,3.060711919529726,-0.006288080470274071,-0.12576160940548142,0.12576160940548142,4.7,5.81195460747449,1.1119546074745017,0.3706515358248339,0.3706515358248339,-0.005,0.2,-6.4,23.1
main29_s008,main29_s008_o051,42,front,3.962571965668051,0.9680107637358554,116.84483818358393,3.232,3.2257402095918373,-0.006259790408162935,-0.1251958081632587,0.1251958081632587,-26.6,-30.660900842487564,-4.06090084248757,-0.9571635078163748,0.9571635078163748,-0.009,6.7,3.4,35.0
main29_s003,main29_s003_o014,44,front,2.0020268139917077,2.9860819632432825,262.84883361272597,2.361,2.3548065555000255,-0.006193444499974721,-0.12386888999949441,0.12386888999949441,10.4,12.145805422921512,1.7458054229215065,0.5819351409738355,0.5819351409738355,-0.006,-3.8,2.3,-68.5
main29_s006,main29_s006_o037,37,rear,3.0121432963509953,2.9848904147390027,263.5999660496898,2.203,2.2091249053729634,0.006124905372963507,0.12249810745927014,0.12249810745927014,8.8,8.727086246598617,-0.07291375340139439,-0.024304584467131463,0.024304584467131463,0.005,-1.8,-3.7,11.8
main29_s011,main29_s011_o065,42,front,4.0348269179096565,3.9255296248728273,220.11959351968136,2.995,3.0007818365515737,0.005781836551573605,0.1156367310314721,0.1156367310314721,16.7,17.79021791494972,1.0902179149497329,0.36340597164991095,0.36340597164991095,-0.003,0.6,-3.2,-27.1
main29_s018,main29_s018_o116,55,front,6.98677859248358,1.1275170327157895,25.007843910354325,3.329,3.3347756443637135,0.005775644363713361,0.11551288727426723,0.11551288727426723,15.5,14.935356251127871,-0.564643748872129,-0.18821458295737634,0.18821458295737634,-0.018,2.7,-1.4,-13.6
main29_s003,main29_s003_o019,39,rear,2.0020268139917077,2.9860819632432825,262.84883361272597,2.153,2.1585054233131484,0.005505423313148405,0.11010846626296811,0.11010846626296811,-14.7,-16.223702576701214,-1.5237025767012256,-0.35914014149895074,0.35914014149895074,0.009,-0.7,6.7,-2.3
main29_s002,main29_s002_o008,37,front,2.0273005543499134,2.014521233753247,70.80143271452341,3.484,3.4894825577246844,0.005482557724684423,0.10965115449368845,0.10965115449368845,5.4,7.202649490033963,1.8026494900339571,0.6008831633446524,0.6008831633446524,-0.031,-1.3,-2.6,24.0
main29_s003,main29_s003_o015,45,front,2.0020268139917077,2.9860819632432825,262.84883361272597,2.844,2.8494426846450347,0.005442684645034834,0.10885369290069669,0.10885369290069669,-3.7,-0.71968843217428,2.9803115678257086,0.9934371892752362,0.9934371892752362,-0.019,-5.1,-8.6,-2.2
repeat10_s003,repeat10_s003_o014,48,front,3.9426636641110053,2.970720782646265,251.3957625882313,2.886,2.880687847345422,-0.005312152654578295,-0.1062430530915659,0.1062430530915659,-26.3,-30.52198424701311,-4.221984247013097,-0.995131230375247,0.995131230375247,-0.013,4.4,34.9,24.2
main29_s024,main29_s024_o151,32,rear,8.02618261474539,2.9820732733402506,250.06600484078615,2.158,2.162961008247425,0.00496100824742518,0.09922016494850361,0.09922016494850361,-12.6,-11.47306823849408,1.1269317615059151,0.2656203634984446,0.2656203634984446,0.009,-1.8,-11.6,-2.3
repeat10_s007,repeat10_s007_o046,58,front,5.999390511338628,2.020262861701569,64.27765498267784,4.375,4.379914181936289,0.004914181936288564,0.09828363872577128,0.09828363872577128,28.3,27.53456387805923,-0.7654361219407804,-0.18041502412981966,0.18041502412981966,-0.017,0.2,-2.3,-39.2
main29_s022,main29_s022_o140,57,front,8.023291241141365,1.0229822690929415,40.06169889141635,3.528,3.5234198049430043,-0.004580195056995695,-0.0916039011399139,0.0916039011399139,-11.1,-10.154401888956812,0.9455981110431821,0.3151993703477274,0.3151993703477274,-0.028,-1.0,1.5,-48.7
repeat10_s006,repeat10_s006_o034,37,front,4.924392094801086,2.0081467535196103,114.60959175065123,3.399,3.394510246931668,-0.004489753068332103,-0.08979506136664206,0.08979506136664206,0.1,2.009703839132669,1.9097038391326748,0.6365679463775583,0.6365679463775583,-0.033,-1.2,0.2,-23.5
main29_s028,main29_s028_o171,55,front,9.02070612718316,3.0247724007909293,293.06609646504353,1.785,1.7806328266400877,-0.004367173359912213,-0.08734346719824426,0.08734346719824426,-21.6,-22.788887073451406,-1.1888870734514114,-0.3962956911504705,0.3962956911504705,0.007,0.2,-2.2,40.9
main29_s001,main29_s001_o002,36,front,2.012496119636617,1.0195541093616312,59.772944436097625,4.432,4.427737643532424,-0.004262356467576112,-0.08524712935152223,0.08524712935152223,1.5,4.114775840529944,2.614775840529944,0.8715919468433148,0.8715919468433148,-0.019,-2.8,-5.8,28.5
main29_s003,main29_s003_o016,46,front,2.0020268139917077,2.9860819632432825,262.84883361272597,2.897,2.9011453360456207,0.004145336045620951,0.08290672091241902,0.08290672091241902,-20.4,-19.730014951961266,0.6699850480387397,0.22332834934624657,0.22332834934624657,-0.018,-2.9,29.3,16.8
main29_s026,main29_s026_o159,31,front,8.981477210183375,1.010301421030586,46.1992155099107,3.1,3.104034064902193,0.004034064902192824,0.08068129804385649,0.08068129804385649,-23.9,-25.854050687051455,-1.9540506870514491,-0.6513502290171497,0.6513502290171497,-0.008,3.6,6.4,24.0
main29_s014,main29_s014_o092,49,front,5.019313878000849,2.9796579852478153,245.62937118706427,2.871,2.86725039118857,-0.0037496088114301607,-0.07499217622860321,0.07499217622860321,-28.1,-33.671085777776455,-5.57108577777646,-1.3131175106792223,1.3131175106792223,-0.02,6.5,36.0,26.3
repeat10_s010,repeat10_s010_o063,53,front,9.03376684598997,3.97189022827876,244.34233154704305,3.872,3.8756963066964447,0.003696306696444829,0.07392613392889658,0.07392613392889658,-28.9,-35.17825462491237,-6.278254624912364,-1.4797988064304457,1.4797988064304457,-0.037,6.0,37.4,27.5
repeat10_s008,repeat10_s008_o050,49,front,6.027791298254658,3.981003207998052,260.4986423307292,3.871,3.8673290717696656,-0.003670928230334436,-0.07341856460668872,0.07341856460668872,-3.2,-1.1947779240774707,2.005222075922518,0.6684073586408393,0.6684073586408393,-0.012,-1.1,-14.7,-6.8
main29_s023,main29_s023_o143,33,front,7.9766241059380825,2.0252027475790797,110.69116574735558,3.166,3.1625175404320176,-0.003482459567982321,-0.06964919135964642,0.06964919135964642,10.9,10.78266665694008,-0.11733334305992571,-0.03911111435330857,0.03911111435330857,-0.025,1.2,18.6,8.3
repeat10_s006,repeat10_s006_o039,49,rear,4.924392094801086,2.0081467535196103,114.60959175065123,1.911,1.9078377029259015,-0.003162297074098541,-0.06324594148197082,0.06324594148197082,11.6,9.280058555210758,-2.3199414447892366,-0.5468154425220619,0.5468154425220619,0.029,-0.2,6.0,-7.2
main29_s016,main29_s016_o107,49,rear,5.992896099316499,2.0402699629730665,66.11325348188171,1.935,1.9379810991182362,0.0029810991182361857,0.059621982364723713,0.059621982364723713,-10.2,-8.857975736419803,1.3420242635801856,0.3163181524314773,0.3163181524314773,0.033,-0.7,-11.3,4.2
main29_s005,main29_s005_o031,45,rear,2.9774791256760165,2.0265755701671155,65.64996675649122,2.254,2.2510875711893443,-0.002912428810655676,-0.05824857621311352,0.05824857621311352,9.9,10.011899722406838,0.11189972240683232,0.037299907468944106,0.037299907468944106,0.012,-0.3,-2.0,33.2
main29_s014,main29_s014_o089,46,front,5.019313878000849,2.9796579852478153,245.62937118706427,3.688,3.6907310932609136,0.0027310932609134753,0.054621865218269505,0.054621865218269505,15.6,15.573918969862916,-0.026081030137078187,-0.008693676712359396,0.008693676712359396,-0.006,1.1,-4.0,35.6
main29_s009,main29_s009_o054,35,front,3.9576063176772878,2.0124970587620283,65.71556089813157,3.478,3.4754013930138905,-0.002598606986109697,-0.051972139722193944,0.051972139722193944,0.2,1.5003860905929969,1.3003860905930082,0.43346203019766943,0.43346203019766943,0.009,0.2,-50.5,-25.5
main29_s018,main29_s018_o117,56,front,6.98677859248358,1.1275170327157895,25.007843910354325,3.655,3.6525760455990692,-0.0024239544009305725,-0.04847908801861145,0.04847908801861145,-2.0,-0.975545572690919,1.024454427309081,0.341484809103027,0.341484809103027,-0.044,0.9,1.4,-26.4
main29_s016,main29_s016_o101,32,front,5.992896099316499,2.0402699629730665,66.11325348188171,3.892,3.8941203137143816,0.0021203137143817052,0.042406274287634105,0.042406274287634105,13.2,13.321585697609748,0.12158569760975979,0.04052856586991993,0.04052856586991993,-0.03,1.5,-2.8,34.0
main29_s019,main29_s019_o120,33,front,6.988147500553573,2.032151245110906,60.64322114837179,3.139,3.1372455561158206,-0.0017544438841792243,-0.035088877683584485,0.035088877683584485,-20.6,-22.07047615938015,-1.470476159380155,-0.490158719793385,0.490158719793385,-0.028,2.4,-25.2,-18.2
main29_s016,main29_s016_o104,35,front,5.992896099316499,2.0402699629730665,66.11325348188171,3.147,3.1452567040492174,-0.0017432959507823753,-0.034865919015647506,0.034865919015647506,-27.7,-33.46156074670631,-5.761560746706323,-1.3580128914047565,1.3580128914047565,-0.039,6.9,-19.4,-29.0
repeat10_s010,repeat10_s010_o061,51,front,9.03376684598997,3.97189022827876,244.34233154704305,3.803,3.8046377822745394,0.0016377822745394788,0.032755645490789576,0.032755645490789576,-4.2,-2.2421060641404438,1.9578939358595449,0.6526313119531816,0.6526313119531816,-0.015,-2.0,-6.8,16.0
main29_s017,main29_s017_o111,50,front,6.092886903515829,4.000823099971043,261.5240984759327,3.671,3.672586330256563,0.0015863302565630732,0.031726605131261465,0.031726605131261465,-14.9,-13.509302292718985,1.3906977072810207,0.4635659024270069,0.4635659024270069,-0.011,1.6,-6.5,-13.0
main29_s024,main29_s024_o150,52,front,8.02618261474539,2.9820732733402506,250.06600484078615,2.7,2.7010405770257053,0.0010405770257051472,0.020811540514102944,0.020811540514102944,-27.1,-31.58703963172536,-4.4870396317253665,-1.057605383681932,1.057605383681932,-0.024,5.1,37.3,25.1
main29_s022,main29_s022_o138,55,front,8.023291241141365,1.0229822690929415,40.06169889141635,2.353,2.3536667672851177,0.0006667672851174977,0.013335345702349954,0.013335345702349954,24.9,23.380297888305506,-1.5197021116944995,-0.5065673705648331,0.5065673705648331,-0.03,1.9,-7.4,-24.4
main29_s006,main29_s006_o034,46,front,3.0121432963509953,2.9848904147390027,263.5999660496898,2.856,2.8554982618766402,-0.0005017381233596296,-0.010034762467192593,0.010034762467192593,-1.0,1.227387551344009,2.227387551344009,0.7424625171146696,0.7424625171146696,-0.013,-3.3,0.4,7.8
main29_s003,main29_s003_o018,38,rear,2.0020268139917077,2.9860819632432825,262.84883361272597,2.221,2.2205798307391564,-0.00042016926084365025,-0.008403385216873005,0.008403385216873005,12.2,9.132537529787726,-3.067462470212263,-0.723007837907443,0.723007837907443,0.013,0.7,-8.3,8.2
main29_s014,main29_s014_o091,48,front,5.019313878000849,2.9796579852478153,245.62937118706427,2.869,2.869419483981344,0.0004194839813438378,0.008389679626876756,0.008389679626876756,-15.9,-14.809320359222397,1.0906796407776085,0.36355988025920283,0.36355988025920283,-0.017,0.0,0.1,9.2
