sample_uid,observation_uid,tag_id,camera_role,measured_distance_m,predicted_distance_m,distance_residual_m,normalized_distance_residual,measured_angle_deg,predicted_angle_deg,angle_residual_deg,normalized_angle_residual,yaw_used,measured_yaw_deg,predicted_yaw_deg,yaw_residual_deg,normalized_yaw_residual,combined_score,rejected,rejection_reason
main29_s001,main29_s001_o002,36,front,4.432,4.430224720184436,-0.0017752798155648009,-0.03550559631129602,1.5,4.104036327145593,2.604036327145593,1.0416145308582372,True,28.5,34.33767221249309,5.837672212493089,1.6851908116618415,1.1439827431644154,False,
main29_s001,main29_s001_o003,37,front,4.444,4.411423444825244,-0.03257655517475566,-0.6515311034951132,-12.1,-9.552717163938581,2.547282836061413,1.0189131344245652,True,23.8,20.68091872140883,-3.1190812785911817,-0.9004012079094704,0.8705169133967253,False,
main29_s001,main29_s001_o004,38,front,4.09,4.1698211789813975,0.07982117898139762,1.5964235796279524,-21.9,-22.03064171336024,-0.13064171336023378,-0.052256685344093515,True,16.4,8.202994171987257,-8.197005828012749,-2.3662717606760455,1.648286084809328,False,
main29_s001,main29_s001_o005,39,front,4.094,4.143536957698073,0.04953695769807265,0.990739153961453,-29.3,-35.32961502951457,-6.029615029514559,-1.705432670125628,False,,,,,1.3946441595482493,False,
main29_s001,main29_s001_o006,45,rear,0.833,0.902970630376426,0.06997063037642604,1.3994126075285207,-9.3,-10.991185973953861,-1.69118597395385,-0.6764743895815399,False,,,,,1.099084447590241,False,
main29_s002,main29_s002_o007,36,front,3.655,3.6363882119162705,-0.01861178808372932,-0.3722357616745864,24.2,23.73184836950574,-0.4681516304942477,-0.18726065219769908,True,39.3,42.89087260352687,3.5908726035268614,1.0365956321359429,0.6450210639181436,False,
main29_s002,main29_s002_o008,37,front,3.484,3.488545014161072,0.004545014161072114,0.09090028322144228,5.4,6.92622412511443,1.5262241251144246,0.6104896500457698,True,24.0,26.085248359135562,2.085248359135562,0.6019593507370711,0.49776685782353336,False,
main29_s002,main29_s002_o009,38,front,3.169,3.184799056333682,0.01579905633368206,0.3159811266736412,-10.8,-8.831744809875971,1.9682551901240402,0.7873020760496161,False,,,,,0.5998702490397316,False,
main29_s002,main29_s002_o010,39,front,3.11,3.1576386339509703,0.047638633950970455,0.9527726790194091,-24.2,-26.291394885464797,-2.0913948854648083,-0.8365579541859234,False,,,,,0.8965503300422011,False,
main29_s002,main29_s002_o011,44,rear,1.434,1.4666155180491958,0.032615518049195824,0.6523103609839165,15.0,14.056359202635463,-0.9436407973645373,-0.26690192272829805,False,,,,,0.49837006501345454,False,
main29_s002,main29_s002_o012,45,rear,1.865,1.868017178469727,0.0030171784697270443,0.060343569394540886,-8.1,-8.534998819229486,-0.4349988192294916,-0.17399952769179663,False,,,,,0.1302251550282089,False,
main29_s003,main29_s003_o013,43,front,1.45,1.418477578619376,-0.031522421380624,-0.63044842761248,25.3,25.598472771693423,0.2984727716934117,0.08442084834558225,True,-58.2,-57.416781074405776,0.7832189255942126,0.1598738937163904,0.3786606930601925,False,
main29_s003,main29_s003_o014,44,front,2.361,2.350796120265143,-0.010203879734857146,-0.20407759469714293,10.4,11.977620489966284,1.5776204899662787,0.6310481959865115,True,-68.5,-71.03763335613291,-2.5376333561329147,-0.7325516506339559,0.5705264852636073,False,
main29_s003,main29_s003_o015,45,front,2.844,2.848586496059404,0.004586496059403977,0.09172992118807954,-3.7,-0.8406092420516416,2.859390757948347,1.1437563031793387,False,,,,,0.8113546880075442,False,
main29_s003,main29_s003_o016,46,front,2.897,2.904988155805046,0.007988155805046304,0.15976311610092608,-20.4,-19.83572029740526,0.5642797025947459,0.22571188103789835,True,-16.8,-12.850974143504459,3.9490258564955525,1.1399855706422497,0.6772584951554022,False,
main29_s003,main29_s003_o017,47,front,3.199,3.251011552378691,0.05201155237869104,1.0402310475738208,-29.8,-36.38842748830973,-6.588427488309719,-1.8634887017358621,False,,,,,1.5090842875455528,True,worst_normalized_residual
main29_s003,main29_s003_o018,38,rear,2.221,2.2240095001676248,0.00300950016762469,0.060190003352493804,12.2,9.667237308617132,-2.5327626913828567,-0.7163734696852436,False,,,,,0.5083373803747113,False,
main29_s003,main29_s003_o019,39,rear,2.153,2.155489225748017,0.00248922574801691,0.0497845149603382,-14.7,-15.675384046724616,-0.9753840467246278,-0.2758802694800643,False,,,,,0.1982276734190121,False,
main29_s004,main29_s004_o020,45,front,3.823,3.879929102957945,0.056929102957945066,1.1385820591589013,24.0,23.151625560800653,-0.8483744391993469,-0.33934977567973873,False,,,,,0.8400974275917088,False,
main29_s004,main29_s004_o021,46,front,3.914,3.9229653224392655,0.0089653224392654,0.179306448785308,8.3,9.1648448943007,0.8648448943006883,0.34593795772027536,True,-8.2,-9.56780932017756,-1.367809320177571,-0.39485253960229977,0.32027717225244084,False,
main29_s004,main29_s004_o022,47,front,4.306,4.187010973081198,-0.11898902691880231,-2.379780538376046,-5.5,-3.763716822244419,1.7362831777555812,0.6945132711022325,True,-16.1,-22.496371036722678,-6.396371036722684,-1.8464732699442834,1.7846724845368913,True,worst_normalized_residual
main29_s004,main29_s004_o023,48,front,4.522,4.630527517493697,0.10852751749369638,1.8160127133190673,-15.6,-14.608651292115837,0.991348707884157,0.3965394831536628,True,-35.2,-33.3413055065941,1.858694493405892,0.5365588830545834,1.1169961461618145,False,
main29_s004,main29_s004_o024,49,front,5.179,5.206734865874338,0.027734865874338155,0.46409307236685576,-22.2,-23.283177960536705,-1.083177960536716,-0.4332711842146864,True,-43.9,-42.015832175014964,1.8841678249850418,0.5439124004767727,0.4826824346925245,False,
main29_s004,main29_s004_o025,39,rear,1.094,1.1312945519457893,0.037294551945789234,0.7458910389157847,7.0,5.331598431770459,-1.668401568229541,-0.6673606272918164,True,-16.4,-13.401055782707772,2.998944217292234,0.8657206255691713,0.7640235271966592,False,
main29_s005,main29_s005_o026,35,front,3.973,3.98487577583425,0.011875775834250035,0.2375155166850007,14.3,14.133206857439745,-0.166793142560266,-0.0667172570241064,True,34.8,38.32925228487909,3.529252284879078,1.0188073783565188,0.6052088585066168,False,
main29_s005,main29_s005_o027,36,front,3.067,3.059711273489855,-0.007288726510145338,-0.14577453020290676,4.7,5.533671398590911,0.8336713985909228,0.3334685594363691,True,23.1,29.7297168260302,6.629716826030204,1.9138343970797649,1.1247538387330378,False,
main29_s005,main29_s005_o028,37,front,3.196,3.1786610616112396,-0.01733893838876055,-0.346778767775211,-14.5,-13.749684810228018,0.7503151897719817,0.3001260759087927,True,14.1,10.446360617211326,-3.6536393827886684,-1.0547148405874278,0.6640167091711542,False,
main29_s005,main29_s005_o029,38,front,3.118,3.149797889026623,0.03179788902662306,0.6359577805324612,-26.6,-31.247317134854995,-4.647317134855001,-1.3144597841521635,False,,,,,1.03253252316165,False,
main29_s005,main29_s005_o031,45,rear,2.254,2.254044470461482,4.447046148214895e-05,0.000889409229642979,9.9,10.75781395869376,0.8578139586937539,0.34312558347750155,False,,,,,0.2426272419634218,False,
main29_s006,main29_s006_o033,45,front,3.113,3.122846690995179,0.009846690995178875,0.1969338199035775,18.5,18.715752912240305,0.2157529122403048,0.08630116489612191,True,28.6,25.053026707127117,-3.5469732928728774,-1.0239229927242846,0.604055492901576,False,
main29_s006,main29_s006_o034,46,front,2.856,2.853311243298518,-0.0026887567014819425,-0.05377513402963885,-1.0,1.1416426317639434,2.1416426317639434,0.8566570527055773,False,,,,,0.6069403063688026,False,
main29_s006,main29_s006_o035,47,front,2.909,2.8876015009893505,-0.021398499010649275,-0.4279699802129855,-18.3,-17.896284077279915,0.40371592272009593,0.16148636908803837,True,-16.3,-11.559010282393103,4.740989717606908,1.368605844842798,0.833130263904873,False,
main29_s006,main29_s006_o036,48,front,3.183,3.212280852891648,0.02928085289164839,0.5856170578329678,-28.7,-34.611036563449204,-5.9110365634492155,-1.6718936151426267,False,,,,,1.252632348053415,False,
main29_s006,main29_s006_o037,37,rear,2.203,2.2123013394276763,0.009301339427676414,0.18602678855352828,8.8,8.97596186512601,0.17596186512599843,0.07038474605039938,False,,,,,0.14064134978042256,False,
main29_s007,main29_s007_o041,45,front,4.022,4.057156042294734,0.03515604229473368,0.7031208458946736,26.0,24.790458849121137,-1.209541150878863,-0.34210989996425,True,22.5,18.213089957938962,-4.286910042061038,-0.8750618480218928,0.6775326180213714,False,
main29_s007,main29_s007_o042,46,front,3.854,3.8669164969536958,0.012916496953695678,0.25832993907391355,11.1,11.280678810108952,0.18067881010895803,0.07227152404358321,False,,,,,0.18968069302055246,False,
main29_s007,main29_s007_o043,47,front,3.923,3.9055225490720713,-0.01747745092792874,-0.3495490185585748,-4.1,-2.7491026313236944,1.3508973686763,0.5403589474705199,False,,,,,0.455067197503133,False,
main29_s007,main29_s007_o044,48,front,4.139,4.163659157076228,0.024659157076227345,0.4931831415245469,-16.2,-15.66317851560234,0.5368214843976489,0.21472859375905956,True,-21.6,-22.240547406784515,-0.6405474067845205,-0.1849101088678798,0.32839494942487346,False,
main29_s007,main29_s007_o045,49,front,4.615,4.602434377950479,-0.012565622049521608,-0.21026307354739823,-24.0,-26.560229881975374,-2.560229881975374,-1.0240919527901498,True,-35.5,-33.13759877315755,2.362401226842451,0.6819664921256955,0.7206601566733488,False,
main29_s007,main29_s007_o046,38,rear,1.105,1.147573577769338,0.04257357776933812,0.8514715553867624,-10.4,-8.327920999824585,2.072079000175421,0.5860724448713126,True,-14.2,-14.90528989100676,-0.7052898910067711,-0.14396669614247928,0.6025532147642981,False,
main29_s008,main29_s008_o048,38,front,4.386,4.372700203151096,-0.013299796848904144,-0.2659959369780829,8.7,9.445991979463031,0.7459919794630423,0.29839679178521694,True,-18.8,-17.377452619029555,1.4225473809704567,0.4106540566691452,0.3308732073848349,False,
main29_s008,main29_s008_o049,39,front,4.696,4.75007170733823,0.05407170733823019,0.9047927219269287,-3.3,-1.7099857467433424,1.590014253256669,0.6360057013026676,True,-24.5,-28.533430345235956,-4.033430345235956,-1.1643510477897923,0.9271581102542374,False,
main29_s008,main29_s008_o050,41,front,3.788,3.8300234564374334,0.04202345643743355,0.840469128748671,-18.9,-18.852006538304693,0.047993461695313044,0.019197384678125217,True,39.7,44.32454886320269,4.624548863202676,1.3349922655253215,0.910853307796314,False,
main29_s008,main29_s008_o051,42,front,3.232,3.226664783823985,-0.0053352161760154004,-0.10670432352030801,-26.6,-30.730534675549137,-4.130534675549143,-1.16829163160279,False,,,,,0.8295454023533118,False,
main29_s008,main29_s008_o052,48,rear,0.901,0.9572963169086616,0.05629631690866155,1.125926338173231,-5.9,-6.175406408746312,-0.2754064087463064,-0.11016256349852256,True,-33.4,-32.998851007238954,0.4011489927610512,0.11580173947787008,0.656570877680607,False,
main29_s009,main29_s009_o053,34,front,3.97,3.98367756780717,0.013677567807169666,0.2735513561433933,14.1,13.899873247192431,-0.20012675280756298,-0.08005070112302519,True,34.5,38.12549884759528,3.6254988475952814,1.0465913678029068,0.626256590213558,False,
main29_s009,main29_s009_o054,35,front,3.478,3.47535844969155,-0.002641550308450036,-0.052831006169000716,0.2,1.3892563837589478,1.1892563837589591,0.47570255350358365,True,25.5,25.61488198416191,0.11488198416191153,0.03316357224045897,0.2769981089865699,False,
main29_s009,main29_s009_o055,36,front,2.729,2.7206582051802566,-0.008341794819743509,-0.16683589639487018,-13.6,-12.595470309113125,1.0045296908868693,0.4018118763547477,False,,,,,0.3076418374551833,False,
main29_s009,main29_s009_o056,37,front,3.117,3.158289390557604,0.041289390557603944,0.8257878111520789,-26.7,-31.36518656585895,-4.66518656585896,-1.319514022487701,False,,,,,1.1006913201686055,False,
main29_s009,main29_s009_o057,46,rear,2.266,2.2579371347649584,-0.008062865235041627,-0.16125730470083255,11.5,11.21203938298936,-0.2879606170106399,-0.08144756200115431,False,,,,,0.1277451049459607,False,
main29_s009,main29_s009_o058,47,rear,1.839,1.8743849446399026,0.035384944639902605,0.7076988927980521,-14.2,-13.177647911279792,1.0223520887201971,0.2891648378777129,False,,,,,0.5405802559900023,False,
main29_s010,main29_s010_o060,45,front,3.588,3.6120517945455473,0.024051794545547178,0.48103589091094356,22.7,23.209968404332585,0.5099684043325965,0.2039873617330386,True,42.2,38.37960131400135,-3.8203986859986685,-1.102854104886512,0.7045787272681268,False,
main29_s010,main29_s010_o061,46,front,3.143,3.112213833749104,-0.030786166250895697,-0.6157233250179139,7.6,9.350518435079039,1.7505184350790444,0.7002073740316177,True,20.2,24.520151344747802,4.3201513447478135,1.2471202709150369,0.8990206801007722,False,
main29_s010,main29_s010_o062,48,front,2.875,2.8947000687417943,0.019700068741794308,0.39400137483588615,-24.9,-27.160486898113504,-2.2604868981134985,-0.9041947592453994,False,,,,,0.6974257114630253,False,
main29_s011,main29_s011_o065,42,front,2.995,2.990254350169308,-0.004745649830692145,-0.09491299661384289,16.7,17.369472593957198,0.6694725939572095,0.2677890375828838,True,-27.1,-22.8862007302437,4.213799269756294,1.216419071352422,0.7212014981324972,False,
main29_s011,main29_s011_o066,43,front,3.543,3.5105353095602156,-0.032464690439784505,-0.6492938087956901,-0.1,1.9523466320727039,2.052346632072698,0.8209386528290793,True,-39.1,-38.303326692128195,0.7966733078717994,0.22997977437798647,0.6187119465664636,False,
main29_s011,main29_s011_o067,45,front,4.412,4.450763661387887,0.038763661387887005,0.7752732277577401,-18.7,-18.691055512711728,0.008944487288260916,0.0035777949153043666,True,30.6,31.053271163087373,0.45327116308737914,0.13084811401219654,0.4539392790652767,False,
main29_s011,main29_s011_o068,46,front,3.995,4.043139211353027,0.04813921135302657,0.9627842270605314,-26.2,-30.316001757441995,-4.116001757442007,-1.164181101625196,False,,,,,1.0682394640851365,False,
main29_s011,main29_s011_o069,35,rear,1.828,1.8566774746806924,0.028677474680692372,0.5735494936138474,0.8,0.19003321117537553,-0.6099667888246358,-0.24398671552985435,True,50.5,49.93435988697456,-0.565640113025438,-0.1632862357598435,0.37199952229734834,False,
main29_s012,main29_s012_o072,36,front,3.664,3.7154743790469773,0.05147437904697716,1.0294875809395432,20.6,20.500923313235916,-0.09907668676407866,-0.03963067470563146,False,,,,,0.7284968324180882,False,
main29_s012,main29_s012_o073,37,front,4.433,4.372985593896754,-0.06001440610324593,-1.2002881220649186,7.6,8.818697837385201,1.218697837385207,0.48747913495408285,True,-15.1,-17.82031551125408,-2.7203155112540855,-0.7852874463516303,0.8746435190756622,False,
main29_s012,main29_s012_o074,38,front,4.735,4.756878626704223,0.021878626704222803,0.3660994479776837,-4.4,-2.2934852880466394,2.1065147119533663,0.8426058847813465,True,-24.9,-28.932498636685978,-4.032498636685972,-1.1640820866987223,0.8561737727530496,False,
main29_s012,main29_s012_o075,40,front,5.113,5.239451383758241,0.1264513837582406,2.115936361808803,-19.0,-18.8334771311051,0.16652286889490142,0.06660914755796057,True,42.7,44.52750952025559,1.827509520255603,0.5275565567330881,1.2596215551129029,False,
main29_s012,main29_s012_o076,41,front,4.613,4.589202577185394,-0.023797422814606506,-0.39820704807022583,-25.0,-27.84242293336405,-2.8424229333640483,-1.1369691733456193,True,36.2,35.51856371799664,-0.6814362820033466,-0.1967137104251049,0.7047373123228815,False,
main29_s012,main29_s012_o078,49,rear,0.868,0.9369749284147918,0.0689749284147918,1.379498568295836,-2.8,-3.2161533656120582,-0.41615336561204685,-0.16646134624481873,True,-29.1,-29.855166714251368,-0.7551667142513736,-0.21799785287803786,0.8120444863805869,False,
main29_s013,main29_s013_o080,36,front,2.764,2.72932487646515,-0.034675123534849916,-0.6935024706969983,17.8,18.148198930707025,0.3481989307070137,0.13927957228280546,False,,,,,0.500172208403327,False,
main29_s013,main29_s013_o081,37,front,3.442,3.425532287884674,-0.016467712115326272,-0.32935424230652544,1.6,3.3437007636968588,1.7437007636968644,0.6974803054787457,True,-23.1,-21.955441452508012,1.1445585474919824,0.33040559274889153,0.48446563317252833,False,
main29_s013,main29_s013_o082,38,front,3.863,3.8895215123539684,0.02652151235396838,0.5304302470793676,-11.5,-9.931702141885268,1.5682978581147324,0.627319143245893,True,-36.5,-35.23084435809005,1.269155641909947,0.3663736757501201,0.5193313729473358,False,
main29_s013,main29_s013_o083,39,front,4.574,4.514113615626903,-0.05988638437309657,-1.0020908787724965,-19.5,-19.96706965184731,-0.46706965184731075,-0.1868278607389243,True,-45.5,-45.266211868052096,0.23378813194790382,0.067488820456731,0.5898150895984148,False,
main29_s013,main29_s013_o084,40,front,4.486,4.555408794462267,0.06940879446226766,1.3881758892453533,-25.2,-28.537555319605985,-3.337555319605997,-0.9440031996314542,True,41.5,36.16330246418923,-5.336697535810771,-1.0893488228587287,1.1554011133599518,True,worst_normalized_residual
main29_s013,main29_s013_o086,49,rear,1.885,1.8729525927686606,-0.012047407231339458,-0.24094814462678915,11.8,8.96684549130066,-2.8331545086993515,-0.8013371061002212,False,,,,,0.5916912902908785,False,
main29_s014,main29_s014_o089,46,front,3.688,3.6828288849732096,-0.005171115026790574,-0.10342230053581147,15.6,15.308480418226509,-0.29151958177348547,-0.11660783270939419,True,35.6,39.56716190926642,3.967161909266423,1.1452209981168995,0.6672892160138584,False,
main29_s014,main29_s014_o090,47,front,3.2,3.1636252621509433,-0.03637473784905687,-0.7274947569811374,0.8,1.923913941506271,1.1239139415062596,0.44956557660250385,True,19.7,26.18259543254618,6.482595432546191,1.8713641090139908,1.1879059246711856,False,
main29_s014,main29_s014_o091,48,front,2.869,2.874910878086052,0.005910878086051952,0.11821756172103903,-15.9,-15.194881262416288,0.7051187375837173,0.2820474950334869,True,9.2,9.06380022862362,-0.13619977137636852,-0.03931748733385592,0.17801876882712905,False,
main29_s014,main29_s014_o092,49,front,2.871,2.8804976471030055,0.009497647103005491,0.18995294206010982,-28.1,-33.99440105255326,-5.894401052553263,-1.6671883821174145,False,,,,,1.1865073159623951,False,
main29_s014,main29_s014_o093,34,rear,2.604,2.5651502116799922,-0.03884978832000785,-0.6018583326682952,9.0,9.426085136542724,0.4260851365427243,0.17043405461708971,True,32.4,33.684766627582576,1.2847666275825702,0.3708801791403223,0.41985446957036554,False,
main29_s014,main29_s014_o094,35,rear,2.206,2.184676726164838,-0.02132327383516186,-0.4264654767032372,-13.7,-11.95091512507986,1.749084874920129,0.49471591037073903,False,,,,,0.46185313401213834,False,
main29_s015,main29_s015_o096,46,front,4.459,4.489734589457197,0.030734589457197536,0.6146917891439507,6.4,7.2067199217198095,0.8067199217198038,0.3226879686879215,True,28.8,31.677983884330047,2.8779838843300354,0.8308023851706753,0.6250882934919971,False,
main29_s015,main29_s015_o097,47,front,4.083,4.071912596841322,-0.011087403158677844,-0.2217480631735569,-5.7,-4.2452311076808655,1.454768892319123,0.5819075569276493,True,13.6,20.22603285492937,6.626032854929377,1.9127709262263901,1.1613901475599104,False,
main29_s015,main29_s015_o098,48,front,3.832,3.848984976906699,0.01698497690669898,0.3396995381339796,-17.7,-17.53594495959169,0.1640550404083001,0.06562201616332004,False,,,,,0.24464466600947798,False,
main29_s015,main29_s015_o099,49,front,3.817,3.8502644156124135,0.033264415612413334,0.6652883122482667,-26.8,-31.561387347977416,-4.761387347977404,-1.3467237126442617,False,,,,,1.062137772751843,False,
main29_s015,main29_s015_o100,35,rear,1.182,1.238804979193295,0.05680497919329497,1.1360995838658994,-2.9,-3.0028056904180005,-0.10280569041799481,-0.04112227616719792,True,19.9,21.468458272192265,1.5684582721922595,0.4527749028314481,0.7064980346024723,False,
main29_s016,main29_s016_o101,32,front,3.892,3.8914511539288665,-0.0005488460711333687,-0.010976921422667374,13.2,13.216304205800839,0.016304205800850013,0.006521682320340005,True,34.0,37.030746664297226,3.030746664297226,0.8749012012387819,0.5051782316084988,False,
main29_s016,main29_s016_o102,33,front,3.393,3.4019977061718634,0.008997706171863573,0.17995412343727146,-1.1,0.23873824277717404,1.3387382427771684,0.5354952971108673,True,21.7,24.053180701273504,2.3531807012735158,0.6793047556660482,0.5100959553000599,False,
main29_s016,main29_s016_o103,34,front,3.144,3.1352060993542614,-0.008793900645738706,-0.17587801291477412,-16.4,-16.067840873862224,0.33215912613778187,0.13286365045511275,False,,,,,0.15586183791920946,False,
main29_s016,main29_s016_o104,35,front,3.147,3.1522226435980802,0.005222643598080445,0.1044528719616089,-27.7,-33.57498193477892,-5.87498193477893,-1.661695826172258,False,,,,,1.1773154677441666,True,worst_normalized_residual
main29_s016,main29_s016_o106,48,rear,2.377,2.3659196291316555,-0.011080370868344236,-0.22160741736688472,13.5,14.102700656162938,0.6027006561629378,0.17046948839935802,False,,,,,0.1976988794950031,False,
main29_s016,main29_s016_o107,49,rear,1.935,1.935930984127742,0.0009309841277418407,0.018619682554836814,-10.2,-8.420286750217542,1.7797132497824464,0.5033789229954863,False,,,,,0.3561860698388825,False,
main29_s017,main29_s017_o109,48,front,4.136,4.14665535881458,0.010655358814579685,0.2131071762915937,13.1,13.47649200780063,0.3764920078006355,0.1505968031202542,True,17.3,21.81819422683327,4.518194226833259,1.3042903265565975,0.7679555806699007,False,
main29_s017,main29_s017_o110,49,front,3.934,3.8962771467308066,-0.03772285326919356,-0.7544570653838711,-1.2,0.5339238468943677,1.7339238468943563,0.6935695387577425,False,,,,,0.7246530785832178,False,
main29_s017,main29_s017_o111,50,front,3.671,3.677917841756931,0.006917841756931331,0.13835683513862662,-14.9,-13.737327248600195,1.1626727513998105,0.46506910055992423,False,,,,,0.3430975678471024,False,
main29_s017,main29_s017_o112,51,front,3.727,3.800686179397985,0.07368617939798527,1.4737235879597055,-26.4,-30.554546065569298,-4.154546065569292,-1.175083078286375,False,,,,,1.3327943304545924,True,worst_normalized_residual
main29_s017,main29_s017_o113,34,rear,1.142,1.173284319389268,0.03128431938926801,0.6256863877853602,12.2,9.988168563387802,-2.2118314366121865,-0.6256004030680242,False,,,,,0.625643396903846,False,
main29_s018,main29_s018_o114,31,front,4.071,4.112151384704865,0.04115138470486546,0.8230276940973091,-18.4,-19.050703959444917,-0.6507039594449111,-0.26028158377796445,True,42.4,44.9657839401757,2.5657839401756917,0.740678024271427,0.6566899379320817,False,
main29_s018,main29_s018_o116,55,front,3.329,3.3124994096253517,-0.01650059037464846,-0.3300118074929692,15.5,14.835261367048275,-0.6647386329517246,-0.26589545318068986,True,-13.6,-11.14825073333111,2.451749266668884,0.7077590495483738,0.4762810995356133,False,
main29_s018,main29_s018_o117,56,front,3.655,3.648239205390724,-0.006760794609275589,-0.13521589218551178,-2.0,-1.0376433887568055,0.9623566112431945,0.3849426444972778,True,-26.4,-27.021155489136163,-0.6211554891361573,-0.17931214443068702,0.25730463280737426,False,
main29_s018,main29_s018_o118,57,front,4.225,4.207675177161556,-0.017324822838443943,-0.34649645676887886,-13.8,-13.446913894653932,0.35308610534607965,0.14123444213843186,True,-39.4,-39.43042599503326,-0.03042599503325505,-0.00878322821140601,0.21608957039258453,False,
main29_s019,main29_s019_o119,32,front,3.387,3.393976056197959,0.006976056197959046,0.13952112395918093,-6.8,-5.892452062846019,0.9075479371539927,0.36301917486159707,True,20.6,23.4819736777431,2.8819736777431046,0.8319541393211985,0.5302190601634084,False,
main29_s019,main29_s019_o120,33,front,3.139,3.137912513000996,-0.0010874869990038505,-0.02174973998007701,-20.6,-22.13612915054307,-1.5361291505430756,-0.6144516602172303,False,,,,,0.4347550424853699,False,
main29_s019,main29_s019_o123,49,rear,2.408,2.390163274185339,-0.01783672581466078,-0.3567345162932156,9.3,9.308239044709126,0.008239044709114296,0.0032956178836457185,True,37.7,38.6826647852983,0.9826647852983115,0.28367088915757294,0.263147328549134,False,
main29_s019,main29_s019_o124,50,rear,1.744,1.7646825186902406,0.020682518690240626,0.4136503738048125,-12.5,-11.321478480932683,1.178521519067317,0.3333362231627084,False,,,,,0.3756458900488864,False,
main29_s020,main29_s020_o125,48,front,3.703,3.7487960639305253,0.04579606393052549,0.9159212786105098,22.8,21.901509412886412,-0.8984905871135993,-0.3593962348454397,True,38.5,41.05005764773168,2.550057647731677,0.7361382346834738,0.7094544718292336,False,
main29_s020,main29_s020_o126,49,front,3.247,3.210715716754345,-0.03628428324565469,-0.7256856649130938,8.6,9.146181054783938,0.5461810547839434,0.21847242191357735,True,29.7,28.294729289629203,-1.405270710370786,-0.4056667114584349,0.49629136743874036,False,
main29_s020,main29_s020_o127,50,front,2.751,2.7009951367065788,-0.05000486329342113,-1.0000972658684226,-8.3,-6.859222022177391,1.44077797782262,0.5763111911290479,True,10.5,12.289326212667874,1.7893262126678735,0.5165339852759251,0.7300996480305745,False,
main29_s020,main29_s020_o128,51,front,2.532,2.5488986593638536,0.016898659363853596,0.33797318727707193,-26.3,-30.830490416816474,-4.530490416816463,-1.2814161983326355,False,,,,,0.9370841340742803,False,
main29_s020,main29_s020_o129,32,rear,2.551,2.5295850016811547,-0.021414998318845413,-0.33175972739179244,12.5,12.984541153945258,0.48454115394525843,0.13704893428745885,False,,,,,0.25381777627700214,False,
main29_s020,main29_s020_o130,33,rear,2.203,2.1770273381742817,-0.025972661825718113,-0.5194532365143623,-10.6,-8.870003540485357,1.7299964595146378,0.4893168911806076,False,,,,,0.5046100895344348,False,
main29_s021,main29_s021_o132,51,front,3.534,3.567177377121721,0.0331773771217212,0.6635475424344239,20.3,20.138578779417685,-0.16142122058232644,-0.06456848823293057,False,,,,,0.4714151200075416,False,
main29_s021,main29_s021_o133,53,front,4.676,4.654489418320097,-0.021510581679903495,-0.35994087678142916,-8.8,-6.645510957989927,2.154489042010084,0.8617956168040337,True,-31.6,-33.702641677158454,-2.1026416771584593,-0.6069803691583813,0.6430848281174301,False,
main29_s021,main29_s021_o134,55,front,3.91,3.9475407553703947,0.037540755370394585,0.7508151074078917,-25.4,-28.402513123022118,-3.002513123022112,-0.8492389559562137,False,,,,,0.8015391848891493,False,
main29_s021,main29_s021_o136,34,rear,1.192,1.2380074143480004,0.046007414348000486,0.9201482869600097,0.6,0.15442214321618053,-0.4455778567838138,-0.17823114271352553,True,-26.9,-26.902708575952374,-0.0027085759523686193,-0.0007818985276102846,0.5411222356035393,False,
main29_s022,main29_s022_o137,31,front,3.462,3.513039853702503,0.05103985370250275,1.020797074050055,-17.0,-16.9023682980918,0.09763170190819892,0.03905268076327957,True,31.8,33.066048548745584,1.266048548745573,0.3654767352126958,0.6263984414214547,False,
main29_s022,main29_s022_o138,55,front,2.353,2.3593736475655285,0.006373647565528273,0.12747295131056546,24.9,23.405482305683023,-1.4945176943169827,-0.5978070777267931,True,-24.4,-16.62610084747962,7.773899152520386,2.244131384180324,1.3428512358608666,False,
main29_s022,main29_s022_o139,56,front,2.804,2.8238336819715397,0.019833681971539896,0.3966736394307979,2.4,3.218087980634891,0.8180879806348855,0.3272351922539542,True,-36.9,-36.81349517252772,0.08650482747228239,0.02497179271366218,0.2972408886745402,False,
main29_s022,main29_s022_o140,57,front,3.528,3.526921464375827,-0.0010785356241731492,-0.021570712483462984,-11.1,-10.102474576095176,0.9975254239048184,0.39901016956192736,True,-48.7,-50.13405772925779,-1.4340577292578018,-0.4139768080102277,0.33219031122797626,False,
main29_s022,main29_s022_o141,51,rear,0.654,0.713765881082435,0.05976588108243497,1.1953176216486994,-9.1,-9.661039538836121,-0.5610395388361269,-0.22441581553445075,True,37.1,40.307377308001264,3.20737730800127,0.9258900760836152,0.8825000675875363,False,
main29_s023,main29_s023_o142,32,front,3.12,3.150586185194302,0.030586185194301674,0.6117237038860335,30.0,28.468182579635084,-1.5318174203649164,-0.4332633941918867,False,,,,,0.530058043351255,False,
main29_s023,main29_s023_o143,33,front,3.166,3.1648080697156686,-0.0011919302843312884,-0.02383860568662577,10.9,11.038352920849576,0.13835292084957018,0.05534116833982807,True,-8.3,-9.556581511173931,-1.2565815111739198,-0.3627438368674847,0.21230011400502824,False,
main29_s023,main29_s023_o144,34,front,3.443,3.4580815336229187,0.015081533622918641,0.30163067245837283,-6.2,-4.91761789533183,1.2823821046681587,0.5129528418672635,True,-22.2,-25.51255232735525,-3.312552327355263,-0.9562514889516412,0.6502611246439446,False,
main29_s023,main29_s023_o145,35,front,3.963,3.965468282685422,0.0024682826854220963,0.049365653708441926,-17.3,-17.49753879715044,-0.197538797150429,-0.0790155188601716,True,-39.2,-38.09247322917395,1.1075267708260412,0.3197154396355659,0.19226577293611669,False,
main29_s023,main29_s023_o146,52,rear,1.712,1.7589433842283966,0.04694338422839661,0.9388676845679322,2.2,1.7261696649200076,-0.47383033507998107,-0.18953213403199243,True,-20.0,-18.86876476710347,1.131235232896529,0.3265594831148,0.5842476800606847,False,
main29_s024,main29_s024_o148,50,front,3.07,3.0828764508282687,0.012876450828268826,0.2575290165653765,11.0,11.116061096338058,0.11606109633805772,0.046424438535223086,True,25.7,30.770181317130834,5.070181317130846,1.4636352741428524,0.8584296978750723,False,
main29_s024,main29_s024_o149,51,front,2.559,2.5526171102598743,-0.006382889740125908,-0.12765779480251815,-9.8,-8.674145018716558,1.125854981283453,0.45034199251338125,False,,,,,0.3309867238989837,False,
main29_s024,main29_s024_o150,52,front,2.7,2.7122059192709345,0.012205919270934285,0.2441183854186857,-27.1,-31.76027260657156,-4.660272606571567,-1.3181241449138652,False,,,,,0.9479042798469511,False,
main29_s024,main29_s024_o151,32,rear,2.158,2.1599471738316973,0.0019471738316974019,0.03894347663394804,-12.6,-10.541331538851637,2.0586684611483577,0.5822793716371513,False,,,,,0.4126535235560788,False,
main29_s025,main29_s025_o154,53,front,4.219,4.223423826293706,0.004423826293705524,0.08847652587411048,18.0,17.427276430458733,-0.5727235695412674,-0.22908942781650693,True,-20.1,-22.566717356274467,-2.466717356274472,-0.7120799648298942,0.4348823357645874,False,
main29_s025,main29_s025_o155,55,front,3.229,3.221499831925698,-0.007500168074301872,-0.15000336148603743,-6.6,-5.304398181223178,1.2956018187768166,0.5182407275107266,True,38.9,44.70160803204362,5.801608032043617,1.6747799795165388,1.0158678457190147,True,worst_normalized_residual
main29_s025,main29_s025_o156,56,front,2.586,2.6082952475004304,0.02229524750043055,0.44590495000861097,-20.5,-21.393984041070667,-0.8939840410706665,-0.3575936164282666,True,28.6,28.612022172196134,0.01202217219613999,0.0034705021768427287,0.3300083147123153,False,
main29_s025,main29_s025_o157,33,rear,1.194,1.215748772346506,0.021748772346505962,0.43497544693011925,13.7,13.956125739116345,0.2561257391163565,0.07244329878623691,False,,,,,0.31181057628878545,False,
main29_s026,main29_s026_o159,31,front,3.1,3.1071006845403355,0.007100684540335411,0.14201369080670823,-23.9,-25.882103082697512,-1.9821030826975061,-0.7928412330790024,True,24.0,18.170117335487134,-5.829882664512866,-1.6829421628502177,1.0771968920529718,False,
main29_s026,main29_s026_o160,55,front,1.478,1.4800214372381968,0.0020214372381968104,0.04042874476393621,18.5,18.45796101620715,-0.04203898379284965,-0.01681559351713986,True,-30.6,-27.489818565608175,3.1101814343918193,0.8978320441873465,0.5189796486562681,False,
main29_s026,main29_s026_o161,56,front,2.134,2.1480943075447714,0.014094307544771478,0.28188615089542957,-8.4,-6.375857652600786,2.02414234739922,0.8096569389596879,True,-51.0,-52.323637234416196,-1.3236372344161964,-0.3821011567998014,0.5419118793370865,False,
main29_s027,main29_s027_o163,31,front,2.158,2.1476491088920544,-0.010350891107945515,-0.2070178221589103,25.3,25.39634681971617,0.09634681971616033,0.02725099582682189,True,27.7,27.183299684700046,-0.5167003152999428,-0.10547101020167031,0.13505940601322133,False,
main29_s027,main29_s027_o164,32,front,3.185,3.1618023318264274,-0.023197668173572605,-0.4639533634714521,-14.7,-13.185426103832981,1.5145738961670077,0.6058295584668031,True,-15.5,-11.398473238849192,4.101526761150808,1.1840087898194362,0.8132566203764223,False,
main29_s027,main29_s027_o165,33,front,3.445,3.47977668690967,0.03477668690966995,0.695533738193399,-25.7,-28.82549464136372,-3.12549464136373,-0.884023382188204,False,,,,,0.7953818332162091,False,
main29_s028,main29_s028_o169,53,front,2.973,2.9274767148748597,-0.045523285125140145,-0.9104657025028029,10.9,10.740400872718055,-0.15959912728195036,-0.06383965091278014,True,-16.3,-12.776442214989515,3.523557785010496,1.0171635178405056,0.7890173040958947,False,
main29_s028,main29_s028_o170,54,front,2.631,2.6410697217991013,0.010069721799101483,0.20139443598202966,-8.9,-8.02003493610664,0.8799650638933656,0.35198602555734626,True,54.9,58.46312197618579,3.5631219761857835,1.0285847160531667,0.638341705549191,False,
main29_s028,main29_s028_o171,55,front,1.785,1.7954791004800925,0.010479100480092596,0.20958200960185192,-21.6,-23.636568701160286,-2.0365687011602915,-0.8146274804641166,True,40.9,42.84658821113214,1.9465882111321378,0.5619316138492458,0.5840404350497441,False,
main29_s028,main29_s028_o172,32,rear,2.224,2.196245819991821,-0.027754180008179308,-0.5550836001635862,6.9,8.157515049799997,1.2575150497999914,0.5030060199199966,True,-15.6,-15.359328037907517,0.24067196209247754,0.06947601105024366,0.4343423286448058,False,
main29_s029,main29_s029_o174,49,front,5.329,5.268262542682374,-0.06073745731762603,-1.0163320530195454,19.1,18.825331200788696,-0.27466879921129816,-0.10986751968451927,True,39.8,42.61165537293152,2.8116553729315115,0.8116549932152329,0.7536103197028228,False,
main29_s029,main29_s029_o175,50,front,4.468,4.52476330412525,0.056763304125250436,1.1352660825050087,11.0,11.592534765128448,0.5925347651284483,0.23701390605137931,True,29.5,35.378858937271275,5.878858937271275,1.6970803949807038,1.1867443612359352,False,
main29_s029,main29_s029_o176,51,front,3.85,3.8617096477594064,0.011709647759406305,0.2341929551881261,-2.2,-0.4658513155077344,1.7341486844922542,0.6936594737969017,True,18.1,23.320472856635092,5.220472856635098,1.5070207045377042,0.9673195283450828,False,
main29_s029,main29_s029_o177,53,front,3.9,3.927159296665444,0.02715929666544392,0.5431859333088784,-27.9,-32.93270720035531,-5.032707200355304,-1.4234645556390402,False,,,,,1.0773352076548153,False,
main29_s029,main29_s029_o178,58,rear,0.707,0.7473740531180288,0.040374053118028885,0.8074810623605777,12.9,13.602235988081503,0.7022359880814975,0.19862233166626497,False,,,,,0.5879951091240092,False,
repeat10_s001,repeat10_s001_o002,37,front,4.401,4.421977298249788,0.02097729824978778,0.4195459649957556,-10.9,-8.313135287357795,2.5868647126422104,1.0347458850568843,True,18.9,21.172533799138364,2.2725337991383583,0.656024000337527,0.7476820519457064,False,
repeat10_s001,repeat10_s001_o003,38,front,4.155,4.171954073107409,0.01695407310740915,0.339081462148183,-21.0,-20.743070387526018,0.25692961247398216,0.10277184498959287,False,,,,,0.25053771182709655,False,
repeat10_s001,repeat10_s001_o004,39,front,4.113,4.136575437484311,0.023575437484310235,0.4715087496862047,-28.7,-34.04581672953202,-5.345816729532032,-1.512025304173037,False,,,,,1.1199421908050016,False,
repeat10_s001,repeat10_s001_o005,45,rear,0.841,0.8939689609235827,0.05296896092358272,1.0593792184716544,-12.4,-12.584639213065202,-0.18463921306519637,-0.05222385585253926,False,,,,,0.7500038865398366,False,
repeat10_s002,repeat10_s002_o006,45,front,3.819,3.8398060083825603,0.020806008382560304,0.4161201676512061,24.9,23.51406898941491,-1.3859310105850966,-0.5543724042340387,False,,,,,0.4901452623979427,False,
repeat10_s002,repeat10_s002_o007,46,front,3.862,3.8717656832897696,0.009765683289769456,0.1953136657953891,9.2,9.35435947766996,0.1543594776699706,0.06174379106798824,True,-8.9,-8.99103201415744,-0.09103201415743456,-0.026278678939334332,0.11923407335807573,False,
repeat10_s002,repeat10_s002_o008,47,front,4.121,4.128282896377145,0.007282896377144965,0.1456579275428993,-4.8,-3.7833545660175787,1.0166454339824327,0.40665817359297307,True,-22.4,-22.128746057844978,0.2712539421550275,0.07830426826097615,0.25345522973098034,False,
repeat10_s002,repeat10_s002_o009,48,front,4.527,4.567805570758448,0.04080557075844826,0.6828077982700284,-15.1,-14.80840082299892,0.29159917700107485,0.11663967080042995,True,-34.4,-33.15379231482632,1.2462076851736867,0.3597491712506042,0.4506479662287378,False,
repeat10_s002,repeat10_s002_o010,39,rear,1.117,1.185658934566583,0.0686589345665829,1.373178691331658,3.3,3.188590734219872,-0.11140926578013932,-0.04456370631205573,True,-15.6,-15.15680075760747,0.44319924239252373,0.1279406009499809,0.7966543457106589,False,
repeat10_s003,repeat10_s003_o012,45,front,3.586,3.606252675447713,0.02025267544771303,0.4050535089542606,20.1,19.98471422524051,-0.1152857747594851,-0.04611430990379404,True,41.3,38.59669287662311,-2.7033071233768737,-0.7803775476919355,0.5083253523862257,False,
repeat10_s003,repeat10_s003_o013,46,front,3.12,3.1033080508686957,-0.01669194913130445,-0.333838982626089,4.9,6.127341306985045,1.2273413069850392,0.4909365227940157,True,21.5,24.739319958367645,3.239319958367645,0.9351111249774435,0.6395050043563593,False,
repeat10_s003,repeat10_s003_o014,48,front,2.886,2.880464119467077,-0.005535880532923088,-0.11071761065846175,-26.3,-30.51871662253484,-4.218716622534828,-1.1932332526795142,False,,,,,0.8473676842463524,False,
repeat10_s003,repeat10_s003_o015,35,rear,2.649,2.636068417440701,-0.012931582559299049,-0.200335215569086,14.8,16.728845433649553,1.928845433649542,0.5455598743977192,False,,,,,0.41095606526121947,False,
repeat10_s004,repeat10_s004_o017,42,front,3.072,3.0227663224953485,-0.049233677504651574,-0.9846735500930315,14.2,15.23262092453308,1.0326209245330915,0.4130483698132366,True,-26.9,-23.186342586971563,3.713657413028443,1.0720405535450104,0.8735868406562449,False,
repeat10_s004,repeat10_s004_o018,43,front,3.537,3.5460531237507897,0.009053123750789815,0.1810624750157963,-2.4,0.008468251176395825,2.4084682511764015,0.9633873004705606,True,-34.1,-38.41049526032825,-4.310495260328253,-1.2443327994455613,0.9145605185630287,False,
repeat10_s004,repeat10_s004_o019,45,front,4.47,4.4863379702796085,0.016337970279608705,0.3267594055921741,-20.3,-20.44714325650193,-0.14714325650191995,-0.05885730260076798,True,30.3,31.133893231993426,0.8338932319934145,0.24072424098340242,0.23677278236699456,False,
repeat10_s004,repeat10_s004_o020,46,front,4.051,4.076729256704372,0.02572925670437165,0.514585134087433,-27.4,-31.96507427591149,-4.565074275911485,-1.2911979908469118,False,,,,,0.9828504748411335,False,
repeat10_s004,repeat10_s004_o021,35,rear,1.834,1.8210321690600926,-0.012967830939907499,-0.25935661879815,-0.7,-1.603552713103113,-0.9035527131031245,-0.3614210852412498,True,51.2,49.977483775392216,-1.222516224607773,-0.35291003568299134,0.327839671108273,False,
repeat10_s005,repeat10_s005_o024,36,front,3.675,3.6509583088136868,-0.024041691186313052,-0.48083382372626104,19.8,19.587558719582347,-0.2124412804176643,-0.08497651216706573,False,,,,,0.34526958572925054,False,
repeat10_s005,repeat10_s005_o025,37,front,4.295,4.307499573290705,0.012499573290704724,0.24999146581409448,6.6,7.7013600345867985,1.1013600345868042,0.4405440138347217,True,-14.9,-17.846829079486724,-2.9468290794867187,-0.8506762811487371,0.5716131840136102,False,
repeat10_s005,repeat10_s005_o026,38,front,4.708,4.69302671244549,-0.014973287554510328,-0.2505510232531791,-5.3,-3.562278188651476,1.7377218113485355,0.6950887245394142,True,-27.9,-29.110467302724942,-1.2104673027249362,-0.349431811536741,0.47188513473404137,False,
repeat10_s005,repeat10_s005_o027,39,front,5.167,5.229644813326641,0.06264481332664129,1.0482482236017983,-13.9,-12.82038762672883,1.0796123732711749,0.43184494930846995,True,-40.9,-38.36857674080227,2.5314232591977373,0.7307589500653466,0.778743227178289,False,
repeat10_s005,repeat10_s005_o028,40,front,5.048,5.182469547515959,0.13446954751595896,2.2501059038545472,-19.8,-20.27983345595021,-0.47983345595019955,-0.19193338238007981,True,41.2,44.17197742997635,2.9719774299763344,0.8579359846111644,1.3947364333478536,False,
repeat10_s005,repeat10_s005_o029,41,front,4.547,4.53804323518202,-0.008956764817980023,-0.14987534180541282,-25.6,-29.44711466805242,-3.847114668052427,-1.088128347912842,True,40.9,35.00469621787414,-5.895303782125865,-1.203373845409015,0.9406725486635082,False,
repeat10_s005,repeat10_s005_o031,49,rear,0.897,1.000855018083818,0.10385501808381803,2.0771003616763606,-2.5,-3.555063885763161,-1.0550638857631611,-0.42202555430526445,True,-28.0,-29.103252999836627,-1.1032529998366272,-0.3184817082199694,1.2374546563320268,False,
repeat10_s006,repeat10_s006_o033,36,front,2.677,2.6856674000113405,0.008667400011340476,0.17334800022680952,16.3,16.668893844417596,0.36889384441758466,0.14755753776703387,True,-11.7,-8.114517314761315,3.5854826852386736,1.035039696748645,0.611863255414702,False,
repeat10_s006,repeat10_s006_o034,37,front,3.399,3.394941553006076,-0.004058446993924214,-0.08116893987848428,0.1,1.9010994685522178,1.8010994685522235,0.7204397874208894,True,-23.5,-22.882311690626693,0.6176883093733068,0.17831125584598173,0.43105173241790234,False,
repeat10_s006,repeat10_s006_o035,38,front,3.93,3.8724005115492597,-0.05759948845074048,-1.1519897690148095,-12.8,-11.343754845615308,1.4562451543847033,0.5824980617538813,True,-35.4,-36.12716600479416,-0.7271660047941566,-0.2099147443067255,0.7550824722591966,False,
repeat10_s006,repeat10_s006_o036,39,front,4.527,4.507780085071434,-0.01921991492856634,-0.3216106906823397,-20.5,-21.27996879347313,-0.779968793473131,-0.3119875173892524,True,-46.0,-46.063379952651985,-0.06337995265198515,-0.01829621636242468,0.2589107947415231,False,
repeat10_s006,repeat10_s006_o037,40,front,4.465,4.558496525148567,0.09349652514856732,1.8699305029713464,-25.9,-29.845463407757393,-3.945463407757387,-1.1159455722194533,True,42.7,35.37112543306375,-7.328874566936236,-1.4960002564879014,1.5253405492447407,True,worst_normalized_residual
repeat10_s006,repeat10_s006_o039,49,rear,1.911,1.9097087309949987,-0.0012912690050013165,-0.02582538010002633,11.6,9.965074258864774,-1.6349257411352198,-0.46242683131726237,False,,,,,0.3274946752081892,False,
repeat10_s007,repeat10_s007_o041,32,front,3.86,3.8994932123890993,0.03949321238909942,0.7898642477819884,10.2,11.239581367585771,1.0395813675857823,0.41583254703431294,True,34.5,36.46707725515421,1.9670772551542086,0.5678462913900363,0.6108059287375078,False,
repeat10_s007,repeat10_s007_o042,33,front,3.471,3.4184510131063157,-0.05254898689368437,-1.0509797378736874,-3.9,-1.7713216582760367,2.128678341723969,0.8514713366895876,True,19.8,23.4561742292924,3.6561742292923896,1.0554465877430668,0.9905435117825434,False,
repeat10_s007,repeat10_s007_o043,34,front,3.166,3.1609591048821746,-0.00504089511782535,-0.100817902356507,-18.4,-18.017764782901565,0.3822352170984402,0.15289408683937608,False,,,,,0.1295006780407208,False,
repeat10_s007,repeat10_s007_o044,35,front,3.134,3.1856265440689144,0.05162654406891454,1.0325308813782907,-28.9,-35.357481160662104,-6.457481160662098,-1.8264514872354192,False,,,,,1.4835843515325147,False,
repeat10_s007,repeat10_s007_o046,58,front,4.375,4.364984945196793,-0.010015054803207413,-0.20030109606414825,28.3,27.656491233883116,-0.643508766116895,-0.18201176490969778,True,-39.2,-37.11601287854842,2.083987121451571,0.42539208984065535,0.29109405224030394,False,
repeat10_s008,repeat10_s008_o048,47,front,4.516,4.533501837095617,0.017501837095617034,0.2928617497762803,23.8,22.958699871007866,-0.8413001289921453,-0.33652005159685816,True,29.6,32.341148370758276,2.7411483707582818,0.791301374872999,0.5244589642303374,False,
repeat10_s008,repeat10_s008_o049,48,front,4.098,4.107053393595368,0.009053393595368497,0.18106787190736995,11.1,11.773077832559693,0.6730778325596987,0.26923113302387947,True,17.8,21.155526332310103,3.3555263323100917,0.9686570156160546,0.5897930120329185,False,
repeat10_s008,repeat10_s008_o050,49,front,3.871,3.8684465462747957,-0.0025534537252043243,-0.05106907450408649,-3.2,-1.3247855775437074,1.8752144224562812,0.7500857689825124,False,,,,,0.5316186185607079,False,
repeat10_s008,repeat10_s008_o051,50,front,3.667,3.6646767173831245,-0.0023232826168753107,-0.046465652337506214,-16.6,-15.723668772052179,0.8763312279478157,0.35053249117912627,False,,,,,0.25003208216086414,False,
repeat10_s008,repeat10_s008_o052,51,front,3.766,3.805534051336015,0.039534051336015175,0.7906810267203035,-27.5,-32.52679702193768,-5.026797021937682,-1.421792904744191,False,,,,,1.1503633230411159,True,worst_normalized_residual
repeat10_s008,repeat10_s008_o053,34,rear,1.172,1.2107410025525094,0.03874100255250945,0.774820051050189,11.4,11.19627063138799,-0.20372936861201651,-0.05762336722896426,False,,,,,0.5493935583715109,False,
repeat10_s009,repeat10_s009_o054,31,front,4.159,4.146586715716686,-0.012413284283313786,-0.24826568566627571,-19.9,-20.917526308123257,-1.0175263081232515,-0.4070105232493006,True,41.6,43.94446680628619,2.344466806286192,0.6767892708577375,0.477959947367686,False,
repeat10_s009,repeat10_s009_o056,55,front,3.32,3.3003051673007198,-0.019694832699280074,-0.3938966539856015,12.9,12.597486248597988,-0.3025137514020173,-0.12100550056080692,True,-15.1,-12.540520636992596,2.559479363007398,0.7388580496088065,0.48843563979257754,False,
repeat10_s009,repeat10_s009_o057,56,front,3.646,3.6583955574369575,0.012395557436957638,0.24791114873915276,-4.2,-3.1476415747328303,1.0523584252671583,0.42094337010686333,True,-23.2,-28.285648460323387,-5.085648460323398,-1.46810025378576,0.8933031612451812,False,
repeat10_s009,repeat10_s009_o058,57,front,4.216,4.234770540513777,0.0187705405137768,0.375410810275536,-15.6,-15.332318341164665,0.267681658835329,0.10707266353413161,True,-42.7,-40.47032522675522,2.229674773244767,0.643651665269092,0.4346206383931099,False,
repeat10_s010,repeat10_s010_o060,50,front,4.424,4.465893316896503,0.041893316896502775,0.8378663379300555,8.9,9.789141836130625,0.8891418361306194,0.35565673445224777,True,34.7,35.4064391683612,0.7064391683612143,0.20393142200972122,0.5385473479278821,False,
repeat10_s010,repeat10_s010_o061,51,front,3.803,3.8037026774806444,0.0007026774806444536,0.014053549612889071,-4.2,-2.4504123149032466,1.749587685096742,0.6998350740386968,True,16.0,23.16688501732733,7.166885017327331,2.068901497002515,1.260994321611682,False,
repeat10_s010,repeat10_s010_o062,52,front,3.646,3.6696286195381402,0.023628619538140327,0.47257239076280655,-19.0,-18.708498879957347,0.2915011200426534,0.11660044801706135,False,,,,,0.3441804243337019,False,
repeat10_s010,repeat10_s010_o063,53,front,3.872,3.883884030711733,0.01188403071173294,0.2376806142346588,-28.9,-35.35007148972346,-6.450071489723456,-1.8243557158085892,False,,,,,1.300916187190096,False,
repeat10_s010,repeat10_s010_o064,58,rear,0.739,0.8052630401428605,0.06626304014286055,1.325260802857211,10.8,11.183136884813848,0.3831368848138368,0.10836747574982127,False,,,,,0.9402286172495835,False,
