sample_uid,observation_uid,tag_id,camera_role,sample_observation_count,retained_observation_count,candidate_fit_success,current_stage5_rejected,current_stage5_survived,gt_distance_error_m,gt_abs_distance_error_m,gt_angle_error_deg,gt_abs_angle_error_deg,gt_distance_villain_gt8cm,gt_angle_villain_gt8deg,gt_any_da_villain,holdout_fit_x_m,holdout_fit_y_m,holdout_fit_heading_deg,heldout_predicted_distance_m,heldout_distance_residual_m,heldout_normalized_distance_residual,heldout_predicted_angle_deg,heldout_angle_residual_deg,heldout_normalized_angle_residual,heldout_H_score,retained_C_rms,retained_C_max,H_over_C,H_minus_C,H_over_1plus_C,sample_rank_heldout_H_score,sample_rank_H_over_C,sample_rank_H_minus_C,sample_rank_H_over_1plus_C,global_rank_heldout_H_score,global_percentile_heldout_H_score,global_rank_H_over_C,global_percentile_H_over_C,global_rank_H_minus_C,global_percentile_H_minus_C,global_rank_H_over_1plus_C,global_percentile_H_over_1plus_C
main29_s010,main29_s010_o062,48,front,3,2,True,N,Y,-0.024,0.024,5.9,5.9,N,N,N,3.7291243830577554,3.102537086066163,257.6568574838269,3.056090706950963,0.18109070695096285,3.621814139019257,-27.5695432395205,-2.669543239520493,-1.0678172958081973,2.6699973253569875,0.10049956872202673,0.10124457723854331,26.56725157440201,2.5694977566349606,2.426168443171283,1,1,1,1,3,0.9896907216494846,1,1.0,2,0.9948453608247423,1,1.0
main29_s001,main29_s001_o006,45,rear,5,4,True,N,Y,-0.05,0.05,1.8,1.8,N,N,N,1.897391499552116,1.0714122565281703,57.59849829587991,0.9259911342802283,0.09299113428022832,1.8598226856045663,-21.11674345130473,-11.816743451304717,-4.726697380521887,3.5916993574714633,0.9097717870689804,1.3494089757268148,3.9479124419134517,2.681927570402483,1.8806955793308786,1,1,1,1,1,1.0,17,0.9175257731958762,1,1.0,2,0.9948453608247423
repeat10_s005,repeat10_s005_o031,49,rear,7,6,True,N,Y,-0.039,0.039,-0.3,0.3,N,N,N,4.84887192456344,1.0177998511668385,114.1990736228305,1.0287422678252405,0.13174226782524046,2.634845356504809,-10.145562303244333,-7.645562303244333,-3.0582249212977333,2.854395708546862,0.7229818855151567,1.1837745630403622,3.94808744967791,2.1314138230317052,1.656660312301207,1,1,1,1,2,0.9948453608247423,16,0.9226804123711341,3,0.9896907216494846,3,0.9896907216494846
repeat10_s006,repeat10_s006_o037,40,front,6,5,True,Y,N,-0.15,0.15,4.0,4.0,Y,N,Y,5.003111032656664,2.027365192863237,114.99212775573928,4.602411513939742,0.1374115139397425,2.74823027879485,-30.221121647393034,-4.321121647393028,-1.2221977676814384,2.126797715887704,0.33522257587719745,0.48978464969543034,6.3444346202590385,1.7915751400105067,1.5928413391980494,1,1,1,1,4,0.9845360824742269,4,0.9845360824742269,4,0.9845360824742269,4,0.9845360824742269
main29_s022,main29_s022_o141,51,rear,5,4,True,N,Y,-0.031,0.031,0.4,0.4,N,N,N,8.004998291667048,1.070661996467651,39.10869381450522,0.7431720431997707,0.08917204319977068,1.7834408639954136,-13.741540068985955,-4.641540068985961,-1.8566160275943844,1.8203961642028719,0.3410287090515991,0.45729615692080083,5.337955767024407,1.4793674551512728,1.3574624852664716,1,1,1,1,7,0.9690721649484536,7,0.9690721649484536,5,0.979381443298969,5,0.979381443298969
main29_s017,main29_s017_o112,51,front,5,4,True,Y,N,-0.097,0.097,6.9,6.9,Y,N,Y,6.033370439676741,4.024578223769301,261.23798112465676,3.8335141482268464,0.10651414822684657,2.1302829645369314,-31.35888133198955,-4.958881331989545,-1.4025834467796747,1.8035168191864208,0.3734799179521768,0.4423624083253827,4.8289525955646075,1.430036901234244,1.3131002467625577,1,1,1,1,9,0.9587628865979382,12,0.9432989690721649,6,0.9742268041237113,6,0.9742268041237113
main29_s003,main29_s003_o017,47,front,7,6,True,Y,N,-0.056,0.056,4.3,4.3,N,N,N,1.9651478591238762,2.9957935930080786,262.5854429839598,3.270125326773394,0.071125326773394,1.42250653546788,-37.08910100312653,-7.289101003126518,-2.061669099225771,1.7711584229186321,0.41863052004910184,0.575160084403729,4.230839220014083,1.3525279028695303,1.248498744308228,1,1,1,1,13,0.9381443298969072,15,0.9278350515463918,8,0.9639175257731959,7,0.9690721649484536
main29_s004,main29_s004_o022,47,front,6,5,True,N,Y,0.154,0.154,-3.5,3.5,Y,N,Y,1.9517694364846294,3.989693913898446,289.1043518762463,4.160685713989827,-0.14531428601017282,-2.9062857202034564,-3.61947186120733,1.8805281387926698,0.7522112555170679,2.1227715916208565,0.7008569955768706,1.0617389085558882,3.0288227199239377,1.4219145960439858,1.2480600057154643,1,1,1,1,5,0.979381443298969,29,0.8556701030927836,7,0.9690721649484536,8,0.9639175257731959
main29_s006,main29_s006_o036,48,front,5,4,True,Y,N,-0.045,0.045,4.5,4.5,N,N,N,2.9809194257771616,2.9933334947513885,263.11555502801866,3.232258369838177,0.049258369838176996,0.9851673967635399,-35.45249982550746,-6.752499825507471,-1.9098953666309246,1.5195813751037035,0.23145767440851683,0.31352180500774346,6.565266755517821,1.2881237006951867,1.233969633453765,1,1,1,1,17,0.9175257731958762,3,0.9896907216494846,10,0.9536082474226804,9,0.9587628865979382
repeat10_s007,repeat10_s007_o044,35,front,5,4,True,N,Y,-0.053,0.053,5.7,5.7,N,N,N,6.0508482632234495,1.985511468237886,64.30056895231017,3.2102553217367396,0.07625532173673966,1.5251064347347931,-36.157257668827924,-7.2572576688279185,-2.0526624441785186,1.808227411999166,0.5081906688110173,0.6818917029616378,3.558167284396948,1.3000367431881488,1.1989382041626626,1,1,1,1,8,0.9639175257731959,20,0.9020618556701031,9,0.9587628865979382,10,0.9536082474226804
main29_s028,main29_s028_o172,32,rear,4,3,True,N,Y,0.018,0.018,-2.4,2.4,N,N,N,9.07881523600744,3.069477088943027,291.24736843196723,2.1628408054159993,-0.061159194584000875,-1.2231838916800175,2.8770436650335967,-4.022956334966409,-1.6091825339865635,1.4292738122124973,0.28000551478347524,0.38608646901477306,5.104448793866567,1.149268297429022,1.1166153549379607,1,1,1,1,21,0.8969072164948454,11,0.9484536082474226,13,0.9381443298969072,11,0.9484536082474226
main29_s013,main29_s013_o084,40,front,6,5,True,N,Y,-0.129,0.129,4.8,4.8,Y,N,Y,4.953395453662435,1.9757358092604518,115.45655924993562,4.591365350722761,0.10536535072276099,2.1073070144552197,-28.868743148195648,-3.6687431481956594,-1.0376772634083336,1.6609510763666067,0.4982518136540042,0.740265894825542,3.3335575121860037,1.1626992627126025,1.108592735366563,1,1,1,1,15,0.9278350515463918,23,0.8865979381443299,11,0.9484536082474226,12,0.9432989690721649
main29_s016,main29_s016_o104,35,front,6,5,True,Y,N,-0.039,0.039,6.9,6.9,N,N,N,6.001315500884986,2.0384630094009584,65.457850913029,3.1488003565043474,0.0018003565043476222,0.036007130086952444,-34.27207445471828,-6.57207445471829,-1.8588633653576738,1.3146614629793396,0.18837063145730065,0.213579516008592,6.979121176208105,1.126290831522039,1.1062722589897467,1,1,1,1,30,0.8505154639175257,2,0.9948453608247423,15,0.9278350515463918,13,0.9381443298969072
main29_s027,main29_s027_o163,31,front,3,2,True,N,Y,-0.019,0.019,3.8,3.8,N,N,N,8.810436663213036,1.9851769485793718,84.98769930086081,2.280539229789654,0.12253922978965415,2.450784595793083,25.58387830554517,0.2838783055451586,0.08029290995309134,1.7338962031167553,0.5730463588961034,0.6626077902797015,3.025752063858974,1.1608498442206518,1.1022537214564543,1,2,1,1,14,0.9329896907216495,30,0.8505154639175257,12,0.9432989690721649,14,0.9329896907216495
main29_s009,main29_s009_o056,37,front,6,5,True,Y,N,-0.054,0.054,6.1,6.1,N,N,N,3.987040714665121,1.9933504868672673,65.33708909604093,3.175635932524309,0.0586359325243091,1.172718650486182,-32.13538526415181,-5.435385264151819,-1.537359111457274,1.3672494415392589,0.2563163206102813,0.43504474786428743,5.334227014042179,1.1109331209289777,1.088300310287372,1,1,1,1,24,0.8814432989690721,9,0.9587628865979382,16,0.9226804123711341,15,0.9278350515463918
main29_s017,main29_s017_o113,34,rear,5,4,True,N,Y,-0.058,0.058,0.9,0.9,N,N,N,6.167517581134122,3.9898690065663778,259.92411980608574,1.159763258362262,0.017763258362262002,0.35526516724524004,3.3032120524777895,-8.8967879475222,-2.5163916353886773,1.7970030887163062,0.6598072305688485,0.9868057915295226,2.7235274265894778,1.1371958581474577,1.0826577060400189,2,2,2,2,11,0.9484536082474226,33,0.8350515463917526,14,0.9329896907216495,16,0.9226804123711341
repeat10_s005,repeat10_s005_o028,40,front,7,6,True,N,Y,-0.206,0.206,1.2,1.2,Y,N,Y,4.9607493556141735,1.0311580701909142,115.44362541579923,5.204443197599912,0.15644319759991188,2.617795397100358,-20.451195122660096,-0.6511951226600843,-0.2604780490640337,1.8602018109769738,0.775108564541555,1.204305738021807,2.39992421200662,1.0850932464354188,1.047936925174712,2,2,2,2,6,0.9742268041237113,40,0.7989690721649485,17,0.9175257731958762,17,0.9175257731958762
main29_s026,main29_s026_o159,31,front,3,2,True,N,Y,-0.008,0.008,3.6,3.6,N,N,N,8.938857751499462,1.064116981999694,43.11538127888074,3.06781553967555,-0.032184460324450104,-0.6436892064890021,-27.919964742236232,-4.019964742236226,-1.6079858968944905,1.2247355712891703,0.20176058412375478,0.21345278498535086,6.070241998000704,1.0229749871654155,1.0191177739301271,1,1,1,1,38,0.8092783505154639,6,0.9742268041237113,19,0.9072164948453608,18,0.9123711340206185
main29_s012,main29_s012_o075,40,front,6,5,True,Y,N,-0.142,0.142,1.9,1.9,Y,N,Y,4.984949584210172,0.9682345449899123,116.60997030485285,5.265315411609394,0.15231541160939344,2.548724326373275,-18.964999371561703,0.0350006284382971,0.01400025137531884,1.8022474440105993,0.7744102068797704,0.9377937846081497,2.327251665847948,1.027837237130829,1.0156881633248604,1,1,1,1,10,0.9536082474226804,43,0.7835051546391752,18,0.9123711340206185,19,0.9072164948453608
repeat10_s002,repeat10_s002_o010,39,rear,5,4,True,N,Y,-0.045,0.045,-1.6,1.6,N,N,N,2.026594410702233,3.961835354017857,288.085699686314,1.205574943899178,0.08857494389917808,1.7714988779835616,2.0852061564098108,-1.2147938435902006,-0.48591753743608024,1.2989080275148357,0.2834069899137704,0.38621784651890045,4.58318980738634,1.0155010376010654,1.0120780373824416,1,1,1,1,31,0.845360824742268,13,0.9381443298969072,20,0.9020618556701031,20,0.9020618556701031
repeat10_s008,repeat10_s008_o052,51,front,6,5,True,Y,N,-0.059,0.059,5.7,5.7,N,N,N,5.999377917289295,3.9918853521289948,260.15563259631335,3.817204766412352,0.051204766412352054,1.024095328247041,-33.11409427390805,-5.6140942739080515,-1.58790565252038,1.3360792646103727,0.3569294073175901,0.5086060819876569,3.7432591353324685,0.9791498572927826,0.9846343202566193,1,1,1,1,27,0.865979381443299,18,0.9123711340206185,22,0.8917525773195876,21,0.8969072164948454
main29_s005,main29_s005_o029,38,front,5,4,True,N,Y,-0.049,0.049,5.4,5.4,N,N,N,3.0012160632407388,2.0110794852231084,65.26746845549344,3.1551898409508454,0.03718984095084554,0.7437968190169109,-31.83694167763315,-5.236941677633155,-1.4812307891731433,1.172023540457735,0.19103075614671794,0.2942343903306252,6.135260960583657,0.9809927843110171,0.9840413729109095,1,1,1,1,43,0.7835051546391752,5,0.979381443298969,21,0.8969072164948454,22,0.8917525773195876
main29_s001,main29_s001_o005,39,front,5,4,True,N,Y,-0.065,0.065,5.6,5.6,N,N,N,2.03856619458624,0.9989237359206179,58.80568174845121,4.164902102395475,0.07090210239547456,1.4180420479094913,-36.6509905154856,-7.3509905154855915,-2.0791740967751426,1.7795797501573334,0.8853278385402261,1.4043352520111887,2.010079964379744,0.8942519116171073,0.9439099735222859,2,2,2,2,12,0.9432989690721649,51,0.7422680412371134,25,0.8762886597938144,23,0.8865979381443299
main29_s014,main29_s014_o092,49,front,6,5,True,N,Y,-0.02,0.02,6.5,6.5,N,N,N,5.005494587623389,2.9828244870781875,245.0799694802406,2.872935140138727,0.0019351401387268652,0.038702802774537304,-34.49098702659518,-6.390987026595184,-1.807644105992282,1.2784903442872069,0.36441706127107854,0.5645340666988558,3.50831637747108,0.9140732830161283,0.9370231292008157,1,1,1,1,32,0.8402061855670103,21,0.8969072164948454,23,0.8865979381443299,24,0.8814432989690721
repeat10_s010,repeat10_s010_o063,53,front,5,4,True,N,Y,-0.037,0.037,6.0,6.0,N,N,N,9.020868306317153,3.9772272696851085,243.50315475979954,3.883582276837059,0.011582276837059258,0.23164553674118515,-36.20174699432562,-7.301746994325612,-2.065245925678453,1.4695067860039914,0.5987966354259111,0.9275243701372892,2.454099938218195,0.8707101505780803,0.9191330238273377,1,1,1,1,18,0.9123711340206185,39,0.8041237113402062,27,0.865979381443299,25,0.8762886597938144
repeat10_s001,repeat10_s001_o004,39,front,4,3,True,N,Y,-0.047,0.047,6.3,6.3,N,N,N,1.988891353202855,1.0103873195728383,59.42704557850283,4.1487007773942315,0.035700777394231054,0.7140155478846211,-35.35510335669801,-6.655103356698021,-1.8823474852074102,1.4235607218674653,0.5585240710400917,0.6842303919595374,2.548790277232796,0.8650366508273736,0.9134031025375452,1,1,1,1,23,0.8865979381443299,37,0.8144329896907216,28,0.8608247422680413,26,0.8711340206185567
main29_s027,main29_s027_o165,33,front,3,2,True,N,Y,-0.073,0.073,6.2,6.2,N,N,N,9.00096772437357,2.0204288877079617,87.36922145982759,3.4990058967469926,0.05400589674699274,1.0801179349398549,-29.667113349081234,-3.967113349081245,-1.1220691003484096,1.1012932895771739,0.2063732659834392,0.23235806543312065,5.336414502765824,0.8949200235937347,0.9128959673019579,2,1,2,2,51,0.7422680412371134,8,0.9639175257731959,24,0.8814432989690721,27,0.865979381443299
main29_s024,main29_s024_o150,52,front,4,3,True,N,Y,-0.024,0.024,5.1,5.1,N,N,N,8.014804575444694,2.98321937003652,249.30913005105594,2.704870446435147,0.004870446435147002,0.09740892870294005,-32.58811497680853,-5.488114976808532,-1.5522733264131063,1.0997820191484913,0.20784052628730307,0.2809413741229851,5.291470526918487,0.8919414928611882,0.9105357828396723,1,1,1,1,52,0.7371134020618557,10,0.9536082474226804,26,0.8711340206185567,28,0.8608247422680413
main29_s004,main29_s004_o023,48,front,6,5,True,N,Y,-0.068,0.068,-2.6,2.6,N,N,N,1.9145797396142594,4.026467346768288,288.9078606549595,4.659067394627581,0.13706739462758044,2.293576200521361,-14.829694285553614,0.7703057144463799,0.30812228577855194,1.6363726853304847,0.8681512072016155,1.427984095786622,1.8848936357586161,0.7682214781288692,0.8759316050126789,2,2,2,2,16,0.9226804123711341,58,0.7061855670103092,33,0.8350515463917526,29,0.8556701030927836
main29_s013,main29_s013_o086,49,rear,6,5,True,N,Y,0.004,0.004,-0.0,0.0,N,N,N,4.833746690194184,1.9227016995486865,113.77387293445835,1.8525618984059111,-0.032438101594088886,-0.6487620318817777,5.0064897058418865,-6.793510294158125,-1.9214948788239312,1.4340562651719715,0.6755018093435924,0.9807313766870863,2.122949554443817,0.7585544558283791,0.8558965780728035,2,2,2,2,19,0.9072164948453608,47,0.7628865979381443,34,0.8298969072164948,30,0.8505154639175257
main29_s007,main29_s007_o046,38,rear,6,5,True,N,Y,-0.068,0.068,-2.9,2.9,N,N,N,2.8950054152678,3.993759073936517,277.4091200842259,1.151627566897211,0.046627566897210926,0.9325513379442185,-5.196698638063538,5.203301361936468,1.47171587103299,1.2319901791313,0.44291811179459234,0.6408596999886856,2.781530369439143,0.7890720673367075,0.8538185008981859,1,1,1,1,37,0.8144329896907216,32,0.8402061855670103,29,0.8556701030927836,31,0.845360824742268
main29_s015,main29_s015_o099,49,front,5,4,True,N,Y,-0.064,0.064,5.4,5.4,N,N,N,4.99602883273258,3.981095148761458,244.9455914497121,3.8621311437846364,0.04513114378463623,0.9026228756927246,-32.30239753586943,-5.50239753586942,-1.5563130441589668,1.2721710472933965,0.4902638688250946,0.7303534403896289,2.5948700856584095,0.7819071784683018,0.8536548955564226,1,1,1,1,34,0.8298969072164948,35,0.8247422680412371,31,0.845360824742268,32,0.8402061855670103
main29_s011,main29_s011_o068,46,front,5,4,True,N,Y,-0.093,0.093,4.8,4.8,Y,N,Y,4.014196215849181,3.9603604385360076,219.78871404981155,4.054715345085148,0.05971534508514775,1.194306901702955,-30.83952540905335,-4.639525409053363,-1.3122559512915695,1.254668214540293,0.4836999015562174,0.7136142361703725,2.593898015078407,0.7709683129840756,0.8456347629492336,2,1,1,1,35,0.8247422680412371,36,0.8195876288659794,32,0.8402061855670103,33,0.8350515463917526
main29_s002,main29_s002_o010,39,front,6,5,True,N,Y,-0.049,0.049,2.1,2.1,N,N,N,2.0573539550711923,1.9946675307374022,70.39033951583764,3.17146409129961,0.06146409129961006,1.2292818259922011,-26.943023407365246,-2.743023407365257,-1.0972093629461028,1.1651184905088652,0.38150910590768067,0.5072838441774792,3.0539729523279213,0.7836093846011845,0.8433664935877189,1,1,1,1,44,0.7783505154639175,28,0.8608247422680413,30,0.8505154639175257,34,0.8298969072164948
main29_s021,main29_s021_o134,55,front,4,3,True,N,Y,-0.063,0.063,5.7,5.7,N,N,N,7.007266825018641,4.017758850685843,296.3466224244428,3.9756685665806564,0.06566856658065623,1.3133713316131246,-29.456605860312152,-4.056605860312146,-1.147381404971123,1.2331724014055658,0.4916027177914147,0.6351957903817017,2.5084735229816135,0.7415696836141512,0.8267431982367924,1,1,1,1,36,0.8195876288659794,38,0.8092783505154639,35,0.8247422680412371,35,0.8247422680412371
main29_s011,main29_s011_o069,35,rear,5,4,True,N,Y,-0.006,0.006,-0.6,0.6,N,N,N,4.063845104538942,3.8883646326638606,218.90205463950946,1.8588176218550478,0.030817621855047772,0.6163524371009554,-3.6287677277154273,-4.428767727715439,-1.7715070910861754,1.3262970444981188,0.6080955816086193,0.9144756447155401,2.181066734590659,0.7182014628894995,0.824762569878707,1,2,2,2,29,0.8556701030927836,45,0.7731958762886598,37,0.8144329896907216,36,0.8195876288659794
repeat10_s004,repeat10_s004_o021,35,rear,5,4,True,N,Y,-0.0,0.0,-2.2,2.2,N,N,N,4.094343057460317,3.925415696220131,217.0503659662824,1.8114947357726487,-0.02250526422735133,-0.4501052845470266,-5.345364578966269,-4.64536457896628,-1.858145831586512,1.3519061910168713,0.6392058758293756,0.9951737789186461,2.114977728048511,0.7127003151874957,0.8247323969192449,1,2,1,1,26,0.8711340206185567,48,0.7577319587628866,38,0.8092783505154639,37,0.8144329896907216
repeat10_s003,repeat10_s003_o014,48,front,4,3,True,N,Y,-0.013,0.013,4.4,4.4,N,N,N,3.950169988458833,2.9604861656197277,250.4680709405306,2.869585661970875,-0.016414338029125286,-0.3282867605825057,-31.36047374334146,-5.060473743341447,-1.431318119973284,1.0383746331978674,0.2997778326291164,0.35399737646327845,3.4638139321079793,0.738596800568751,0.7988862458882703,1,1,1,1,57,0.711340206185567,22,0.8917525773195876,36,0.8195876288659794,38,0.8092783505154639
repeat10_s001,repeat10_s001_o002,37,front,4,3,True,N,Y,-0.031,0.031,-1.7,1.7,N,N,N,1.9414354281599222,1.0188077412743393,61.93205995568226,4.4349411885391055,0.03394118853910566,0.6788237707821132,-6.508572428057505,4.391427571942501,1.7565710287770002,1.3316049509741124,0.6869710439189518,0.7635127604569236,1.9383712934649016,0.6446339070551605,0.7893466552221909,2,2,2,2,28,0.8608247422680413,56,0.7164948453608248,39,0.8041237113402062,39,0.8041237113402062
repeat10_s010,repeat10_s010_o064,58,rear,5,4,True,N,Y,-0.059,0.059,-3.1,3.1,N,N,N,8.989973908791246,3.9670314681016614,244.8002098636419,0.8308912817904405,0.09189128179044048,1.8378256358088096,12.76041694856525,1.9604169485652392,0.5544896473134079,1.35739858490677,0.7435248625820032,1.2959192884222972,1.8256263552411642,0.6138737223247668,0.7785369822008646,2,2,2,2,25,0.8762886597938144,61,0.6907216494845361,42,0.788659793814433,40,0.7989690721649485
repeat10_s004,repeat10_s004_o020,46,front,5,4,True,N,Y,-0.037,0.037,3.6,3.6,N,N,N,4.032659916691388,3.9863734953472667,217.90032155693555,4.086341220675352,0.035341220675351614,0.7068244135070323,-32.626275481256584,-5.226275481256579,-1.4782139332582056,1.158601998964324,0.5149750398916306,0.7125715756800541,2.2498216597218685,0.6436269590726933,0.7647663944662753,2,1,2,2,45,0.7731958762886598,44,0.7783505154639175,40,0.7989690721649485,41,0.7938144329896908
main29_s012,main29_s012_o078,49,rear,6,5,True,N,Y,-0.067,0.067,-0.6,0.6,N,N,N,4.927759480212481,0.9828493856907359,116.20882967410199,0.9561674988207687,0.08816749882076869,1.7633499764153737,-5.257517512328604,-2.457517512328593,-0.9830070049314372,1.427533871939362,0.944927106951757,1.2004452149531712,1.5107343851574409,0.482606764987605,0.7339780842361262,2,2,2,2,22,0.8917525773195876,82,0.5824742268041236,58,0.7061855670103092,42,0.788659793814433
main29_s010,main29_s010_o060,45,front,3,2,True,N,Y,-0.076,0.076,3.8,3.8,N,N,N,4.022054794172122,2.9842507527783626,253.5030649902193,3.667207628099421,0.07920762809942072,1.5841525619884145,22.958652534367502,0.25865253436751345,0.10346101374700538,1.1225514511638242,0.5357771325998234,0.5392122642671189,2.095183580748803,0.5867743185640008,0.7309338232322324,2,3,3,2,47,0.7628865979381443,50,0.7474226804123711,46,0.768041237113402,43,0.7835051546391752
repeat10_s007,repeat10_s007_o042,33,front,5,4,True,N,Y,0.035,0.035,-2.7,2.7,N,N,N,6.006529688242807,2.03353829818045,65.02609638879689,3.402469375984665,-0.06853062401533494,-1.3706124803066988,-0.9860681174651518,2.913931882534854,1.1655727530139415,1.2722300133507658,0.7430481668444686,1.2137417807979287,1.7121770433181933,0.5291818465062972,0.729888041851391,2,2,2,2,33,0.8350515463917526,67,0.6597938144329897,55,0.7216494845360825,44,0.7783505154639175
main29_s008,main29_s008_o052,48,rear,5,4,True,N,Y,-0.064,0.064,-0.4,0.4,N,N,N,3.9363804884630857,0.967711544236249,116.40893146344565,0.9714161199129461,0.07041611991294605,1.408322398258921,-8.094307268360808,-2.1943072683608023,-0.8777229073443209,1.1734073204805582,0.6187445483159159,0.9368562566841835,1.8964325805767666,0.5546627721646423,0.7248872724861557,1,1,1,1,42,0.788659793814433,57,0.711340206185567,50,0.7474226804123711,45,0.7731958762886598
main29_s027,main29_s027_o164,32,front,3,2,True,N,Y,-0.016,0.016,1.7,1.7,N,N,N,8.952531105199991,2.046914369057686,88.91344827897562,3.144717635356779,-0.04028236464322088,-0.8056472928644176,-11.781081443013363,2.9189185569866254,1.1675674227946502,1.0030656128267748,0.3851377791679808,0.392978821084548,2.604433184907783,0.6179278336587939,0.7241630601031561,3,3,3,3,64,0.6752577319587629,34,0.8298969072164948,41,0.7938144329896908,46,0.768041237113402
main29_s029,main29_s029_o177,53,front,5,4,True,N,Y,-0.009,0.009,7.1,7.1,N,N,N,9.055089312527999,4.027584248885658,245.53851087483767,3.9265685925618894,0.02656859256188948,0.5313718512377896,-33.527009291633306,-5.6270092916333,-1.591558571165447,1.1864684424244234,0.6437400291957798,0.8517795590845478,1.8430863215181301,0.5427284132286436,0.7218102749526139,2,1,1,1,41,0.7938144329896908,60,0.6958762886597938,53,0.731958762886598,47,0.7628865979381443
main29_s010,main29_s010_o061,46,front,3,2,True,N,Y,-0.011,0.011,2.2,2.2,N,N,N,3.9288544909301875,2.966648882636365,255.7065702767643,3.0942851525526995,-0.04871484744730026,-0.9742969489460052,10.310321212510871,2.710321212510877,1.0841284850043507,1.030676747754436,0.43884103370655053,0.4448388474918864,2.348633488188439,0.5918357140478856,0.716324266273769,3,2,2,3,60,0.6958762886597938,42,0.788659793814433,45,0.7731958762886598,48,0.7577319587628866
main29_s026,main29_s026_o160,55,front,3,2,True,N,Y,0.02,0.02,2.0,2.0,N,N,N,9.081305797401834,0.9636420952337531,48.5871995117746,1.4061143019404885,-0.0718856980595115,-1.43771396119023,17.353621528945695,-1.1463784710543052,-0.4585513884217221,1.0670732894287982,0.4929675329588842,0.5078091343448592,2.1645914144163267,0.574105756469914,0.7147330841910444,2,3,3,2,54,0.7268041237113403,46,0.768041237113402,48,0.7577319587628866,49,0.7525773195876289
main29_s029,main29_s029_o175,50,front,5,4,True,N,Y,-0.006,0.006,1.0,1.0,N,N,N,9.08574511660257,4.030240228231446,246.49246047301696,4.54841155639495,0.08041155639495035,1.608231127899007,12.2331380044875,1.2331380044875004,0.49325520179500015,1.1894763669029196,0.6647437019005515,0.9084588733486396,1.7893759105985034,0.524732665002368,0.7145102069135063,1,2,2,2,40,0.7989690721649485,63,0.6804123711340206,56,0.7164948453608248,50,0.7474226804123711
main29_s001,main29_s001_o004,38,front,5,4,True,N,Y,-0.099,0.099,-0.2,0.2,Y,N,Y,2.0206235105229,0.9948831924888563,59.54915386947755,4.190805469908422,0.10080546990842176,2.0161093981684353,-22.419709984278654,-0.5197099842786486,-0.20788399371145944,1.4331630856648025,1.0080758810337165,1.6350336180300677,1.4216817529600914,0.42508720463108607,0.7136996660340542,3,3,3,3,20,0.9020618556701031,83,0.5773195876288659,65,0.6701030927835052,51,0.7422680412371134
main29_s020,main29_s020_o127,50,front,6,5,True,N,Y,0.029,0.029,-0.5,0.5,N,N,N,7.021888431117103,2.958759677040789,251.12045590927488,2.685927318205756,-0.06507268179424397,-1.3014536358848794,-6.035168218248373,2.2648317817516386,0.9059327127006555,1.1212706288624394,0.5765620039992541,0.779634910153788,1.9447528992283198,0.5447086248631854,0.7112125155992088,1,1,1,1,48,0.7577319587628866,54,0.7268041237113403,52,0.7371134020618557,52,0.7371134020618557
main29_s020,main29_s020_o128,51,front,6,5,True,N,Y,-0.038,0.038,5.3,5.3,N,N,N,6.987587899926893,2.9848734672680477,250.39503427555107,2.557345006413291,0.02534500641329096,0.5069001282658192,-31.540026671362114,-5.240026671362102,-1.482103357167406,1.1076050969011473,0.5706658445935523,0.7394780248137937,1.9408995779132734,0.536939252307595,0.7051818823931749,2,2,2,2,50,0.7474226804123711,55,0.7216494845360825,54,0.7268041237113403,53,0.731958762886598
repeat10_s006,repeat10_s006_o035,38,front,6,5,True,N,Y,0.01,0.01,-1.1,1.1,N,N,N,4.915543636260433,2.0183579931382924,114.95213851757646,3.8546179872534005,-0.07538201274659961,-1.5076402549319923,-10.913001494599541,1.88699850540047,0.754799402160188,1.1922041091593292,0.7150081345242087,1.2400511399492073,1.6673993645578078,0.4771959746351204,0.6951594486110586,2,2,2,2,39,0.8041237113402062,71,0.6391752577319587,60,0.6958762886597938,54,0.7268041237113403
main29_s026,main29_s026_o161,56,front,3,2,True,N,Y,-0.004,0.004,-0.2,0.2,N,N,N,8.982255385044057,1.0008961750216838,47.37053809931049,2.1480571931968386,0.014057193196838735,0.2811438639367747,-5.369759768556094,3.030240231443912,1.2120960925775648,0.8798348736754812,0.2689945567334628,0.29209616340063815,3.2708277980036544,0.6108403169420185,0.6933322676657312,3,2,2,3,78,0.6030927835051547,24,0.8814432989690721,43,0.7835051546391752,55,0.7216494845360825
main29_s023,main29_s023_o146,52,rear,5,4,True,N,Y,-0.015,0.015,0.0,0.0,N,N,N,7.98077885870111,2.039925674043773,110.91370600759183,1.770957531957766,0.058957531957765985,1.1791506391553197,2.975163783920607,0.7751637839206182,0.3100655135682473,0.8621301678182767,0.26780520906255345,0.33248501798821967,3.2192434599616093,0.5943249587557232,0.6800178463186446,1,1,1,1,80,0.5927835051546392,25,0.8762886597938144,44,0.7783505154639175,56,0.7164948453608248
main29_s015,main29_s015_o100,35,rear,5,4,True,N,Y,-0.032,0.032,-0.2,0.2,N,N,N,5.025511199356381,3.9504886220473616,245.20919365869452,1.2514719727646115,0.06947197276461159,1.3894394552922318,-4.448791971032051,-1.5487919710320455,-0.6195167884128182,1.0757190737009608,0.5944966394411072,0.9835078762758562,1.8094619924382684,0.48122243425985356,0.6746449299999874,2,2,2,2,53,0.731958762886598,62,0.6855670103092784,59,0.7010309278350515,57,0.711340206185567
main29_s020,main29_s020_o125,48,front,6,5,True,N,Y,-0.061,0.061,2.0,2.0,N,N,N,7.037548078439564,2.980183056540237,250.3632095497357,3.7742640476713305,0.07126404767133065,1.425280953426613,21.825964673572344,-0.9740353264276678,-0.3896141305710671,1.0448026050267398,0.6074800587164869,0.8526020592248712,1.7198961349188138,0.4373225463102529,0.649963027137628,3,3,3,3,56,0.7164948453608248,66,0.6649484536082475,63,0.6804123711340206,58,0.7061855670103092
main29_s011,main29_s011_o066,43,front,5,4,True,N,Y,0.011,0.011,-1.0,1.0,N,N,N,4.027510186649356,3.921634549500568,220.78660259671136,3.504791421220722,-0.0382085787792783,-0.764171575585566,2.974296150065925,3.074296150065919,1.2297184600263678,1.0237591728191127,0.5754358091086191,0.7583849625855744,1.779102302314085,0.4483233637104935,0.6498260144273064,3,3,3,3,61,0.6907216494845361,65,0.6701030927835052,62,0.6855670103092784,59,0.7010309278350515
repeat10_s009,repeat10_s009_o056,55,front,4,3,True,N,Y,-0.027,0.027,0.1,0.1,N,N,N,7.101021482359747,0.937812138432571,26.113805168757324,3.262249342796636,-0.0577506572033637,-1.155013144067274,12.4254790136103,-0.47452098638970597,-0.1898083945558824,0.8276722145910332,0.2771720102481511,0.32766244027943014,2.9861320190665044,0.5505002043428822,0.6480506994748646,1,2,2,1,85,0.5670103092783505,31,0.845360824742268,51,0.7422680412371134,60,0.6958762886597938
repeat10_s009,repeat10_s009_o054,31,front,4,3,True,N,Y,-0.018,0.018,0.6,0.6,N,N,N,7.015815927236164,1.069424520398338,23.571745206181298,4.116319377443569,-0.042680622556431125,-0.8536124511286225,-21.446048468310323,-1.5460484683103175,-0.618419387324127,0.7453511774124206,0.16721226671722242,0.23104921831598846,4.457514942207595,0.5781389106951982,0.6385738041536493,2,1,1,2,98,0.5,14,0.9329896907216495,47,0.7628865979381443,61,0.6907216494845361
repeat10_s004,repeat10_s004_o017,42,front,5,4,True,N,Y,0.074,0.074,-1.9,1.9,N,N,N,4.02057255714752,3.970726561598987,218.72479092746784,3.004766004771904,-0.06723399522809625,-1.344679904561925,15.470500530695404,1.270500530695415,0.5082002122781659,1.0164722085458708,0.5940090312835468,0.924511813128965,1.7112066568238147,0.4224631772623241,0.6376828415629334,3,3,3,3,62,0.6855670103092784,68,0.654639175257732,66,0.6649484536082475,62,0.6855670103092784
main29_s018,main29_s018_o114,31,front,4,3,True,N,Y,-0.105,0.105,2.1,2.1,Y,N,Y,7.006609839862716,1.068274509462807,25.69809864499905,4.122936626178084,0.05193662617808403,1.0387325235616807,-19.213911983659187,-0.8139119836591817,-0.3255647934636727,0.7697264742257023,0.21026236253107844,0.265114476269413,3.6607905711700095,0.5594641116946238,0.635999679124068,1,1,1,1,93,0.5257731958762887,19,0.9072164948453608,49,0.7525773195876289,63,0.6804123711340206
main29_s007,main29_s007_o045,49,front,6,5,True,N,Y,0.055,0.055,-1.5,1.5,N,N,N,2.938387467046231,4.006623409168138,275.95037974882456,4.600770923677244,-0.014229076322756384,-0.23809798747505484,-27.20048880753052,-3.200488807530519,-1.2801955230122075,0.9207581736754149,0.4679289327475978,0.6913622249308361,1.967730801061781,0.4528292409278171,0.6272498301072278,2,2,2,2,76,0.6134020618556701,53,0.731958762886598,61,0.6907216494845361,64,0.6752577319587629
repeat10_s004,repeat10_s004_o018,43,front,5,4,True,N,Y,0.005,0.005,-3.3,3.3,N,N,N,4.058576390033469,3.957915567494688,219.0462456205641,3.551534093888281,0.014534093888280974,0.2906818777656195,1.0518602850088428,3.4518602850088485,1.3807441140035395,0.9977350004928077,0.5988759555751635,0.7938355148358646,1.666012788131689,0.39885904491764423,0.6240227686292853,4,4,4,4,65,0.6701030927835052,72,0.634020618556701,67,0.6597938144329897,65,0.6701030927835052
main29_s003,main29_s003_o015,45,front,7,6,True,N,Y,-0.019,0.019,-5.1,5.1,N,N,N,1.9992411749614185,2.9885438844771572,263.5955765258953,2.851573695657316,0.007573695657316026,0.15147391314632053,-0.01970273427025404,3.6802972657297346,1.4721189062918938,1.0464412120673336,0.6864596010266666,1.3413285271093986,1.5244031994050047,0.35998161104066706,0.6204958668623258,2,2,2,2,55,0.7216494845360825,81,0.5876288659793815,70,0.6443298969072164,66,0.6649484536082475
main29_s008,main29_s008_o049,39,front,5,4,True,N,Y,-0.044,0.044,0.8,0.8,N,N,N,3.9616030282781156,0.9540246798469361,117.34258704054612,4.762404568990467,0.06640456899046754,1.1111609690709683,-1.0605050213942206,2.2394949786057907,0.8957979914423163,1.009240491820166,0.6267534176271775,0.7488766913085881,1.6102672333898782,0.38248707419298855,0.6204016422429092,2,2,2,2,63,0.6804123711340206,73,0.6288659793814433,68,0.654639175257732,67,0.6597938144329897
main29_s019,main29_s019_o120,33,front,4,3,True,N,Y,-0.028,0.028,2.4,2.4,N,N,N,7.008545254023428,2.0230143184042744,59.87228034295129,3.1440818836749966,0.0050818836749968455,0.10163767349993691,-23.243715465633045,-2.6437154656330506,-1.0574861862532203,0.7512014546015138,0.23734482745893934,0.3358994100317984,3.165021385315303,0.5138566271425744,0.6071076048737448,1,1,1,1,96,0.5103092783505154,26,0.8711340206185567,57,0.711340206185567,68,0.654639175257732
main29_s021,main29_s021_o133,53,front,4,3,True,N,Y,0.014,0.014,0.5,0.5,N,N,N,7.0559134418373795,4.02252339222861,297.98300021177937,4.648517666744464,-0.027482333255536062,-0.45986739341590216,-5.570097400700433,3.229902599299578,1.2919610397198311,0.9697013322877006,0.6092286156530214,0.7153818074629064,1.5916871062405609,0.36047271663467917,0.6025876763906526,2,2,2,2,69,0.6494845360824743,75,0.6185567010309279,69,0.6494845360824743,69,0.6494845360824743
main29_s021,main29_s021_o136,34,rear,4,3,True,N,Y,-0.046,0.046,0.4,0.4,N,N,N,7.057142760901387,4.006601467680014,296.78166151174315,1.2572957227504722,0.06529572275047224,1.3059144550094448,-0.3999514572618068,-0.9999514572618011,-0.39998058290472044,0.9657631776226031,0.6074665934478897,0.7301742089609926,1.589821050308422,0.35829658417471344,0.600798288162939,3,3,3,3,70,0.6443298969072164,76,0.6134020618556701,72,0.634020618556701,70,0.6443298969072164
main29_s008,main29_s008_o051,42,front,5,4,True,N,Y,-0.009,0.009,6.7,6.7,N,N,N,3.969771447875058,0.975530744206065,116.29636672609769,3.228060991973083,-0.003939008026917268,-0.07878016053834536,-31.39861485789794,-4.798614857897945,-1.3572532425288633,0.9613383062297999,0.6289717573845186,0.8352163149511321,1.5284284150171956,0.3323665488452813,0.5901503828239031,3,3,3,3,72,0.634020618556701,80,0.5927835051546392,75,0.6185567010309279,71,0.6391752577319587
repeat10_s001,repeat10_s001_o005,45,rear,4,3,True,N,Y,-0.041,0.041,-1.3,1.3,N,N,N,1.960476751246687,1.0414222396995712,60.23618535470541,0.9105274639358651,0.06952746393586517,1.3905492787173035,-14.00787602335754,-1.6078760233575338,-0.4547760157693488,1.0345164380183274,0.760164687842643,1.0961550217666598,1.3609109375420978,0.27435175017568436,0.5877384344565445,3,3,3,3,59,0.7010309278350515,86,0.5618556701030928,78,0.6030927835051547,72,0.634020618556701
main29_s012,main29_s012_o073,37,front,6,5,True,N,Y,0.067,0.067,1.0,1.0,N,N,N,4.956874809040044,0.9956386182171657,116.84458047261566,4.356871477779426,-0.07612852222057409,-1.5225704444114818,9.000885479631819,1.4008854796318246,0.5603541918527298,1.1472178473424965,0.9669995370311283,1.339382082336802,1.186368559042616,0.18021831031136826,0.5832323931677375,3,3,3,3,46,0.768041237113402,104,0.4690721649484536,90,0.5412371134020619,73,0.6288659793814433
main29_s022,main29_s022_o137,31,front,5,4,True,N,Y,-0.08,0.08,-0.1,0.1,N,N,N,8.017940960705655,1.010736467614195,40.07631153988041,3.523342395371963,0.061342395371962954,1.226847907439259,-16.981375676332704,0.018624323667296494,0.007449729466918598,0.8675284682525465,0.5085039679163247,0.7174129685279376,1.7060407056554179,0.3590245003362218,0.5750919365832703,2,2,2,2,79,0.5979381443298969,69,0.6494845360824743,71,0.6391752577319587,74,0.6237113402061856
main29_s017,main29_s017_o110,49,front,5,4,True,N,Y,0.052,0.052,0.9,0.9,N,N,N,6.0828721061127675,3.991576897815377,262.1981761144096,3.886123205352275,-0.047876794647724985,-0.9575358929544997,1.3098868719233678,2.5098868719233565,1.0039547487693425,0.98101990904178,0.7225878704129323,1.0627014693164771,1.3576479058265445,0.2584320386288478,0.5695035509605751,3,3,3,3,68,0.654639175257732,87,0.5567010309278351,80,0.5927835051546392,75,0.6185567010309279
main29_s002,main29_s002_o009,38,front,6,5,True,N,Y,-0.031,0.031,-1.9,1.9,N,N,N,2.024825713791296,2.011871832817665,71.28647896866964,3.1834750586299037,0.014475058629903614,0.2895011725980723,-8.005036071327083,2.794963928672928,1.117985571469171,0.8166096579605545,0.4790136102685684,0.6727216559706748,1.7047733936050506,0.3375960476919861,0.5521312666029283,2,2,2,2,86,0.5618556701030928,70,0.6443298969072164,74,0.6237113402061856,76,0.6134020618556701
repeat10_s010,repeat10_s010_o060,50,front,5,4,True,N,Y,-0.05,0.05,-1.1,1.1,N,N,N,9.050827872864073,3.980814654480078,244.62765714251069,4.487547972473006,0.06354797247300592,1.2709594494601184,10.352678929068702,1.4526789290686963,0.5810715716274786,0.9881756153451661,0.8027126476805063,1.1518586367612234,1.231045279030507,0.18546296766465975,0.5481603607855199,3,3,3,3,67,0.6597938144329897,96,0.5103092783505154,89,0.5463917525773196,77,0.6082474226804124
repeat10_s007,repeat10_s007_o041,32,front,5,4,True,N,Y,-0.062,0.062,-1.5,1.5,N,N,N,5.97316680534953,2.015151640953589,64.23386070348269,3.925669567140687,0.06566956714068706,1.3133913428137411,11.424120719324094,1.2241207193241053,0.4896482877296421,0.9911488952358904,0.825748167334335,1.2994250955812205,1.2003040811286316,0.16540072790155547,0.5428727318308129,3,3,3,3,66,0.6649484536082475,102,0.47938144329896903,91,0.5360824742268041,78,0.6030927835051547
main29_s001,main29_s001_o003,37,front,5,4,True,N,Y,0.012,0.012,-2.8,2.8,N,N,N,2.013599144975541,1.028157435815106,60.46582672010905,4.400386605812274,-0.043613394187725696,-0.8722678837545139,-8.822159918083713,3.277840081916281,1.3111360327665125,1.1135369229280832,1.0884900970632518,1.2039577744249224,1.0230106143660909,0.025046825864831312,0.5331779760382358,4,4,4,4,49,0.7525773195876289,123,0.3711340206185567,119,0.3917525773195877,79,0.5979381443298969
main29_s025,main29_s025_o155,55,front,4,3,True,N,Y,0.04,0.04,-0.9,0.9,N,N,N,8.0151557925811,4.055920933932372,310.42503602243534,3.2168014331050543,-0.012198566894945806,-0.24397133789891612,-4.438028203784484,2.1619717962155107,0.8647887184862043,0.6353666427100177,0.2021363563580026,0.27801269359452446,3.1432576215271406,0.43323028635201516,0.5285312596608651,1,1,1,1,118,0.3969072164948454,27,0.865979381443299,64,0.6752577319587629,80,0.5927835051546392
main29_s013,main29_s013_o083,39,front,6,5,True,N,Y,0.013,0.013,1.9,1.9,N,N,N,4.879617757833689,1.9646084188727706,114.98916893126703,4.499269728003156,-0.07473027199684346,-1.2504766270355545,-20.08145360949095,-0.5814536094909499,-0.23258144379637996,0.8993847682612337,0.7073932478133704,1.0175159888023442,1.2714070582965415,0.19199152044786327,0.5267590049410471,3,3,3,3,77,0.6082474226804124,91,0.5360824742268041,86,0.5618556701030928,81,0.5876288659793815
main29_s006,main29_s006_o034,46,front,5,4,True,N,Y,-0.013,0.013,-3.3,3.3,N,N,N,3.022871462556812,2.9849086659045767,264.16254487289183,2.8569763660296745,0.0009763660296746579,0.019527320593493158,2.013991281892004,3.013991281892004,1.2055965127568016,0.8525972870649197,0.6206344470629414,1.0647156765605688,1.3737511527110804,0.2319628400019783,0.5260885874726856,2,2,2,2,82,0.5824742268041236,85,0.5670103092783505,84,0.5721649484536082,82,0.5824742268041236
main29_s012,main29_s012_o076,41,front,6,5,True,N,Y,0.002,0.002,5.0,5.0,N,N,N,4.9633327031887715,0.9865435565081779,116.06169705859035,4.5882377528200875,-0.024762247179912933,-0.41435164765178584,-28.520391920639838,-3.520391920639838,-1.4081567682559353,1.0379288925299144,0.9831010770396814,1.4766552788012943,1.0557702730377743,0.05482781549023297,0.5233867827248151,4,4,4,4,58,0.7061855670103092,116,0.4072164948453608,113,0.4226804123711341,83,0.5773195876288659
main29_s007,main29_s007_o041,45,front,6,5,True,N,Y,-0.048,0.048,-3.2,3.2,N,N,N,2.9553518252398714,4.021257442236312,276.3301537573963,4.074657522302161,0.052657522302160586,1.0531504460432117,24.71910290211963,-1.28089709788037,-0.3622924095653514,0.7875219527193145,0.5145547641198537,0.730980429052104,1.5304920051928221,0.2729671885994608,0.5199692816502173,3,3,3,3,90,0.5412371134020619,79,0.5979381443298969,79,0.5979381443298969,84,0.5721649484536082
main29_s028,main29_s028_o169,53,front,4,3,True,N,Y,0.054,0.054,-1.7,1.7,N,N,N,9.015038978453502,3.0082785728837846,293.29196708145076,2.9230216401558704,-0.04997835984412946,-0.9995671968825892,11.162025187795848,0.2620251877958424,0.10481007511833695,0.7106756408271034,0.38068011489521164,0.4471243050470209,1.8668577974521428,0.3299955259318918,0.5147286711527971,2,2,2,2,104,0.4690721649484536,59,0.7010309278350515,76,0.6134020618556701,85,0.5670103092783505
main29_s014,main29_s014_o090,47,front,6,5,True,N,Y,0.024,0.024,-0.3,0.3,N,N,N,5.020544074053586,2.971282525651279,245.98968022888647,3.1587947100662355,-0.04120528993376471,-0.8241057986752942,2.727410908868592,1.9274109088685805,0.7709643635474321,0.7979775740176981,0.5617144806442779,1.0562286687027198,1.4206106509884346,0.23626309337342022,0.510962524781416,2,2,2,2,89,0.5463917525773196,84,0.5721649484536082,83,0.5773195876288659,86,0.5618556701030928
main29_s018,main29_s018_o118,57,front,4,3,True,N,Y,-0.043,0.043,1.2,1.2,N,N,N,6.981364457471275,1.1591870349925901,24.63361955835194,4.182300534566146,-0.042699465433853945,-0.8539893086770789,-13.523132707747095,0.2768672922529163,0.11074691690116652,0.6089181467725646,0.25748858793101215,0.35720556526898023,2.36483547354615,0.35142955884155247,0.48423353708079203,2,2,2,2,124,0.365979381443299,41,0.7938144329896908,73,0.6288659793814433,87,0.5567010309278351
main29_s004,main29_s004_o020,45,front,6,5,True,N,Y,-0.04,0.04,-1.1,1.1,N,N,N,1.9381125630737492,4.0278910816301465,288.5568925362594,3.8858239989259893,0.06282399892598933,1.2564799785197867,22.68334825091415,-1.3166517490858496,-0.5266606996343398,0.9633570026112894,1.0319302465414752,1.5304682842390718,0.9335485667175569,-0.06857324393018582,0.4741092880776829,3,3,3,3,71,0.6391752577319587,133,0.31958762886597936,139,0.28865979381443296,88,0.5515463917525774
repeat10_s006,repeat10_s006_o039,49,rear,6,5,True,N,Y,0.029,0.029,-0.2,0.2,N,N,N,4.894533923338988,1.9885085934511926,113.79910416776178,1.8969517552798818,-0.01404824472011823,-0.2809648944023646,7.411284434767595,-4.1887155652324,-1.184747672254989,0.8609786056575817,0.8200822969074042,1.337555593592466,1.0498685423455678,0.04089630875017747,0.4730437778118686,3,3,3,3,81,0.5876288659793815,117,0.4020618556701031,117,0.4020618556701031,89,0.5463917525773196
main29_s012,main29_s012_o072,36,front,6,5,True,N,Y,-0.035,0.035,2.4,2.4,N,N,N,4.959082751673979,0.9641086578588559,116.63566735187474,3.730849287090659,0.06684928709065874,1.3369857418131748,20.536128260165754,-0.06387173983424077,-0.025548695933696308,0.9455642785330984,1.0038244765994566,1.6203071029992682,0.9419617677945853,-0.05826019806635818,0.4718797926541681,5,5,5,5,74,0.6237113402061856,131,0.3298969072164949,135,0.30927835051546393,90,0.5412371134020619
main29_s029,main29_s029_o176,51,front,5,4,True,N,Y,0.033,0.033,0.1,0.1,N,N,N,9.076144320234736,4.018121756599312,246.8977405398675,3.863929658757583,0.013929658757582786,0.2785931751516557,0.653879062013857,2.8538790620138457,1.1415516248055382,0.8308893636752265,0.7621662035652432,1.0295524092023487,1.0901682071292478,0.06872316010998325,0.47151588879309886,3,3,3,3,84,0.5721649484536082,113,0.4226804123711341,109,0.44329896907216493,91,0.5360824742268041
repeat10_s005,repeat10_s005_o027,39,front,7,6,True,N,Y,-0.132,0.132,-0.3,0.3,Y,N,Y,4.943636201690857,1.0328141741755283,115.73004815551228,5.2386609341338115,0.0716609341338117,1.1991167810770305,-12.597088150003628,1.3029118499963772,0.5211647399985508,0.9245252135226751,0.9846402524775977,1.692436775504874,0.9389472055365823,-0.06011503895492254,0.4658402006955722,3,3,3,3,75,0.6185567010309279,132,0.32474226804123707,136,0.3041237113402062,92,0.5309278350515464
main29_s008,main29_s008_o050,41,front,5,4,True,N,Y,-0.047,0.047,2.5,2.5,N,N,N,3.9740948934255376,0.9607955905911062,116.81620553125136,3.8429703037540905,0.05497030375409073,1.0994060750818146,-18.860249616993542,0.03975038300646361,0.01590015320258544,0.7774787883918977,0.6901043464928751,0.89804695364294,1.1266104790428597,0.08737444189902255,0.4600182172214627,4,4,4,4,92,0.5309278350515464,110,0.4381443298969072,104,0.4690721649484536,93,0.5257731958762887
main29_s029,main29_s029_o174,49,front,5,4,True,N,Y,0.115,0.115,1.7,1.7,Y,N,Y,9.054409743876128,4.012894079459911,246.20042126156366,5.261195363349234,-0.06780463665076564,-1.1345885819872585,18.963944864099744,-0.13605513590024998,-0.05442205436009999,0.8031976750391623,0.7578239086673674,1.0140850604108163,1.0598737593956156,0.04537376637179491,0.45692726733252736,4,4,4,4,87,0.5567010309278351,115,0.41237113402061853,116,0.4072164948453608,94,0.5206185567010309
repeat10_s008,repeat10_s008_o050,49,front,6,5,True,N,Y,-0.012,0.012,-1.1,1.1,N,N,N,6.0295079633418664,3.9803254883555335,260.97882162665763,3.866899447200457,-0.0041005527995428,-0.08201105599085601,-0.6811501835717308,2.518849816428258,1.0075399265713032,0.7147945568273595,0.5795910055950659,0.9727117846200556,1.2332740672769413,0.13520355123229355,0.45251875599157454,2,2,2,2,103,0.4742268041237113,95,0.5154639175257731,94,0.5206185567010309,95,0.5154639175257731
main29_s029,main29_s029_o178,58,rear,5,4,True,N,Y,-0.091,0.091,-1.0,1.0,Y,N,Y,9.076265545613502,4.0022356912519825,245.90290552420666,0.7517347524217082,0.04473475242170821,0.8946950484341643,10.433050371691763,-2.4669496283082424,-0.6977587244089565,0.8022924863107673,0.7767170383877299,1.0023115683377655,1.0329276257105493,0.025575447923037453,0.4515589533822461,5,5,5,5,88,0.5515463917525774,120,0.38659793814432986,118,0.3969072164948454,96,0.5103092783505154
main29_s001,main29_s001_o002,36,front,5,4,True,N,Y,-0.019,0.019,-2.8,2.8,N,N,N,2.0104174520078053,1.021395883999996,60.48597084351276,4.4274442457024055,-0.004555754297594916,-0.09111508595189832,4.872289641230367,3.372289641230367,1.3489158564921468,0.95600103210822,1.1182873946217102,1.2353895018618626,0.8548795566381325,-0.16228636251349027,0.4513084648171385,5,5,5,5,73,0.6288659793814433,142,0.2731958762886598,147,0.24742268041237114,97,0.5051546391752577
main29_s024,main29_s024_o149,51,front,4,3,True,N,Y,-0.004,0.004,-0.6,0.6,N,N,N,8.045134607774889,2.9771097714301953,250.608377740042,2.5496842094061978,-0.009315790593802387,-0.18631581187604773,-7.420012271562655,2.3799877284373565,0.9519950913749426,0.6859330272544893,0.5223719727400363,0.7209190302660223,1.313112232374402,0.16356105451445302,0.4505686123608247,2,2,2,2,107,0.45360824742268047,88,0.5515463917525774,92,0.5309278350515464,98,0.5
main29_s015,main29_s015_o096,46,front,5,4,True,N,Y,-0.052,0.052,0.0,0.0,N,N,N,5.0315440472736235,3.9733437689637583,245.84299517921244,4.504514351387818,0.04551435138781823,0.9102870277563646,7.768137130279456,1.3681371302794503,0.5472548521117802,0.7510360663980801,0.6799745279762635,0.9384358174682031,1.104506177067117,0.07106153842181662,0.4470520557849146,3,3,3,3,97,0.5051546391752577,111,0.4329896907216495,107,0.45360824742268047,99,0.4948453608247423
main29_s025,main29_s025_o156,56,front,4,3,True,N,Y,0.002,0.002,1.6,1.6,N,N,N,7.987526694351534,4.046594947524795,309.6494254479644,2.61697835175826,0.030978351758260025,0.6195670351652005,-21.737588086322603,-1.237588086322603,-0.4950352345290412,0.5607687555885312,0.2660008518615466,0.3219833720589528,2.1081464651865525,0.29476790372698464,0.4429450065250497,2,2,2,2,133,0.31958762886597936,49,0.7525773195876289,77,0.6082474226804124,100,0.4896907216494846
main29_s003,main29_s003_o018,38,rear,7,6,True,N,Y,0.013,0.013,0.7,0.7,N,N,N,2.0106494906374026,2.9862605577900894,262.3629734878273,2.217910053356655,-0.003089946643345165,-0.0617989328669033,8.41792226174394,-3.7820777382560493,-1.0697331262782133,0.7576767350131742,0.7398482184045984,1.494631520014303,1.0240975326628765,0.017828516608575873,0.4354843870851831,3,3,3,3,94,0.5206185567010309,122,0.37628865979381443,123,0.3711340206185567,101,0.48453608247422686
main29_s009,main29_s009_o058,47,rear,6,5,True,N,Y,-0.034,0.034,-1.3,1.3,N,N,N,3.9590349463440155,2.0201966383810217,65.77384645254301,1.8848216520561492,0.04582165205614919,0.9164330411229837,-13.485591990119929,0.71440800988006,0.2020650993280706,0.66358112662597,0.526470761710292,0.9938220321866988,1.2604330095564311,0.13711036491567807,0.43471591023628836,2,2,2,2,111,0.4329896907216495,93,0.5257731958762887,93,0.5257731958762887,102,0.47938144329896903
main29_s023,main29_s023_o142,32,front,5,4,True,N,Y,-0.044,0.044,3.0,3.0,N,N,N,7.969499017093538,2.0159506810300782,110.4454569882373,3.1525778732602214,0.032577873260221324,0.6515574652044265,28.09615293275425,-1.9038470672457493,-0.5384892686366362,0.5977030294805425,0.3759829587032915,0.5679622417550658,1.5897077663890142,0.22172007077725103,0.43438258133938673,2,2,2,2,128,0.34536082474226804,77,0.6082474226804124,85,0.5670103092783505,103,0.4742268041237113
repeat10_s008,repeat10_s008_o053,34,rear,6,5,True,N,Y,-0.028,0.028,0.1,0.1,N,N,N,6.026020626431396,3.972792579703946,260.38050272073144,1.2165900591020984,0.044590059102098456,0.8918011820419691,10.09750218643714,-1.3024978135628658,-0.3684020145803816,0.6822863741268533,0.5841245366334565,1.0766689348779623,1.168049502010552,0.0981618374933968,0.43070248477864753,3,3,3,3,108,0.44845360824742264,106,0.4587628865979382,103,0.4742268041237113,104,0.4690721649484536
repeat10_s003,repeat10_s003_o013,46,front,4,3,True,N,Y,-0.034,0.034,-0.5,0.5,N,N,N,3.9531974052805707,2.95940934775957,251.91273586449762,3.0973800191122995,-0.022619980887700564,-0.4523996177540113,6.915031306089077,2.015031306089071,0.8060125224356284,0.653575397512414,0.5368567788045777,0.7557086205342127,1.2174110923359007,0.11671861870783629,0.42526760237267414,3,2,2,2,114,0.41752577319587625,98,0.5,97,0.5051546391752577,105,0.4639175257731959
repeat10_s005,repeat10_s005_o029,41,front,7,6,True,N,Y,-0.064,0.064,4.4,4.4,N,N,N,4.939056307289356,1.0433985023660388,115.22969701176807,4.536010496284741,-0.010989503715258309,-0.18388956940008674,-29.768769942488916,-4.168769942488922,-1.179106198216228,0.8438325664508559,0.9920321366506873,1.5830009383740906,0.8506101115834968,-0.14819957019983143,0.42360389218902755,4,4,4,4,83,0.5773195876288659,143,0.2680412371134021,145,0.25773195876288657,106,0.4587628865979382
repeat10_s003,repeat10_s003_o015,35,rear,4,3,True,N,Y,0.07,0.07,0.2,0.2,N,N,N,3.9230841593750245,2.9820083017033263,252.1593191401307,2.6388495480436767,-0.010150451956323359,-0.15725012553327547,18.021522851599514,3.2215228515995022,0.9111842616453728,0.6538288616489999,0.5469799376177082,0.7675021482142037,1.1953434060061812,0.10684892403129165,0.4226485720660813,2,3,3,3,113,0.4226804123711341,103,0.4742268041237113,101,0.48453608247422686,107,0.45360824742268047
main29_s019,main29_s019_o119,32,front,4,3,True,N,Y,-0.032,0.032,0.1,0.1,N,N,N,6.967103089913523,2.0379672987903428,61.18956835144405,3.3971606178617346,0.010160617861734611,0.20321235723469222,-4.909312979049446,1.8906870209505655,0.7562748083802262,0.5537358792436282,0.31059803357187576,0.382392624786769,1.7828054893833953,0.24313784567175245,0.42250626436123084,2,2,2,2,135,0.30927835051546393,64,0.6752577319587629,82,0.5824742268041236,108,0.44845360824742264
main29_s021,main29_s021_o132,51,front,4,3,True,N,Y,-0.018,0.018,3.0,3.0,N,N,N,7.04557173033678,4.038360151399738,297.09295983522355,3.583968565890482,0.049968565890482264,0.9993713178096453,20.244283771987966,-0.05571622801204512,-0.02228649120481805,0.7068379299920207,0.6879823326080985,0.8445602194220009,1.0274070953427565,0.018855597383922174,0.4187472323243376,4,4,4,4,105,0.4639175257731959,121,0.38144329896907214,122,0.37628865979381443,109,0.44329896907216493
main29_s013,main29_s013_o080,36,front,6,5,True,N,Y,0.055,0.055,2.1,2.1,N,N,N,4.913834896151555,1.9835140326026541,115.56525830172495,2.7128176115794913,-0.051182388420508484,-1.0236477684101697,18.107722899705465,0.3077228997054533,0.12308915988218132,0.7290424181937638,0.7486835291956677,1.1796665716876888,0.9737658032586813,-0.01964111100190391,0.41690929549104716,4,4,4,4,100,0.4896907216494846,127,0.35051546391752575,128,0.34536082474226804,110,0.4381443298969072
main29_s002,main29_s002_o011,44,rear,6,5,True,N,Y,-0.003,0.003,3.2,3.2,N,N,N,2.033036440149135,2.019527691996849,70.65095948626445,1.4707113091997521,0.036711309199752185,0.7342261839950437,13.195992787323576,-1.8040072126764244,-0.5102502933571768,0.6322354985031323,0.5168707891549665,0.7604446672792174,1.2231983539576223,0.11536470934816578,0.41680247455707436,3,3,3,3,119,0.3917525773195877,97,0.5051546391752577,98,0.5,111,0.4329896907216495
main29_s013,main29_s013_o082,38,front,6,5,True,N,Y,-0.056,0.056,0.2,0.2,N,N,N,4.901818392459184,1.9589526501456158,115.65920033549224,3.894872971014598,0.03187297101459796,0.6374594202919592,-9.520491749795866,1.979508250204134,0.7918033000816536,0.7187861220624525,0.7414088505446376,1.1901703170792426,0.969486837841811,-0.02262272848218505,0.4127612661654081,5,5,5,5,101,0.48453608247422686,128,0.34536082474226804,129,0.3402061855670103,112,0.4278350515463918
main29_s002,main29_s002_o008,37,front,6,5,True,N,Y,-0.031,0.031,-1.3,1.3,N,N,N,2.0267110997158717,2.013555363106081,71.18475639434307,3.4906571804061763,0.006657180406176355,0.1331436081235271,7.593579452570793,2.1935794525707877,0.8774317810283151,0.6275403376447893,0.5217742325263325,0.7738392689894417,1.2027047303703697,0.10576610511845685,0.4123741381814536,4,4,4,4,120,0.38659793814432986,101,0.48453608247422686,102,0.47938144329896903,113,0.4226804123711341
repeat10_s010,repeat10_s010_o061,51,front,5,4,True,N,Y,-0.015,0.015,-2.0,2.0,N,N,N,9.038892001327532,3.971179224879908,244.9738790570352,3.806005783397479,0.003005783397479256,0.060115667949585117,-1.5263833968557492,2.6736166031442394,1.0694466412576957,0.7574067639090607,0.8473478031500361,1.1135583615366633,0.8938558182288107,-0.0899410392409754,0.4099968412107107,4,4,4,4,95,0.5154639175257731,138,0.2938144329896907,142,0.2731958762886598,114,0.41752577319587625
main29_s005,main29_s005_o028,37,front,5,4,True,N,Y,0.002,0.002,0.1,0.1,N,N,N,2.968156596799404,2.03676853279625,65.88000997198168,3.163686833370468,-0.03231316662953221,-0.6462633325906442,-13.070028345821413,1.429971654178587,0.5719886616714348,0.6102570458961718,0.488512418264852,0.8211921394804395,1.2492150108767854,0.12174462763131982,0.40997779958567226,2,2,2,2,123,0.3711340206185567,94,0.5206185567010309,96,0.5103092783505154,115,0.41237113402061853
main29_s014,main29_s014_o093,34,rear,6,5,True,N,Y,0.05,0.05,0.3,0.3,N,N,N,5.037816588791379,2.980616485956608,245.36368662125045,2.5490250164947184,-0.05497498350528174,-0.8516687822959343,8.139392032041087,-0.8606079679589129,-0.34424318718356517,0.6495548809222123,0.5943074223581379,1.097414876612269,1.0929610778624625,0.055247458564074314,0.4074213491156282,3,3,3,3,115,0.41237113402061853,112,0.4278350515463918,112,0.4278350515463918,116,0.4072164948453608
repeat10_s002,repeat10_s002_o006,45,front,5,4,True,N,Y,-0.045,0.045,-0.2,0.2,N,N,N,2.001788773703068,3.9824460324415623,288.01400908703454,3.8454516622115267,0.026451662211526727,0.5290332442305345,23.12835142522738,-1.7716485747726267,-0.7086594299090507,0.6253296575007878,0.5546784333985751,0.8852326815059689,1.127373302887089,0.0706512241022127,0.40222443694275595,2,2,2,2,121,0.38144329896907214,109,0.44329896907216493,108,0.44845360824742264,117,0.4020618556701031
main29_s028,main29_s028_o171,55,front,4,3,True,N,Y,0.007,0.007,0.2,0.2,N,N,N,9.005632920673683,3.016225307679447,292.7567560970321,1.7856919711177077,0.0006919711177078014,0.013839422354156028,-23.64064389124269,-2.040643891242695,-0.816257556497078,0.5772642064729447,0.4438869208696786,0.5830236343045183,1.3004758178996325,0.13337728560326612,0.3997987641062974,3,3,3,3,130,0.3350515463917526,89,0.5463917525773196,95,0.5154639175257731,118,0.3969072164948454
main29_s013,main29_s013_o081,37,front,6,5,True,N,Y,0.011,0.011,0.3,0.3,N,N,N,4.8942143876733235,1.96655742831213,115.67875908719431,3.421648622375005,-0.02035137762499506,-0.4070275524999012,3.830214279206018,2.2302142792060238,0.8920857116824095,0.69335717544494,0.7457359458433536,1.0616795471573237,0.9297623097151656,-0.05237877039841354,0.39717185012764555,6,6,6,6,106,0.4587628865979382,134,0.31443298969072164,132,0.32474226804123707,119,0.3917525773195877
main29_s016,main29_s016_o102,33,front,6,5,True,N,Y,-0.042,0.042,0.1,0.1,N,N,N,5.979678066983727,2.0421509808322584,66.47058862634766,3.4056375813506823,0.012637581350682492,0.25275162701364984,0.9533946603316394,2.0533946603316338,0.8213578641326535,0.6076644328618394,0.5304255155690065,1.0368194540397389,1.145616896294998,0.07723891729283283,0.39705586889402583,2,2,2,2,125,0.3608247422680413,108,0.44845360824742264,105,0.4639175257731959,120,0.38659793814432986
repeat10_s009,repeat10_s009_o057,56,front,4,3,True,N,Y,-0.053,0.053,-1.4,1.4,N,N,N,7.025977451229234,1.0205466932490233,24.9961406855536,3.665956950799202,0.019956950799202122,0.39913901598404244,-2.7589786753848955,1.4410213246150931,0.5764085298460373,0.495761408018,0.25086317256385804,0.3170139242686731,1.9762223484270187,0.24489823545414197,0.39633544171090446,3,3,3,3,144,0.2628865979381443,52,0.7371134020618557,81,0.5876288659793815,121,0.38144329896907214
main29_s020,main29_s020_o126,49,front,6,5,True,N,Y,0.018,0.018,0.5,0.5,N,N,N,7.002034297541983,2.969045782140194,250.98163114953465,3.202916631429749,-0.04408336857025086,-0.8816673714050172,9.396410189672793,0.7964101896727982,0.3185640758691193,0.6628802396491309,0.6732895925997978,0.9621394188798404,0.9845395605916425,-0.010409352950666917,0.3961539249277292,5,4,4,4,112,0.4278350515463918,125,0.3608247422680413,125,0.3608247422680413,122,0.37628865979381443
main29_s020,main29_s020_o130,33,rear,6,5,True,N,Y,0.046,0.046,-0.9,0.9,N,N,N,6.9916599537652,2.9878446639785246,251.2105367361109,2.1698139954019235,-0.0331860045980763,-0.663720091961526,-8.242033192733345,2.3579668072666493,0.6669337276924163,0.6653288501211708,0.6813886968941516,0.9422171310086093,0.9764307115069807,-0.01605984677298078,0.3957019880948178,4,5,5,5,110,0.4381443298969072,126,0.35567010309278346,126,0.35567010309278346,123,0.3711340206185567
repeat10_s002,repeat10_s002_o009,48,front,5,4,True,N,Y,-0.063,0.063,-2.1,2.1,N,N,N,1.9953933759528528,3.9821814617691347,288.40978913520144,4.57767503084326,0.05067503084325953,0.8479554529987322,-14.800241022556179,0.2997589774438154,0.11990359097752616,0.605559791184814,0.5564343925641799,0.8630008323707358,1.0882860572191677,0.04912539862063403,0.3890686263923865,3,3,3,3,126,0.35567010309278346,114,0.41752577319587625,115,0.41237113402061853,124,0.365979381443299
main29_s012,main29_s012_o074,38,front,6,5,True,N,Y,-0.024,0.024,0.1,0.1,N,N,N,4.959217051874628,0.9744275128129521,117.0409621300259,4.7611005652138845,0.026100565213884153,0.43674599168805367,-1.8488184547856008,2.551181545214405,1.020472618085762,0.7848921663255376,1.0215398808936267,1.5420966755052825,0.7683421675509394,-0.23664771456808908,0.3882644976455147,6,6,6,6,91,0.5360824742268041,148,0.24226804123711343,157,0.19587628865979378,125,0.3608247422680413
main29_s019,main29_s019_o123,49,rear,4,3,True,N,Y,0.037,0.037,0.0,0.0,N,N,N,6.963305777944684,2.033115597341379,60.449548316517806,2.3746637709949248,-0.03333622900507516,-0.6667245801015032,8.582172663907386,-0.7178273360926255,-0.2871309344370502,0.51330587334562,0.32698765182323336,0.4011261038702593,1.569802010820606,0.18631822152238658,0.38682038422916454,3,4,4,3,139,0.28865979381443296,78,0.6030927835051547,88,0.5515463917525774,126,0.35567010309278346
main29_s028,main29_s028_o170,54,front,4,3,True,N,Y,0.004,0.004,-2.7,2.7,N,N,N,9.026007410144109,3.0299106168768706,293.4410722703859,2.6392316372008287,0.008231637200828867,0.16463274401657735,-6.998526737923953,1.9014732620760526,0.7605893048304211,0.5502726737831214,0.4358436508312838,0.5534841245191818,1.262546036253109,0.1144290229518376,0.38323996729347254,4,4,4,4,136,0.3041237113402062,92,0.5309278350515464,99,0.4948453608247423,127,0.35051546391752575
main29_s019,main29_s019_o124,50,rear,4,3,True,N,Y,0.006,0.006,-1.1,1.1,N,N,N,6.996074432906019,2.0367933290324856,60.86381144000008,1.7716555664308045,0.027655566430804468,0.5531113286160894,-10.963148874683384,1.5368511253166162,0.43468714095422234,0.4974359518342093,0.30908939645977557,0.4040709346875724,1.609359484769465,0.18834655537443373,0.3799862356073205,4,3,3,4,143,0.2680412371134021,74,0.6237113402061856,87,0.5567010309278351,128,0.34536082474226804
main29_s015,main29_s015_o097,47,front,5,4,True,N,Y,-0.013,0.013,-0.7,0.7,N,N,N,5.021760134907104,3.963726921263446,246.02197634633893,4.0701137585379445,-0.012886241462055636,-0.25772482924111273,-3.5227280599652886,2.1772719400347,0.8709087760138801,0.6422243314237461,0.697276678359461,0.8820023745607066,0.9210466251857999,-0.055052346935714924,0.37838517409224154,4,4,4,4,116,0.4072164948453608,135,0.30927835051546393,134,0.31443298969072164,129,0.3402061855670103
main29_s022,main29_s022_o138,55,front,5,4,True,N,Y,-0.03,0.03,1.9,1.9,N,N,N,8.026951428438153,1.017711548495224,39.646787224477976,2.3515257355789347,-0.0014742644210654632,-0.029485288421309264,22.80784654541509,-2.092153454584917,-0.8368613818339667,0.5921175367434848,0.5841931811714798,0.8746046228240695,1.01356461497225,0.007924355572004993,0.3737659925449404,3,3,3,3,129,0.3402061855670103,124,0.365979381443299,124,0.365979381443299,130,0.3350515463917526
main29_s024,main29_s024_o148,50,front,4,3,True,N,Y,-0.022,0.022,0.4,0.4,N,N,N,8.056615035206264,2.9869232586655645,249.92034923677974,3.109229226165055,0.03922922616505531,0.7845845233011062,11.55366983470799,0.5536698347079891,0.22146793388319566,0.5764637542561178,0.5550494113008215,0.7963828807025872,1.0385809668820463,0.021414342955296317,0.37070446126460865,3,3,3,3,131,0.3298969072164949,118,0.3969072164948454,120,0.38659793814432986,131,0.3298969072164949
repeat10_s006,repeat10_s006_o034,37,front,6,5,True,N,Y,-0.033,0.033,-1.2,1.2,N,N,N,4.927592705448151,2.010942539471529,115.11236212367518,3.393180015524107,-0.0058199844758930475,-0.11639968951786095,2.452581190470511,2.3525811904705165,0.9410324761882066,0.6704815467113029,0.8166666239760827,1.3904225808719222,0.8209978552165479,-0.1461850772647798,0.3690724197067266,4,4,4,4,109,0.44329896907216493,145,0.25773195876288657,144,0.2628865979381443,132,0.32474226804123707
main29_s007,main29_s007_o043,47,front,6,5,True,N,Y,0.035,0.035,-5.7,5.7,N,N,N,2.944429588860466,4.006622081032611,276.871656651187,3.902550395819692,-0.020449604180308167,-0.40899208360616335,-2.3587673309157253,1.741232669084269,0.6964930676337076,0.5711291962920138,0.550581822286619,0.7742996059388876,1.0373193831936904,0.020547374005394747,0.3683321886553387,4,4,4,4,132,0.32474226804123707,119,0.3917525773195877,121,0.38144329896907214,133,0.31958762886597936
main29_s011,main29_s011_o067,45,front,5,4,True,N,Y,-0.076,0.076,0.7,0.7,N,N,N,4.028805458263911,3.9448964245959393,220.23410225073252,4.455467239624373,0.04346723962437338,0.8693447924874675,-18.524312560593557,0.17568743940643117,0.07027497576257247,0.6167247929358395,0.6777515443894341,1.0540427116582334,0.9099570455297571,-0.061026751453594597,0.3675900612329804,4,4,4,4,122,0.37628865979381443,136,0.3041237113402062,137,0.2989690721649485,134,0.31443298969072164
main29_s023,main29_s023_o144,34,front,5,4,True,N,Y,-0.051,0.051,-0.2,0.2,N,N,N,7.9740895577590845,2.0194284727816547,110.97893864572899,3.4652880905443717,0.02228809054437164,0.44576181088743283,-4.769596834251729,1.4304031657482597,0.5721612662993039,0.5128704059988577,0.4016494918332357,0.6002328841473732,1.2769103818804302,0.11122091416562202,0.365904892048345,3,3,3,3,140,0.28350515463917525,90,0.5412371134020619,100,0.4896907216494846,135,0.30927835051546393
main29_s004,main29_s004_o024,49,front,6,5,True,N,Y,0.016,0.016,-0.4,0.4,N,N,N,1.9198581256849168,4.014989487289005,288.5381147669955,5.227873340171771,0.04887334017177114,0.8178074016984589,-23.82461409189932,-1.624614091899332,-0.6498456367597327,0.7386163746791858,1.059345390380294,1.5771377653318994,0.6972384846211774,-0.32072901570110823,0.3586656119606957,4,4,4,4,99,0.4948453608247423,150,0.2319587628865979,170,0.12886597938144329,136,0.3041237113402062
repeat10_s003,repeat10_s003_o012,45,front,4,3,True,N,Y,-0.078,0.078,1.1,1.1,N,N,N,3.969584644720103,2.9734005626661704,251.1204019393224,3.62481438331768,0.03881438331768017,0.7762876663536034,20.01102300439743,-0.08897699560256456,-0.035590798241025824,0.5494948797996924,0.5673300962262176,0.8012999968524348,0.9685628939039864,-0.01783521642652519,0.3505929485580312,4,4,4,4,137,0.2989690721649485,129,0.3402061855670103,127,0.35051546391752575,137,0.2989690721649485
main29_s024,main29_s024_o151,32,rear,4,3,True,N,Y,0.009,0.009,-1.8,1.8,N,N,N,7.997449157426031,2.9865543568020643,250.86281818585582,2.162765555883286,0.004765555883285977,0.09531111766571954,-9.878726024322646,2.7212739756773487,0.7696925126671718,0.5484116944443257,0.5768107334540492,0.8644354088394041,0.9507654116634328,-0.028399039009723515,0.34779804754563926,4,4,4,4,138,0.2938144329896907,130,0.3350515463917526,130,0.3350515463917526,138,0.2938144329896907
main29_s004,main29_s004_o025,39,rear,6,5,True,N,Y,-0.068,0.068,2.1,2.1,N,N,N,1.9422964805319645,4.006432158981166,288.64084106665473,1.1416148339556063,0.04761483395560617,0.9522966791121235,6.128852902198588,-0.871147097801412,-0.3484588391205648,0.7170399318061828,1.0635632642482469,1.8267042266820483,0.6741864409100332,-0.3465233324420641,0.3474765926633218,5,5,5,5,102,0.47938144329896903,155,0.20618556701030932,171,0.12371134020618557,139,0.28865979381443296
main29_s003,main29_s003_o014,44,front,7,6,True,N,Y,-0.006,0.006,-3.8,3.8,N,N,N,1.9957786654866676,2.9854119423924175,263.322232497892,2.3522126509728962,-0.008787349027103986,-0.1757469805420797,12.49176570856821,2.0917657085682038,0.8367062834272815,0.6045512409615716,0.7530667204806141,1.3977063994632202,0.8027857618986821,-0.14851547951904243,0.34485352662209584,4,4,4,4,127,0.35051546391752575,147,0.24742268041237114,146,0.25257731958762886,140,0.28350515463917525
main29_s009,main29_s009_o055,36,front,6,5,True,N,Y,0.007,0.007,0.5,0.5,N,N,N,3.9489166584438085,2.0173569070247512,66.00241999816394,2.715197938693107,-0.013802061306892988,-0.27604122613785975,-11.950253624523498,1.6497463754764965,0.6598985501905986,0.5057988014375612,0.560143810663926,0.9266624385583286,0.9029802557990404,-0.05434500922636487,0.3242001141050685,3,3,3,3,141,0.27835051546391754,137,0.2989690721649485,133,0.31958762886597936,141,0.27835051546391754
main29_s003,main29_s003_o013,43,front,7,6,True,N,Y,0.013,0.013,-2.5,2.5,N,N,N,1.9793108227846588,2.982677319787819,263.1236431139836,1.4105943024172274,-0.03940569758277257,-0.7881139516554514,25.518428669928426,0.21842866992841437,0.06178095748477597,0.5589903789430132,0.7591844655466676,1.5210725292248681,0.7363037631973933,-0.20019408660365445,0.3177554087651101,5,5,5,5,134,0.31443298969072164,149,0.23711340206185572,153,0.21649484536082475,142,0.2731958762886598
main29_s007,main29_s007_o044,48,front,6,5,True,N,Y,0.007,0.007,-4.8,4.8,N,N,N,2.933107682907319,4.015086515523528,276.7241996898709,4.171452800613127,0.03245280061312705,0.6490560122625411,-15.539713995844409,0.66028600415558,0.264114401662232,0.4954947649670734,0.5620615065509165,0.6855468039347737,0.8815668021951386,-0.06656674158384307,0.31720566884792023,5,5,5,5,145,0.25773195876288657,139,0.28865979381443296,138,0.2938144329896907,143,0.2680412371134021
repeat10_s005,repeat10_s005_o026,38,front,7,6,True,N,Y,-0.051,0.051,-0.9,0.9,N,N,N,4.933058384877575,1.0400224965412934,115.85013771118368,4.691090150343852,-0.016909849656148168,-0.2829559052400031,-3.160918933811246,2.1390810661887656,0.8556324264755062,0.637248339953331,1.0181624266935767,1.5416455343353626,0.6258808253441034,-0.38091408674024574,0.3157567158741313,5,5,5,5,117,0.4020618556701031,160,0.18041237113402064,172,0.11855670103092786,144,0.2628865979381443
main29_s018,main29_s018_o116,55,front,4,3,True,N,Y,-0.018,0.018,2.7,2.7,N,N,N,6.959907093017524,1.1608168387850704,24.21923003931653,3.3554202755635942,0.026420275563594053,0.5284055112718811,14.774342064300782,-0.7256579356992177,-0.29026317427968706,0.42630100556145656,0.35389460819752805,0.40043967818166626,1.2045987581803295,0.07240639736392851,0.3148701553136408,3,3,3,3,154,0.21134020618556704,100,0.4896907216494846,106,0.4587628865979382,145,0.25773195876288657
main29_s009,main29_s009_o054,35,front,6,5,True,N,Y,0.009,0.009,0.2,0.2,N,N,N,3.952560225377022,2.0144697373661247,66.0458283420992,3.475834057951581,-0.002165942048419023,-0.043318840968380457,1.9249204048460342,1.7249204048460456,0.6899681619384183,0.4888417875302413,0.5602791631331485,0.9513157509840664,0.8724968189010979,-0.0714373756029072,0.3133040542236129,4,4,4,4,146,0.25257731958762886,140,0.28350515463917525,140,0.28350515463917525,146,0.25257731958762886
main29_s018,main29_s018_o117,56,front,4,3,True,N,Y,-0.044,0.044,0.9,0.9,N,N,N,6.9872860634642,1.1285513768010662,25.335427776881716,3.6516624001326146,-0.0033375998673852436,-0.06675199734770487,-0.6319278970639743,1.3680721029360257,0.5472288411744103,0.38981741480018306,0.32889960746864516,0.43822154974771216,1.1852170265583104,0.0609178073315379,0.29333849796428707,4,4,4,4,161,0.17525773195876293,105,0.4639175257731959,111,0.4329896907216495,147,0.24742268041237114
main29_s002,main29_s002_o012,45,rear,6,5,True,N,Y,0.012,0.012,2.6,2.6,N,N,N,2.0219259947723476,2.017246575711235,70.50524491926188,1.8742218707335947,0.009221870733594706,0.18443741467189412,-9.636222097742234,-1.5362220977422396,-0.6144888390968959,0.45365939497904323,0.557838736100125,0.7568324425979677,0.8132446989081394,-0.10417934112108179,0.2912107553023933,5,5,5,5,148,0.24226804123711343,146,0.25257731958762886,143,0.2680412371134021,148,0.24226804123711343
main29_s025,main29_s025_o157,33,rear,4,3,True,N,Y,-0.062,0.062,-0.9,0.9,N,N,N,8.015463091479273,4.05297868585418,309.6776758066524,1.2152207349443016,0.021220734944301656,0.4244146988860331,12.525210125051274,-1.174789874948715,-0.332280754818213,0.3811419267497893,0.3135615530895073,0.4376988552086147,1.2155250635622121,0.06758037366028202,0.2901591675345099,3,3,3,3,162,0.1701030927835051,99,0.4948453608247423,110,0.4381443298969072,149,0.23711340206185572
main29_s005,main29_s005_o027,36,front,5,4,True,N,Y,-0.005,0.005,0.2,0.2,N,N,N,2.9723754858575684,2.030154603884979,65.93751118514177,3.060217275167228,-0.006782724832772313,-0.13565449665544627,6.220924883493666,1.5209248834936773,0.6083699533974709,0.4407471739329042,0.5191132682713512,0.8406074999455219,0.8490385449029143,-0.07836609433844699,0.29013450355446163,3,3,3,3,150,0.2319587628865979,144,0.2628865979381443,141,0.27835051546391754,150,0.2319587628865979
main29_s017,main29_s017_o111,50,front,5,4,True,N,Y,-0.011,0.011,1.6,1.6,N,N,N,6.085555913297024,4.003379361038217,261.9886242110802,3.675679526433963,0.004679526433962966,0.09359052867925932,-13.148349009820095,1.751650990179911,0.7006603960719644,0.4998420638972801,0.8115224741612248,1.1863954327363808,0.6159312647673842,-0.3116804102639447,0.2759237442685982,4,4,4,4,142,0.2731958762886598,161,0.17525773195876293,167,0.14432989690721654,151,0.22680412371134018
repeat10_s009,repeat10_s009_o058,57,front,4,3,True,N,Y,-0.052,0.052,-0.6,0.6,N,N,N,7.039839019882233,0.9957774119481966,25.141959834788338,4.240343754831817,0.02434375483181661,0.4868750966363322,-15.233274911947206,0.3667250880527888,0.1466900352211155,0.35955898414433335,0.3098650663002736,0.4238838863365252,1.1603727662411096,0.04969391784405974,0.274500781336135,4,4,4,4,166,0.14948453608247425,107,0.45360824742268047,114,0.41752577319587625,152,0.22164948453608246
main29_s014,main29_s014_o091,48,front,6,5,True,N,Y,-0.017,0.017,0.0,0.0,N,N,N,5.028225700988752,2.977890573285482,245.88109295034906,2.8691107765302677,0.00011077653026747569,0.002215530605349514,-14.37157211180056,1.5284278881994453,0.6113711552797781,0.4323075283198257,0.6239611692255075,1.0338454672651265,0.6928436409855888,-0.19165364090568177,0.26620558207435463,4,4,4,4,151,0.22680412371134018,151,0.22680412371134018,149,0.23711340206185572,153,0.21649484536082475
repeat10_s008,repeat10_s008_o048,47,front,6,5,True,N,Y,-0.024,0.024,1.6,1.6,N,N,N,6.029849186574784,3.9850648383924603,260.3011011745796,4.543844028610154,0.027844028610154226,0.46591971431574386,22.83366578378559,-0.9663342162144204,-0.38653368648576814,0.42807094679290164,0.6219887577185725,1.118493284380619,0.6882293955971923,-0.1939178109256709,0.2639173328149388,4,4,4,4,153,0.21649484536082475,152,0.22164948453608246,150,0.2319587628865979,154,0.21134020618556704
main29_s006,main29_s006_o035,47,front,5,4,True,N,Y,0.005,0.005,-1.8,1.8,N,N,N,3.018513541958633,2.9798018641729196,263.7054925131093,2.880982109069746,-0.028017890930253753,-0.560357818605075,-17.594492654091482,0.7055073459085293,0.2822029383634117,0.4436436539007302,0.6946679778658408,1.1678106638325174,0.6386412905683264,-0.2510243239651106,0.2617879488461376,3,3,3,3,149,0.23711340206185572,158,0.19072164948453607,160,0.18041237113402064,155,0.20618556701030932
main29_s014,main29_s014_o094,35,rear,6,5,True,N,Y,0.033,0.033,-0.9,0.9,N,N,N,5.012461595729007,2.986855029212463,245.8116417179633,2.183355805235049,-0.022644194764950942,-0.45288389529901885,-12.326143576478529,1.3738564235214596,0.3885852773794886,0.42196110035008366,0.6246942450112485,1.1012304686105927,0.6754682049976075,-0.20273314466116482,0.2597172370405991,5,5,5,5,156,0.2010309278350515,153,0.21649484536082475,154,0.21134020618556704,156,0.2010309278350515
repeat10_s002,repeat10_s002_o008,47,front,5,4,True,N,Y,-0.031,0.031,-2.8,2.8,N,N,N,2.0069158057269836,3.979567811575049,288.6035497260631,4.1303370743680174,0.009337074368017007,0.18674148736034013,-3.475568653817959,1.3244313461820525,0.529772538472821,0.3971972593192762,0.5950654425682598,0.9365620961625999,0.6674850040106535,-0.1978681832489836,0.2490162777771285,4,4,4,4,158,0.19072164948453607,156,0.2010309278350515,151,0.22680412371134018,157,0.19587628865979378
main29_s022,main29_s022_o139,56,front,5,4,True,N,Y,-0.047,0.047,-0.6,0.6,N,N,N,8.018944354804137,1.0226090861234702,40.26783126279952,2.8229760031825477,0.018976003182547885,0.3795200636509577,3.4218938582244505,1.0218938582244448,0.4087575432897779,0.39440981726493674,0.612996883510662,0.8517514895981676,0.6434124346703578,-0.21858706624572521,0.24451988797802887,4,4,4,4,160,0.18041237113402064,157,0.19587628865979378,156,0.2010309278350515,158,0.19072164948453607
main29_s016,main29_s016_o107,49,rear,6,5,True,N,Y,0.033,0.033,-0.7,0.7,N,N,N,6.001595611193904,2.0372999484758347,66.38422301366938,1.9373381046530112,0.002338104653011097,0.04676209306022194,-8.30537658276694,1.8946234172330492,0.5358804264481275,0.38036464399152553,0.56360850717512,1.1272957299853728,0.6748738515285427,-0.18324386318359448,0.24326079210115586,3,3,3,3,163,0.1649484536082474,154,0.21134020618556704,148,0.24226804123711343,159,0.18556701030927836
repeat10_s006,repeat10_s006_o036,39,front,6,5,True,N,Y,-0.034,0.034,0.9,0.9,N,N,N,4.926267549769007,2.0129393884160884,114.46230218462858,4.498848043835033,-0.028151956164967018,-0.4710723278393487,-21.469756366652973,-0.9697563666529732,-0.3879025466611893,0.4314959581283578,0.8411668560464196,1.439615268945741,0.5129730861679906,-0.4096708979180618,0.23436005091625378,5,5,5,5,152,0.22164948453608246,171,0.12371134020618557,176,0.09793814432989689,160,0.18041237113402064
repeat10_s008,repeat10_s008_o051,50,front,6,5,True,N,Y,-0.014,0.014,-0.1,0.1,N,N,N,6.028340820039906,3.9800953623843593,260.74287296433073,3.6583924325165658,-0.008607567483434053,-0.17215134966868106,-15.337456401619988,1.262543598380006,0.5050174393520024,0.37727887645772185,0.6278534989335649,1.0216917651200135,0.6009027218906092,-0.25057462247584306,0.2317646377299209,5,5,5,5,164,0.15979381443298968,162,0.1701030927835051,159,0.18556701030927836,161,0.17525773195876293
main29_s011,main29_s011_o065,42,front,5,4,True,N,Y,-0.003,0.003,0.6,0.6,N,N,N,4.03481600770137,3.927212735640801,220.41666894964987,3.001499319523741,0.006499319523741054,0.12998639047482108,18.062673437747094,1.3626734377471053,0.5450693750988421,0.3962304161591554,0.710417148475388,0.8697845803912719,0.5577433160355117,-0.31418673231623256,0.2316571817070138,5,5,5,5,159,0.18556701030927836,165,0.15463917525773196,168,0.1391752577319587,162,0.1701030927835051
repeat10_s005,repeat10_s005_o025,37,front,7,6,True,N,Y,-0.071,0.071,0.0,0.0,N,N,N,4.93528315013693,1.035554644398908,115.74147428532092,4.312109976168991,0.01710997616899146,0.3421995233798292,7.994436859669008,1.394436859669014,0.5577747438676056,0.46271653239210897,1.0315984053553315,1.5984633047136323,0.44854328001091415,-0.5688818729632226,0.22775984228594567,6,6,6,6,147,0.24742268041237114,177,0.09278350515463918,188,0.03608247422680411,163,0.1649484536082474
repeat10_s010,repeat10_s010_o062,52,front,5,4,True,N,Y,-0.044,0.044,-0.6,0.6,N,N,N,9.033093934986772,3.9788509670985333,244.48318319347288,3.672684356217119,0.026684356217119287,0.5336871243423857,-18.378266417234045,0.6217335827659554,0.24869343310638214,0.41633542388264516,0.8873200099773708,1.2348386725109797,0.4692054942987963,-0.47098458609472565,0.2205960948231758,5,5,5,5,157,0.19587628865979378,174,0.10824742268041232,183,0.061855670103092786,164,0.15979381443298968
main29_s022,main29_s022_o140,57,front,5,4,True,N,Y,-0.028,0.028,-1.0,1.0,N,N,N,8.022526458832854,1.0258356925443373,40.28832403873707,3.5216794835702543,-0.006320516429745737,-0.12641032859491474,-9.885023763895333,1.2149762361046612,0.4859904944418645,0.3550819143967503,0.6171964700971886,0.9185528759907715,0.5753142339599517,-0.2621145557004383,0.21956634271864997,5,5,5,5,167,0.14432989690721654,163,0.1649484536082474,162,0.1701030927835051,165,0.15463917525773196
main29_s005,main29_s005_o026,35,front,5,4,True,N,Y,-0.023,0.023,1.2,1.2,N,N,N,2.968478371713572,2.024352097158618,65.59954088912653,3.996646897826084,0.02364689782608398,0.4729379565216796,14.334935548413796,0.034935548413784545,0.013974219365513818,0.3345635885192661,0.5342131197989827,0.9121076433841924,0.6262736277333621,-0.19964953127971657,0.21806852268549345,4,4,4,4,171,0.12371134020618557,159,0.18556701030927836,152,0.22164948453608246,166,0.14948453608247425
main29_s025,main29_s025_o154,53,front,4,3,True,N,Y,0.036,0.036,0.7,0.7,N,N,N,8.004926559113946,4.057459592160303,309.6642067341831,4.233602095123278,0.014602095123277259,0.2920419024655452,17.298348642610108,-0.7016513573898919,-0.28066054295595677,0.2864077627858814,0.3346384153249393,0.37810756540527535,0.8558723376327695,-0.048230652539057894,0.2145957732800242,4,4,4,4,182,0.0670103092783505,141,0.27835051546391754,131,0.3298969072164949,167,0.14432989690721654
repeat10_s008,repeat10_s008_o049,48,front,6,5,True,N,Y,-0.02,0.02,0.1,0.1,N,N,N,6.0289773238011986,3.983820951096046,260.6836108522234,4.112863557209799,0.01486355720979926,0.2972711441959852,12.074411618517388,0.9744116185173937,0.3897646474069575,0.34661694530119275,0.6305420117626511,1.0458539921453287,0.5497126897734238,-0.2839250664614584,0.21257774580520766,6,6,6,6,169,0.134020618556701,167,0.14432989690721654,165,0.15463917525773196,168,0.1391752577319587
repeat10_s005,repeat10_s005_o024,36,front,7,6,True,N,Y,-0.024,0.024,1.6,1.6,N,N,N,4.940895855196799,1.0475169677594312,115.49705075660455,3.6456166840157302,-0.029383315984269576,-0.5876663196853915,19.52629184211463,-0.2737081578853804,-0.10948326315415216,0.4226927301264206,1.0345086424529446,1.5585678434636532,0.40859274904090237,-0.611815912326524,0.20776158002297446,7,7,7,7,155,0.20618556701030932,180,0.07731958762886593,193,0.010309278350515427,169,0.134020618556701
main29_s008,main29_s008_o048,38,front,5,4,True,N,Y,0.032,0.032,1.7,1.7,N,N,N,3.9614070781590964,0.9711225876438218,117.05320808968845,4.370461677127735,-0.015538322872265198,-0.31076645744530396,9.715765298463708,1.0157652984637195,0.40630611938548783,0.3617046127181669,0.7534780047391471,0.8386544537316558,0.4800466774652413,-0.39177339202098016,0.20627838600802706,5,5,5,5,165,0.15463917525773196,173,0.11340206185567014,175,0.1030927835051546,170,0.12886597938144329
main29_s002,main29_s002_o007,36,front,6,5,True,N,Y,-0.017,0.017,0.9,0.9,N,N,N,2.0418407214084984,2.01235141583364,70.75276804835136,3.6344784678780453,-0.02052153212195451,-0.4104306424390902,23.738121857169233,-0.4618781428307557,-0.18475125713230228,0.31826587883790686,0.5641001862449652,0.8454714056982087,0.5642009816669291,-0.2458343074070583,0.20348177286647348,6,6,6,6,175,0.1030927835051546,164,0.15979381443298968,158,0.19072164948453607,171,0.12371134020618557
main29_s016,main29_s016_o103,34,front,6,5,True,N,Y,-0.027,0.027,0.9,0.9,N,N,N,5.983943870251101,2.0456289271643824,66.21276056136466,3.1275582065916283,-0.01644179340837182,-0.3288358681674364,-15.646610505191404,0.7533894948086015,0.3013557979234406,0.31539526402238915,0.566998841344859,1.1097638625974293,0.5562538069289634,-0.25160357732246985,0.2012734506885179,4,4,4,4,176,0.09793814432989689,166,0.14948453608247425,161,0.17525773195876293,172,0.11855670103092786
main29_s009,main29_s009_o053,34,front,6,5,True,N,Y,0.001,0.001,1.4,1.4,N,N,N,3.9507875637145697,2.0105081693903815,65.6446235855722,3.991720682952646,0.02172068295264573,0.4344136590529146,13.97290432870733,-0.12709567129266475,-0.050838268517065896,0.3092731452272855,0.5790717908648914,1.04247448630719,0.5340842881767054,-0.26979864563760586,0.1958575582291227,5,5,5,5,177,0.09278350515463918,169,0.134020618556701,164,0.15979381443298968,173,0.11340206185567014
main29_s016,main29_s016_o106,48,rear,6,5,True,N,Y,0.042,0.042,0.2,0.2,N,N,N,5.981090153814559,2.03985813655746,66.02534508853955,2.355532031467892,-0.02146796853210775,-0.429359370642155,13.422955992194375,-0.07704400780562537,-0.021791336147658803,0.30399369359357414,0.567948146166979,1.1283934417151222,0.5352490287100943,-0.26395445257340483,0.19387994069620226,5,5,5,5,178,0.08762886597938147,168,0.1391752577319587,163,0.1649484536082474,174,0.10824742268041232
main29_s006,main29_s006_o033,45,front,5,4,True,N,Y,-0.023,0.023,-1.4,1.4,N,N,N,3.019660296182234,2.9896587477908487,263.6173416423881,3.134685390667784,0.021685390667784077,0.43370781335568154,18.875167795476955,0.3751677954769548,0.15006711819078192,0.32451703139269344,0.7076912471749732,1.1979336652557628,0.4585573619684153,-0.3831742157822798,0.19003261387533646,4,4,4,4,174,0.10824742268041232,176,0.09793814432989689,174,0.10824742268041232,175,0.1030927835051546
main29_s003,main29_s003_o019,39,rear,7,6,True,N,Y,0.009,0.009,-0.7,0.7,N,N,N,2.000471188233449,2.986660432435528,262.6979328364471,2.1577446946788275,0.0047446946788274325,0.09489389357654865,-16.341269126925113,-1.641269126925124,-0.46422101176035185,0.33504178754143643,0.7758195172158755,1.4903230490958885,0.4318553221550489,-0.44077772967443907,0.18866882827524833,6,6,6,6,170,0.12886597938144329,178,0.08762886597938147,180,0.07731958762886593,176,0.09793814432989689
main29_s009,main29_s009_o057,46,rear,6,5,True,N,Y,-0.004,0.004,0.3,0.3,N,N,N,3.9479302840240846,2.012959397263397,65.5330093401214,2.2509233379275013,-0.015076662072498692,-0.30153324144997384,10.495450338339651,-1.0045496616603486,-0.2841295511194738,0.29296066077093175,0.5820142286485509,1.0355848402163652,0.5033565269550067,-0.28905356787761916,0.18518206439975948,6,6,6,6,181,0.07216494845360821,172,0.11855670103092786,166,0.14948453608247425,177,0.09278350515463918
repeat10_s001,repeat10_s001_o003,38,front,4,3,True,N,Y,-0.034,0.034,0.7,0.7,N,N,N,1.964437469882484,1.0165582021189274,60.682870349411075,4.177214032744858,0.022214032744857448,0.44428065489714896,-20.467470821207883,0.5325291787921174,0.21301167151684694,0.3483958040205426,0.8960435559764128,1.0802870844609191,0.38881570175558927,-0.5476477519558702,0.18374884001076014,4,4,4,4,168,0.1391752577319587,183,0.061855670103092786,187,0.04123711340206182,178,0.08762886597938147
main29_s017,main29_s017_o109,48,front,5,4,True,N,Y,0.019,0.019,2.2,2.2,N,N,N,6.087678014659052,4.005645204426922,261.71051534315706,4.155082344109041,0.01908234410904086,0.3816468821808172,13.758518799147055,0.6585187991470605,0.2634075196588242,0.3279007960429133,0.827781531531636,1.2318550724295227,0.3961199707321347,-0.49988073548872275,0.17939824338204166,5,5,5,5,173,0.11340206185567014,182,0.0670103092783505,185,0.05154639175257736,179,0.08247422680412375
main29_s020,main29_s020_o129,32,rear,6,5,True,N,Y,0.04,0.04,0.2,0.2,N,N,N,7.013344855024995,2.9776418714251793,250.7551239788877,2.523658720503609,-0.027341279496391202,-0.42356928061410176,12.610653369244687,0.11065336924468738,0.031297499101622966,0.30032521450085053,0.712200952756888,0.8868163021360435,0.42168606112967033,-0.41187573825603746,0.17540301797945157,6,6,6,6,179,0.08247422680412375,179,0.08247422680412375,177,0.09278350515463918,180,0.07731958762886593
repeat10_s007,repeat10_s007_o043,34,front,5,4,True,N,Y,-0.005,0.005,-1.1,1.1,N,N,N,5.993673237291861,2.0263011608187664,64.30969661217365,3.1458670076202537,-0.020132992379746195,-0.4026598475949239,-17.806821726527176,0.5931782734728301,0.23727130938913205,0.33047891545785535,0.9163553461282377,1.325156014978445,0.3606449363275795,-0.5858764306703823,0.17245179299629773,4,4,4,4,172,0.11855670103092786,184,0.05670103092783507,191,0.020618556701030966,181,0.07216494845360821
main29_s015,main29_s015_o098,48,front,5,4,True,N,Y,-0.046,0.046,0.5,0.5,N,N,N,5.01639200041651,3.972449639298136,245.63168853199699,3.851590093709904,0.019590093709904277,0.39180187419808554,-17.303737347064725,0.3962626529352633,0.15850506117410532,0.29885829672516984,0.7380966980830918,1.0224971793722633,0.40490398819197215,-0.4392384013579219,0.17194572491552051,5,5,5,5,180,0.07731958762886593,181,0.07216494845360821,179,0.08247422680412375,182,0.0670103092783505
main29_s007,main29_s007_o042,46,front,6,5,True,N,Y,-0.011,0.011,-4.6,4.6,N,N,N,2.9424911681584,4.013554830342467,276.5896196733315,3.8723128231194783,0.01831282311947824,0.3662564623895648,11.356598158744418,0.25659815874442415,0.10263926349776967,0.26895967602364046,0.585943372542814,0.7089874888828916,0.4590199132322944,-0.3169836965191736,0.1695897096202151,6,6,6,6,185,0.05154639175257736,175,0.1030927835051546,169,0.134020618556701,183,0.061855670103092786
main29_s023,main29_s023_o145,35,front,5,4,True,N,Y,-0.044,0.044,1.1,1.1,N,N,N,7.981512543277008,2.0243260375944843,110.60503016057413,3.976471963661967,0.013471963661967123,0.26943927323934247,-17.79827931471081,-0.4982793147107998,-0.19931172588431992,0.23698384548185064,0.44984206086599243,0.6270412183634273,0.5268156673158403,-0.2128582153841418,0.16345493890575907,4,4,4,4,188,0.03608247422680411,170,0.12886597938144329,155,0.20618556701030932,184,0.05670103092783507
repeat10_s006,repeat10_s006_o033,36,front,6,5,True,N,Y,-0.032,0.032,0.6,0.6,N,N,N,4.92593331612913,2.0056633906741594,114.73618375050317,2.692229369933815,0.015229369933814851,0.304587398676297,16.946029816243396,0.6460298162433844,0.2584119264973538,0.28244486823844694,0.8528365853650556,1.4456834777790217,0.33118287030046534,-0.5703917171266086,0.15243916839152774,6,6,6,6,183,0.061855670103092786,186,0.046391752577319534,190,0.02577319587628868,185,0.05154639175257736
repeat10_s004,repeat10_s004_o019,45,front,5,4,True,N,Y,-0.018,0.018,-0.9,0.9,N,N,N,4.044202466996679,3.9731136631972306,218.3603445075109,4.4881786173874785,0.018178617387478724,0.3635723477495745,-20.438492183038534,-0.1384921830385224,-0.05539687321540896,0.2600515964286526,0.725092978810225,0.9833061680791597,0.3586458620180828,-0.46504138238157244,0.15074642330757554,5,5,5,5,186,0.046391752577319534,185,0.05154639175257736,182,0.0670103092783505,186,0.046391752577319534
main29_s003,main29_s003_o016,46,front,7,6,True,N,Y,-0.018,0.018,-2.9,2.9,N,N,N,1.9912947143470097,2.9894315617180682,263.12392984763943,2.9066787645003083,0.009678764500308468,0.19357529000616935,-19.64210654487829,0.7578934551217174,0.3031573820486869,0.25433815206490956,0.7784694666974464,1.478810168551468,0.3267156426107571,-0.5241313146325368,0.1430095690859435,7,7,7,7,187,0.04123711340206182,187,0.04123711340206182,186,0.046391752577319534,187,0.04123711340206182
repeat10_s007,repeat10_s007_o046,58,front,5,4,True,N,Y,-0.017,0.017,0.2,0.2,N,N,N,5.987875278369066,2.020941811114046,63.99199783392805,4.388615202475845,0.01361520247584469,0.2723040495168938,27.342767386329427,-0.957232613670584,-0.27074626891975706,0.27152627636866783,0.9208769256428208,1.3827240851423521,0.2948562058704296,-0.649350649274153,0.14135537407103874,5,5,5,5,184,0.05670103092783507,189,0.030927835051546393,194,0.005154639175257714,188,0.03608247422680411
repeat10_s002,repeat10_s002_o007,46,front,5,4,True,N,Y,-0.034,0.034,-1.8,1.8,N,N,N,2.0046874923841997,3.9795815955733618,288.3909644653586,3.8749059409975466,0.012905940997546494,0.2581188199509299,9.409060528073724,0.20906052807373499,0.083624211229494,0.19185715248149546,0.6143750012163218,0.9283481238103488,0.312280206879613,-0.42251784873482634,0.11884299022032932,5,5,5,5,190,0.02577319587628868,188,0.03608247422680411,178,0.08762886597938147,189,0.030927835051546393
main29_s004,main29_s004_o021,46,front,6,5,True,N,Y,0.018,0.018,-2.7,2.7,N,N,N,1.9341995870001116,4.0152277367830935,288.8962655557171,3.9217165600342803,0.007716560034280118,0.15433120068560235,8.98542194817503,0.6854219481750192,0.2741687792700077,0.22247094083437716,1.0960720686758723,1.6862712253971697,0.2029710884824725,-0.8736011278414951,0.10613706663956271,6,6,6,6,189,0.030927835051546393,190,0.02577319587628868,195,0.0,190,0.02577319587628868
main29_s006,main29_s006_o037,37,rear,5,4,True,N,Y,0.005,0.005,-1.8,1.8,N,N,N,3.0073502464953226,2.984124582302102,263.6658163730599,2.211132734249907,0.008132734249907347,0.16265468499814695,8.9098613909309,0.10986139093088809,0.04394455637235524,0.11913788353544291,0.7182420322863191,1.2381809873734555,0.16587428496241213,-0.5991041487508761,0.06933707900098116,5,5,5,5,191,0.020618556701030966,192,0.015463917525773141,192,0.015463917525773141,191,0.020618556701030966
main29_s016,main29_s016_o101,32,front,6,5,True,N,Y,-0.03,0.03,1.5,1.5,N,N,N,5.98657932052388,2.0409225661763775,66.11607305125412,3.8974248074978193,0.005424807497819373,0.10849614995638746,13.404205196700076,0.2042051967000873,0.08168207868003492,0.09602962181756818,0.5785312906661246,1.1304731207017944,0.16598863945111603,-0.48250166884855644,0.06083479141996902,6,6,6,6,192,0.015463917525773141,191,0.020618556701030966,184,0.05670103092783507,192,0.015463917525773141
main29_s005,main29_s005_o031,45,rear,5,4,True,N,Y,0.012,0.012,-0.3,0.3,N,N,N,2.979480636925695,2.0243471858405875,65.72554490686836,2.25039702876191,-0.003602971238089836,-0.07205942476179672,10.164046693442174,0.26404669344216813,0.10561867737686725,0.09040980507621894,0.5513758230096762,0.9311124714106669,0.1639712901859179,-0.4609660179334573,0.05827717806045444,5,5,5,5,193,0.010309278350515427,194,0.005154639175257714,181,0.07216494845360821,193,0.010309278350515427
main29_s023,main29_s023_o143,33,front,5,4,True,N,Y,-0.025,0.025,1.2,1.2,N,N,N,7.976057228192241,2.0262190371310127,110.66121421617781,3.1614135128453817,-0.00458648715461818,-0.09172974309236359,10.759154370049657,-0.14084562995034844,-0.05633825198013938,0.07611946007417783,0.4592022321049484,0.673130289659718,0.16576456896834313,-0.38308277203077057,0.05216512036468923,5,5,5,5,194,0.005154639175257714,193,0.010309278350515427,173,0.11340206185567014,194,0.005154639175257714
main29_s014,main29_s014_o089,46,front,6,5,True,N,Y,-0.006,0.006,1.1,1.1,N,N,N,5.022531882041712,2.980365881571551,245.61217016466395,3.6933360288024275,0.0053360288024273395,0.10672057604854679,15.587693742484817,-0.012306257515177776,-0.004922503006071111,0.07554307508957535,0.6446769440842933,1.1057108371945235,0.11717973751469833,-0.569133868994718,0.04593186240087743,6,6,6,6,195,0.0,195,0.0,189,0.030927835051546393,195,0.0
