group_key,dataset,gt_x,gt_y,gt_h,est_x,est_y,est_h,tag_id,camera_role,measured_distance_m,predicted_distance_m,distance_residual_cm,distance_weight,measured_angle_deg,predicted_angle_deg,angle_residual_deg,angle_weight,measured_yaw_deg,predicted_yaw_deg,yaw_residual_deg,yaw_weight
624_x2.000_y3.000_h0.0,624,2.0,3.0,0.0,2.2,2.85,20.0,49,front,4.449,4.230312752199896,21.868724780010407,0.25,37.2,60.88302745306254,-23.68302745306255,0.0,-57.1,-49.11697254693746,-7.983027453062533,0.05
624_x2.000_y3.000_h90.0,624,2.0,3.0,90.0,1.9687499999999998,3.0281250000000006,89.6875,37,front,2.672,2.6662037068146898,0.5796293185310386,1.0,36.9,37.129773791956325,-0.22977379195631897,0.5,40.7,37.44227379195627,3.257726208043721,0.05
624_x2.000_y3.000_h90.0,624,2.0,3.0,90.0,1.9687499999999998,3.0281250000000006,89.6875,38,front,2.218,2.217660515505016,0.033948449498399924,1.0,15.8,17.02737788794309,-1.227377887943078,0.5,15.2,17.33987788794309,-2.1398778879431006,0.05
624_x2.000_y3.000_h90.0,624,2.0,3.0,90.0,1.9687499999999998,3.0281250000000006,89.6875,39,front,2.147,2.1378947864260183,0.910521357398153,1.0,-10.8,-8.353436374314384,-2.446563625685627,0.5,-12.2,-8.040936374314356,-4.159063625685633,0.05
624_x2.000_y3.000_h90.0,624,2.0,3.0,90.0,1.9687499999999998,3.0281250000000006,89.6875,40,front,1.787,1.790453930746181,-0.34539307461811664,1.0,-23.8,-25.750105352383855,1.9501053523838436,0.5,60.5,64.56239464761614,-4.062394647616145,0.05
624_x2.000_y3.000_h90.0,624,2.0,3.0,90.0,1.9687499999999998,3.0281250000000006,89.6875,45,rear,2.848,2.868681918223602,-2.0681918223602214,0.5,9.1,5.6570156082080985,3.442984391791896,0.2,5.4,5.9695156082080985,-0.5695156082080928,0.01
624_x2.000_y3.000_h90.0,624,2.0,3.0,90.0,1.9687499999999998,3.0281250000000006,89.6875,46,rear,2.986,2.9266001026826616,5.9399897317338635,0.5,-11.5,-13.178263231115693,1.678263231115693,0.2,-2.3,-12.865763231115693,10.565763231115682,0.0025
624_x2.000_y3.000_h180.0,624,2.0,3.0,180.0,2.00625,3.0000000000000004,176.5625,41,front,1.023,1.0246556649680554,-0.16556649680554703,1.0,39.3,39.40129014289036,-0.10129014289037741,0.5,44.4,42.83879014289036,1.5612098571096453,0.05
624_x2.000_y3.000_h180.0,624,2.0,3.0,180.0,2.00625,3.0000000000000004,176.5625,42,front,0.775,0.773970970331887,0.1029029668113024,1.0,-22.4,-22.540682960072957,0.1406829600729509,0.5,-28.3,-19.103182960072957,-9.196817039927055,0.05
624_x2.000_y3.000_h270.0,624,2.0,3.0,270.0,1.9906249999999999,2.9875,270.15625,38,rear,2.216,2.2311363513001776,-1.513635130017743,0.5,20.0,16.814403527770708,3.1855964722292924,0.2,-3.8,16.658153527770764,-20.458153527770776,0.0025
624_x2.000_y3.000_h270.0,624,2.0,3.0,270.0,1.9906249999999999,2.9875,270.15625,39,rear,2.171,2.1613830570951826,0.9616942904817183,0.5,-6.8,-8.369152630061194,1.5691526300611827,0.2,-2.3,-8.525402630061194,6.225402630061183,0.01
624_x2.000_y3.000_h270.0,624,2.0,3.0,270.0,1.9906249999999999,2.9875,270.15625,43,front,1.455,1.428320981292667,2.6679018707333135,1.0,32.3,32.815187937369075,-0.5151879373690917,0.5,-59.9,-57.341062062630925,-2.5589379373690804,0.05
624_x2.000_y3.000_h270.0,624,2.0,3.0,270.0,1.9906249999999999,2.9875,270.15625,45,front,2.823,2.850605900888594,-2.7605900888593826,1.0,4.2,6.617354933726858,-2.4173549337268696,0.5,2.1,6.461104933726858,-4.361104933726864,0.05
624_x2.000_y3.000_h270.0,624,2.0,3.0,270.0,1.9906249999999999,2.9875,270.15625,46,front,2.915,2.9015481252242177,1.3451874775782358,1.0,-14.5,-12.368326945606782,-2.131673054393218,0.5,16.3,-12.524576945606782,28.824576945606793,0.0
624_x2.000_y3.000_h270.0,624,2.0,3.0,270.0,1.9906249999999999,2.9875,270.15625,47,front,3.227,3.238135967433179,-1.113596743317924,1.0,-25.9,-28.83051078964496,2.9305107896449556,0.5,-37.1,-28.98676078964496,-8.113239210355033,0.05
624_x2.000_y4.000_h90.0,624,2.0,4.0,90.0,1.9843750000000009,3.9999999999999996,88.75,38,front,1.315,1.3139021223759035,0.10978776240964105,1.0,28.7,28.121258186462057,0.5787418135379312,0.5,29.2,29.371258186462,-0.17125818646201196,0.05
624_x2.000_y4.000_h90.0,624,2.0,4.0,90.0,1.9843750000000009,3.9999999999999996,88.75,39,front,1.188,1.1877046935343631,0.029530646563680207,1.0,-17.3,-16.658635198805484,-0.641364801194527,0.5,-20.6,-15.408635198805541,-5.191364801194453,0.05
624_x2.000_y4.000_h180.0,624,2.0,4.0,180.0,2.01875,4.015625,178.90625,40,front,1.021,1.0248232117938707,-0.38232117938707955,1.0,40.2,40.72479119141093,-0.5247911914109409,0.5,44.7,41.81854119141093,2.881458808589059,0.05
624_x2.000_y4.000_h180.0,624,2.0,4.0,180.0,2.01875,4.015625,178.90625,41,front,0.824,0.826808525086443,-0.28085250864430256,1.0,-23.0,-23.613923622368475,0.6139236223684748,0.5,-30.3,-22.520173622368475,-7.779826377631537,0.05
624_x2.000_y4.000_h270.0,624,2.0,4.0,270.0,2.0156249999999996,3.978125,267.5,39,rear,1.12,1.19883891411729,-7.883891411728983,0.5,-16.8,-19.419548997309846,2.6195489973098347,0.2,-2.3,-16.919548997309903,14.619548997309892,0.0025
624_x2.000_y4.000_h270.0,624,2.0,4.0,270.0,2.0156249999999996,3.978125,267.5,42,front,1.454,1.4161752968145205,3.782470318547948,1.0,30.9,31.563990795275146,-0.66399079527514,0.5,-59.9,-55.936009204724854,-3.9639907952751514,0.05
624_x2.000_y4.000_h270.0,624,2.0,4.0,270.0,2.0156249999999996,3.978125,267.5,45,front,3.801,3.8385529922603867,-3.7552992260386553,1.0,1.1,2.629979117806897,-1.5299791178069029,0.5,-10.8,5.129979117806897,-15.929979117806909,0.0125
624_x2.000_y4.000_h270.0,624,2.0,4.0,270.0,2.0156249999999996,3.978125,267.5,46,front,3.842,3.87102826137589,-2.9028261375890096,1.0,-12.7,-11.518160565132348,-1.1818394348676406,0.5,-14.3,-9.018160565132348,-5.281839434867663,0.05
624_x2.000_y4.000_h270.0,624,2.0,4.0,270.0,2.0156249999999996,3.978125,267.5,47,front,4.121,4.124220537874329,-0.3220537874328855,1.0,-22.6,-24.52718068021204,1.9271806802120466,0.5,-30.5,-22.02718068021204,-8.472819319787959,0.05
624_x3.000_y3.000_h0.0,624,3.0,3.0,0.0,2.9,2.971875,359.84375,41,rear,1.798,1.7805881377422013,1.7411862257798782,0.5,26.2,23.9737904518542,2.226209548145789,0.2,-2.3,24.1300404518542,-26.43004045185421,0.0
624_x3.000_y3.000_h0.0,624,3.0,3.0,0.0,2.9,2.971875,359.84375,42,rear,1.691,1.6202917061743578,7.070829382564225,0.5,-6.3,-8.03409049130559,1.7340904913055795,0.2,-2.3,-7.877840491305591,5.5778404913055795,0.01
624_x3.000_y3.000_h0.0,624,3.0,3.0,0.0,2.9,2.971875,359.84375,55,front,7.295,7.252096864035957,4.2903135964042605,1.0,8.0,9.70267828952143,-1.7026782895214296,0.5,-6.6,9.85892828952143,-16.458928289521424,0.0125
624_x3.000_y3.000_h90.0,624,3.0,3.0,90.0,2.9718750000000003,3.0031250000000003,90.78125,36,front,2.316,2.300019399416146,1.5980600583853644,1.0,42.3,43.79029277941572,-1.4902927794157108,0.5,45.9,43.00904277941572,2.8909572205842835,0.05
624_x3.000_y3.000_h90.0,624,3.0,3.0,90.0,2.9718750000000003,3.0031250000000003,90.78125,37,front,2.226,2.2294969360668486,-0.3496936066848644,1.0,15.4,16.897373126010564,-1.497373126010558,0.5,14.9,16.116123126010507,-1.2161231260105012,0.05
624_x3.000_y3.000_h90.0,624,3.0,3.0,90.0,2.9718750000000003,3.0031250000000003,90.78125,38,front,2.156,2.1688745320826297,-1.2874532082629564,1.0,-11.1,-8.267922923070586,-2.8320770769294086,0.5,-14.0,-9.049172923070614,-4.950827076929386,0.05
624_x3.000_y3.000_h90.0,624,3.0,3.0,90.0,2.9718750000000003,3.0031250000000003,90.78125,39,front,2.5,2.5061079154541264,-0.6107915454126367,1.0,-26.7,-30.49611976401542,3.7961197640154296,0.5,-39.0,-31.27736976401542,-7.722630235984582,0.05
624_x3.000_y3.000_h90.0,624,3.0,3.0,90.0,2.9718750000000003,3.0031250000000003,90.78125,46,rear,2.848,2.850064417335023,-0.2064417335023272,0.5,12.8,7.893920989420451,4.90607901057956,0.2,-2.3,7.112670989420451,-9.412670989420462,0.01
624_x3.000_y3.000_h180.0,624,3.0,3.0,180.0,3.0124999999999997,3.00625,178.75,40,front,2.425,2.439995568148217,-1.499556814821723,1.0,41.8,42.67127757675638,-0.8712775767563699,0.5,-52.4,43.92127757675638,-96.32127757675639,0.0
624_x3.000_y3.000_h180.0,624,3.0,3.0,180.0,3.0124999999999997,3.00625,178.75,41,front,1.894,1.889041558552046,0.49584414479539873,1.0,19.6,20.25698066500297,-0.6569806650029761,0.5,19.3,21.50698066500297,-2.206980665002959,0.05
624_x3.000_y3.000_h180.0,624,3.0,3.0,180.0,3.0124999999999997,3.00625,178.75,42,front,1.769,1.7564828897209417,1.251711027905822,1.0,-11.8,-9.678274956237573,-2.1217250437624386,0.5,9.2,-8.428274956237573,17.62827495623756,0.0125
624_x3.000_y3.000_h180.0,624,3.0,3.0,180.0,3.0124999999999997,3.00625,178.75,43,front,2.136,2.156578255474006,-2.0578255474005935,1.0,-29.7,-37.573971995551915,7.873971995551926,0.25,-46.6,-36.323971995551915,-10.27602800444808,0.0125
624_x3.000_y3.000_h270.0,624,3.0,3.0,270.0,3.0093750000000004,3.0000000000000004,270.78125,37,rear,2.156,2.203172391701942,-4.717239170194176,0.5,20.4,16.089063721044795,4.310936278955211,0.2,-2.3,15.307813721044795,-17.607813721044806,0.0025
624_x3.000_y3.000_h270.0,624,3.0,3.0,270.0,3.0093750000000004,3.0000000000000004,270.78125,38,rear,2.127,2.158426545655884,-3.142654565588421,0.5,-7.0,-9.314332978617358,2.314332978617358,0.2,-2.3,-10.095582978617358,7.795582978617347,0.01
624_x3.000_y3.000_h270.0,624,3.0,3.0,270.0,3.0093750000000004,3.0000000000000004,270.78125,44,front,2.874,2.863528434295726,1.0471565704273988,1.0,38.1,39.47419467793662,-1.3741946779366288,0.5,-56.3,-51.30705532206338,-4.992944677936634,0.05
624_x3.000_y3.000_h270.0,624,3.0,3.0,270.0,3.0093750000000004,3.0000000000000004,270.78125,45,front,3.141,3.144835274069579,-0.38352740695790644,1.0,24.8,26.003787323766232,-1.203787323766221,0.5,25.5,25.222537323766232,0.2774626762337675,0.05
624_x3.000_y3.000_h270.0,624,3.0,3.0,270.0,3.0093750000000004,3.0000000000000004,270.78125,46,front,2.849,2.8716287273037144,-2.2628727303714236,1.0,5.6,8.589309306962491,-2.9893093069624967,0.5,-10.0,7.808059306962491,-17.80805930696249,0.0125
624_x3.000_y3.000_h270.0,624,3.0,3.0,270.0,3.0093750000000004,3.0000000000000004,270.78125,47,front,2.906,2.8976571040028363,0.8342895997163868,1.0,-13.2,-10.157843887601757,-3.0421561123982315,0.5,-14.8,-10.939093887601757,-3.860906112398254,0.05
624_x3.000_y3.000_h270.0,624,3.0,3.0,270.0,3.0093750000000004,3.0000000000000004,270.78125,48,front,3.178,3.2161590972496636,-3.815909724966371,1.0,-25.2,-27.01676509270061,1.8167650927006207,0.5,-37.4,-27.79801509270061,-9.601984907299396,0.05
624_x3.000_y3.000_h270.0,624,3.0,3.0,270.0,3.0093750000000004,3.0000000000000004,270.78125,49,front,3.747,3.7479386979677143,-0.0938697967714397,1.0,-31.2,-39.835125183085495,8.635125183085506,0.25,-51.1,-40.616375183085495,-10.4836248169145,0.0125
624_x3.000_y4.000_h0.0,624,3.0,4.0,0.0,2.9187499999999997,4.115625,355.46875,36,front,1.669,1.6878882156187025,-1.8888215618702464,1.0,-25.8,-26.400465706203022,0.6004657062030105,0.5,60.8,68.13078429379698,-7.330784293796967,0.05
624_x3.000_y4.000_h0.0,624,3.0,4.0,0.0,2.9187499999999997,4.115625,355.46875,40,rear,1.798,1.7427819522232824,5.521804777671768,0.5,22.0,14.853601414964288,7.146398585035712,0.1,11.5,19.384851414964288,-7.884851414964288,0.01
624_x3.000_y4.000_h0.0,624,3.0,4.0,0.0,2.9187499999999997,4.115625,355.46875,41,rear,1.732,1.6971709859965443,3.4829014003455727,0.5,-12.4,-18.91315946436734,6.513159464367334,0.1,-2.3,-14.38190946436734,12.081909464367328,0.0025
624_x3.000_y4.000_h0.0,624,3.0,4.0,0.0,2.9187499999999997,4.115625,355.46875,56,front,7.384,7.255272016471626,12.872798352837478,0.5,4.6,6.283040089497945,-1.6830400894979505,0.5,7.6,10.814290089497945,-3.2142900894979505,0.05
624_x3.000_y4.000_h0.0,624,3.0,4.0,0.0,2.9187499999999997,4.115625,355.46875,57,front,7.133,7.1345890665956215,-0.15890665956215244,1.0,-3.8,-1.7894859994428316,-2.0105140005571798,0.5,14.6,2.7417640005571684,11.858235999442826,0.0125
624_x3.000_y4.000_h90.0,624,3.0,4.0,90.0,3.2,3.85,110.0,38,front,1.21,1.4104736732129295,-20.047367321292953,0.25,-18.5,-3.003218072170455,-15.496781927829545,0.125,-22.6,-23.00321807217051,0.4032180721705174,0.05
624_x3.000_y4.000_h180.0,624,3.0,4.0,180.0,2.9937500000000004,4.01875,179.0625,39,front,1.745,1.7329084264583712,1.209157354162893,1.0,40.8,41.995149182323445,-1.195149182323462,0.5,-54.5,-47.067350817676584,-7.432649182323416,0.05
624_x3.000_y4.000_h180.0,624,3.0,4.0,180.0,2.9937500000000004,4.01875,179.0625,40,front,1.847,1.8671243746467348,-2.0124374646734777,1.0,19.5,20.4321732090053,-0.932173209005299,0.5,-25.9,21.3696732090053,-47.269673209005305,0.0
624_x3.000_y4.000_h180.0,624,3.0,4.0,180.0,2.9937500000000004,4.01875,179.0625,41,front,1.778,1.767895138541558,1.0104861458442027,1.0,-13.3,-11.35433729708069,-1.9456627029193214,0.5,-14.8,-10.41683729708069,-4.383162702919321,0.05
624_x3.000_y4.000_h180.0,624,3.0,4.0,180.0,2.9937500000000004,4.01875,179.0625,42,front,2.124,2.1368522942256076,-1.285229422560752,1.0,-29.8,-37.390864785125956,7.5908647851259445,0.25,-47.2,-36.453364785125956,-10.746635214874061,0.0125
624_x3.000_y4.000_h270.0,624,3.0,4.0,270.0,3.11875,3.9875,264.375,38,rear,1.114,1.2413075654071017,-12.730756540710164,0.25,-13.8,-29.18194046334588,15.38194046334587,0.1,-2.3,-23.55694046334588,21.25694046334587,0.0025
624_x3.000_y4.000_h270.0,624,3.0,4.0,270.0,3.11875,3.9875,264.375,45,front,4.153,4.0955306966534915,5.746930334650813,1.0,14.3,15.010586070758649,-0.7105860707586373,0.5,-20.7,20.63558607075865,-41.335586070758666,0.0
624_x3.000_y4.000_h270.0,624,3.0,4.0,270.0,3.11875,3.9875,264.375,46,front,3.83,3.86438733545118,-3.438733545117989,1.0,-0.5,1.7098624551986745,-2.2098624551986745,0.5,7.4,7.3348624551986745,0.06513754480133116,0.05
624_x3.000_y4.000_h270.0,624,3.0,4.0,270.0,3.11875,3.9875,264.375,47,front,3.843,3.8587011351885683,-1.5701135188568305,1.0,-13.9,-12.271830263701759,-1.628169736298247,0.5,11.5,-6.646830263701759,18.14683026370176,0.0125
624_x3.000_y4.000_h270.0,624,3.0,4.0,270.0,3.11875,3.9875,264.375,48,front,4.049,4.079300459866861,-3.0300459866860585,1.0,-23.6,-25.64649533062635,2.0464953306263567,0.5,28.9,-20.02149533062635,48.92149533062636,0.0
624_x4.000_y3.000_h0.0,624,4.0,3.0,0.0,4.143750000000001,2.9406250000000003,6.25,33,front,3.939,3.9232614768857035,1.5738523114296576,1.0,-28.2,-28.805232746580117,0.6052327465801284,0.5,57.1,54.944767253419855,2.1552327465801397,0.05
624_x4.000_y3.000_h0.0,624,4.0,3.0,0.0,4.143750000000001,2.9406250000000003,6.25,34,front,3.196,3.185491008515276,1.0508991484724284,1.0,-32.0,-38.77302558738103,6.773025587381028,0.25,-57.7,44.97697441261903,-102.67697441261903,0.0
624_x4.000_y3.000_h0.0,624,4.0,3.0,0.0,4.143750000000001,2.9406250000000003,6.25,41,rear,2.882,2.9700845221546,-8.808452215459983,0.25,22.1,21.226546305506048,0.8734536944939464,0.2,-2.3,14.976546305506048,-17.27654630550606,0.0025
624_x4.000_y3.000_h0.0,624,4.0,3.0,0.0,4.143750000000001,2.9406250000000003,6.25,42,rear,2.743,2.85503208529967,-11.203208529967013,0.25,1.8,2.58583227725984,-0.7858322772598285,0.2,-2.3,-3.66416772274016,1.3641677227401487,0.01
624_x4.000_y3.000_h0.0,624,4.0,3.0,0.0,4.143750000000001,2.9406250000000003,6.25,57,front,5.773,5.958739514775722,-18.573951477572237,0.5,-9.6,-1.6926287746699131,-7.907371225330081,0.25,16.1,-7.942628774669856,24.04262877466985,0.0125
624_x4.000_y3.000_h90.0,624,4.0,3.0,90.0,3.993750000000001,3.0281250000000006,90.625,35,front,2.594,2.5984168980865534,-0.44168980865535445,1.0,35.0,36.069266945284596,-1.0692669452845962,0.5,37.3,35.44426694528465,1.8557330547153583,0.05
624_x4.000_y3.000_h90.0,624,4.0,3.0,90.0,3.993750000000001,3.0281250000000006,90.625,36,front,1.759,1.7447895206451034,1.42104793548965,1.0,16.8,18.890388263585976,-2.0903882635859645,0.5,15.1,18.26538826358592,-3.1653882635859247,0.05
624_x4.000_y3.000_h90.0,624,4.0,3.0,90.0,3.993750000000001,3.0281250000000006,90.625,37,front,2.166,2.1549254247511263,1.1074575248873675,1.0,-13.0,-10.157603964579664,-2.842396035420336,0.5,-11.1,-10.782603964579721,-0.3173960354202734,0.05
624_x4.000_y3.000_h90.0,624,4.0,3.0,90.0,3.993750000000001,3.0281250000000006,90.625,38,front,2.495,2.5178069210678244,-2.2806921067824337,1.0,-27.8,-32.1542479504713,4.35424795047129,0.5,-42.5,-32.7792479504713,-9.720752049528699,0.05
624_x4.000_y3.000_h90.0,624,4.0,3.0,90.0,3.993750000000001,3.0281250000000006,90.625,48,rear,2.925,2.899313326308384,2.5686673691615702,0.5,-3.1,-9.6153164495758,6.515316449575806,0.1,-2.3,-10.2403164495758,7.940316449575789,0.01
624_x4.000_y3.000_h180.0,624,4.0,3.0,180.0,3.9468750000000004,2.9875000000000003,177.5,39,front,3.098,3.133928409533058,-3.5928409533058314,1.0,41.0,42.347112436011,-1.3471124360110025,0.5,48.7,-45.152887563989,93.85288756398899,0.0
624_x4.000_y3.000_h180.0,624,4.0,3.0,180.0,3.9468750000000004,2.9875000000000003,177.5,40,front,3.174,3.189187678599006,-1.5187678599005938,1.0,29.3,29.92657423991497,-0.6265742399149588,0.5,-37.5,32.42657423991497,-69.92657423991497,0.0
624_x4.000_y3.000_h180.0,624,4.0,3.0,180.0,3.9468750000000004,2.9875000000000003,177.5,41,front,2.823,2.7840108085167166,3.898919148328339,1.0,10.0,12.27737750101457,-2.27737750101457,0.5,-15.2,14.77737750101457,-29.97737750101456,0.0
624_x4.000_y3.000_h180.0,624,4.0,3.0,180.0,3.9468750000000004,2.9875000000000003,177.5,42,front,2.707,2.6826754022812858,2.432459771871409,1.0,-10.5,-7.630546185687962,-2.8694538143120383,0.5,-2.1,-5.130546185687962,3.0305461856879674,0.05
624_x4.000_y3.000_h180.0,624,4.0,3.0,180.0,3.9468750000000004,2.9875000000000003,177.5,43,front,2.956,2.9540720047533453,0.19279952466546568,1.0,-25.1,-27.74537438837686,2.6453743883768652,0.5,31.6,-25.24537438837686,56.845374388376854,0.0
624_x4.000_y3.000_h180.0,624,4.0,3.0,180.0,3.9468750000000004,2.9875000000000003,177.5,44,front,3.468,3.512425871748732,-4.442587174873225,1.0,-31.9,-42.973424793854605,11.073424793854599,0.25,-51.9,-40.473424793854605,-11.426575206145401,0.0125
624_x4.000_y3.000_h270.0,624,4.0,3.0,270.0,3.98125,2.9781250000000004,271.5625,36,rear,1.722,1.777676135414564,-5.5676135414564065,0.5,24.5,19.951403051787395,4.548596948212605,0.2,-2.3,18.388903051787338,-20.68890305178735,0.0025
624_x4.000_y3.000_h270.0,624,4.0,3.0,270.0,3.98125,2.9781250000000004,271.5625,37,rear,2.169,2.1818965363421357,-1.2896536342135612,0.5,-6.0,-8.712866662554177,2.712866662554177,0.2,-2.3,-10.275366662554234,7.975366662554222,0.01
624_x4.000_y3.000_h270.0,624,4.0,3.0,270.0,3.98125,2.9781250000000004,271.5625,45,front,3.643,3.6495152333346152,-0.6515233334615456,1.0,38.0,40.887185814093556,-2.887185814093556,0.5,42.1,39.324685814093556,2.7753141859064385,0.05
624_x4.000_y3.000_h270.0,624,4.0,3.0,270.0,3.98125,2.9781250000000004,271.5625,46,front,3.142,3.134842419666212,0.7157580333787994,1.0,24.5,27.329390024807594,-2.8293900248075943,0.5,25.8,25.766890024807594,0.033109975192417096,0.05
624_x4.000_y3.000_h270.0,624,4.0,3.0,270.0,3.98125,2.9781250000000004,271.5625,48,front,2.828,2.8719580612992526,-4.395806129925273,1.0,-13.7,-9.016183999243026,-4.683816000756963,0.25,-17.8,-10.578683999243026,-7.221316000756985,0.05
624_x4.000_y3.000_h270.0,624,4.0,3.0,270.0,3.98125,2.9781250000000004,271.5625,49,front,3.189,3.18166209044699,0.7337909553009947,1.0,-25.5,-25.8993841498077,0.39938414980770176,0.5,-35.0,-27.4618841498077,-7.538115850192298,0.05
624_x4.000_y3.000_h270.0,624,4.0,3.0,270.0,3.98125,2.9781250000000004,271.5625,50,front,3.557,3.574430576253374,-1.7430576253373964,1.0,-32.2,-40.98970080821607,8.789700808216082,0.25,-54.9,-42.55220080821607,-12.347799191783935,0.0125
624_x4.000_y4.000_h0.0,624,4.0,4.0,0.0,3.95,4.140625,1.25,40,rear,2.804,2.733213120057046,7.078687994295363,0.5,19.9,13.094543801173472,6.805456198826533,0.1,-2.3,11.844543801173472,-14.144543801173484,0.0025
624_x4.000_y4.000_h0.0,624,4.0,4.0,0.0,3.95,4.140625,1.25,41,rear,2.743,2.7107990937907567,3.2200906209243207,0.5,-2.1,-8.069563245662522,5.969563245662528,0.2,-2.3,-9.319563245662522,7.0195632456625106,0.01
624_x4.000_y4.000_h0.0,624,4.0,4.0,0.0,3.95,4.140625,1.25,55,front,6.609,6.554851905657476,5.414809434252366,1.0,18.8,22.838934258180473,-4.038934258180461,0.5,19.8,21.588934258180416,-1.7889342581804044,0.05
624_x4.000_y4.000_h90.0,624,4.0,4.0,90.0,3.9312500000000004,4.003125,86.875,36,front,0.916,0.9121404404804552,0.3859559519544864,1.0,37.3,38.488252643813865,-1.1882526438138825,0.5,40.1,41.613252643813894,-1.5132526438138996,0.05
624_x4.000_y4.000_h90.0,624,4.0,4.0,90.0,3.9312500000000004,4.003125,86.875,37,front,1.218,1.1927163082001935,2.5283691799806496,1.0,-19.8,-19.900682428187253,0.10068242818724116,0.5,-23.6,-16.775682428187224,-6.82431757181277,0.05
624_x4.000_y4.000_h90.0,624,4.0,4.0,90.0,3.9312500000000004,4.003125,86.875,49,rear,4.33,4.12000391594362,20.999608405637993,0.25,-18.1,-24.817224624772393,6.717224624772399,0.1,-2.3,-21.692224624772393,19.392224624772382,0.0025
624_x4.000_y4.000_h180.0,624,4.0,4.0,180.0,3.9718750000000003,3.95,174.375,38,front,1.803,1.7904694002602581,1.25305997397418,1.0,37.3,38.412580242236004,-1.1125802422359925,0.5,-53.7,-45.962419757763996,-7.7375802422359925,0.05
624_x4.000_y4.000_h180.0,624,4.0,4.0,180.0,3.9718750000000003,3.95,174.375,40,front,2.786,2.817319924765542,-3.1319924765541796,1.0,8.3,9.700181519766488,-1.4001815197664769,0.5,-18.6,15.325181519766488,-33.92518151976648,0.0
624_x4.000_y4.000_h180.0,624,4.0,4.0,180.0,3.9718750000000003,3.95,174.375,41,front,2.757,2.729115872204251,2.7884127795749336,1.0,-12.5,-10.994601590578384,-1.5053984094216162,0.5,-13.8,-5.369601590578384,-8.430398409421628,0.05
624_x4.000_y4.000_h180.0,624,4.0,4.0,180.0,3.9718750000000003,3.95,174.375,42,front,2.943,2.954239435367467,-1.1239435367466744,1.0,-25.6,-29.705560904814746,4.105560904814752,0.5,-35.3,-24.080560904814746,-11.219439095185237,0.0125
624_x4.000_y4.000_h270.0,624,4.0,4.0,270.0,3.9812499999999997,3.9531249999999996,268.75,46,front,4.033,4.034301604381108,-0.13016043811076017,1.0,18.4,18.451602638126076,-0.05160263812607013,0.5,-25.9,19.701602638126076,-45.60160263812608,0.0
624_x4.000_y4.000_h270.0,624,4.0,4.0,270.0,3.9812499999999997,3.9531249999999996,268.75,48,front,3.834,3.8349315182556607,-0.09315182556606239,1.0,-10.5,-9.193132395860971,-1.306867604139029,0.5,-12.2,-7.943132395860971,-4.256867604139018,0.05
624_x4.000_y4.000_h270.0,624,4.0,4.0,270.0,3.9812499999999997,3.9531249999999996,268.75,49,front,4.071,4.072665639212633,-0.16656392126330744,1.0,-21.0,-22.4073608560023,1.407360856002299,0.5,-26.7,-21.1573608560023,-5.54263914399769,0.05
624_x5.000_y3.000_h0.0,624,5.0,3.0,0.0,4.90625,3.290625000000001,355.3125,32,front,3.916,3.909440858755807,0.655914124419299,1.0,-28.8,-33.99855719065772,5.198557190657709,0.5,56.4,60.68894280934228,-4.288942809342274,0.05
624_x5.000_y3.000_h0.0,624,5.0,3.0,0.0,4.90625,3.290625000000001,355.3125,41,rear,3.819,3.65382070527729,16.517929472271,0.25,15.4,1.6487303781550224,13.751269621844983,0.0,-7.9,6.336230378155022,-14.236230378155028,0.0025
624_x5.000_y3.000_h0.0,624,5.0,3.0,0.0,4.90625,3.290625000000001,355.3125,55,front,5.385,5.369374628583108,1.562537141689191,1.0,10.9,12.15943678254132,-1.2594367825413144,0.5,9.3,16.84693678254132,-7.546936782541309,0.05
624_x5.000_y3.000_h0.0,624,5.0,3.0,0.0,4.90625,3.290625000000001,355.3125,56,front,5.188,5.166824750907446,2.1175249092554083,0.5,-1.0,1.2684592931011593,-2.2684592931011593,0.5,7.2,5.955959293101159,1.2440407068988293,0.05
624_x5.000_y3.000_h0.0,624,5.0,3.0,0.0,4.90625,3.290625000000001,355.3125,57,front,4.847,5.161663696048744,-31.466369604874345,0.0,-11.8,-10.066474130973575,-1.7335258690264368,0.5,14.0,-5.378974130973575,19.378974130973575,0.0125
624_x5.000_y3.000_h90.0,624,5.0,3.0,90.0,4.9593750000000005,3.0250000000000004,89.84375,34,front,2.595,2.591508561711501,0.34914382884991824,1.0,33.4,34.95304590524563,-1.5530459052456251,0.5,36.4,35.10929590524563,1.2907040947543749,0.05
624_x5.000_y3.000_h90.0,624,5.0,3.0,90.0,4.9593750000000005,3.0250000000000004,89.84375,35,front,2.204,2.187810344754022,1.6189655245978152,1.0,10.9,14.146128728884321,-3.2461287288843153,0.5,11.1,14.302378728884378,-3.2023787288843835,0.05
624_x5.000_y3.000_h90.0,624,5.0,3.0,90.0,4.9593750000000005,3.0250000000000004,89.84375,36,front,1.73,1.7121921315750925,1.7807868424907447,1.0,-16.9,-14.339392443438612,-2.5606075565613935,0.5,-19.6,-14.183142443438555,-5.416857556561439,0.05
624_x5.000_y3.000_h90.0,624,5.0,3.0,90.0,4.9593750000000005,3.0250000000000004,89.84375,37,front,2.493,2.523885806206581,-3.08858062065811,1.0,-28.5,-33.01880266902015,4.518802669020147,0.5,-42.0,-32.86255266902015,-9.137447330979853,0.05
624_x5.000_y3.000_h90.0,624,5.0,3.0,90.0,4.9593750000000005,3.0250000000000004,89.84375,48,rear,2.874,2.885178625371639,-1.117862537163905,0.5,14.3,8.800103972048475,5.499896027951536,0.1,-2.3,8.956353972048475,-11.256353972048487,0.0025
624_x5.000_y3.000_h90.0,624,5.0,3.0,90.0,4.9593750000000005,3.0250000000000004,89.84375,49,rear,2.944,2.891956987521703,5.20430124782969,0.5,-5.7,-9.927922165522205,4.227922165522216,0.2,-2.3,-9.771672165522205,7.471672165522193,0.01
624_x5.000_y3.000_h180.0,624,5.0,3.0,180.0,4.956250000000001,2.9562500000000003,175.625,38,front,3.184,3.189813224761395,-0.5813224761394675,1.0,39.9,40.220390929401276,-0.32039092940127034,0.5,-52.9,-45.404609070598724,-7.495390929401282,0.05
624_x5.000_y3.000_h180.0,624,5.0,3.0,180.0,4.956250000000001,2.9562500000000003,175.625,39,front,3.928,3.931617493257875,-0.3617493257875193,1.0,30.8,30.349199983858796,0.45080001614121556,0.5,-57.8,-55.275800016141204,-2.524199983858807,0.05
624_x5.000_y3.000_h180.0,624,5.0,3.0,180.0,4.956250000000001,2.9562500000000003,175.625,40,front,4.044,4.089802853298544,-4.580285329854483,1.0,20.7,20.797149602591787,-0.09714960259179861,0.5,-31.1,25.172149602591787,-56.27214960259178,0.0
624_x5.000_y3.000_h180.0,624,5.0,3.0,180.0,4.956250000000001,2.9562500000000003,175.625,41,front,3.824,3.774569990879007,4.9430009120992935,1.0,5.2,6.924101347354252,-1.7241013473542637,0.5,-10.8,11.299101347354252,-22.099101347354264,0.0125
624_x5.000_y3.000_h180.0,624,5.0,3.0,180.0,4.956250000000001,2.9562500000000003,175.625,42,front,3.711,3.687420355868189,2.3579644131810795,1.0,-9.7,-7.646718370811527,-2.0532816291884615,0.5,-2.1,-3.271718370811527,1.1717183708115328,0.05
624_x5.000_y3.000_h180.0,624,5.0,3.0,180.0,4.956250000000001,2.9562500000000003,175.625,44,front,4.279,4.314775429237282,-3.5775429237282275,1.0,-28.8,-35.81243935001464,7.012439350014631,0.25,-44.7,-31.437439350014643,-13.262560649985346,0.0125
624_x5.000_y3.000_h270.0,624,5.0,3.0,270.0,4.9375,3.0093750000000004,268.75,35,rear,2.161,2.1887240475022014,-2.7724047502201365,0.5,17.8,13.597756775839741,4.20224322416027,0.2,-2.3,14.847756775839798,-17.14775677583981,0.0025
624_x5.000_y3.000_h270.0,624,5.0,3.0,270.0,4.9375,3.0093750000000004,268.75,36,rear,1.723,1.7030745372495917,1.9925462750408407,0.5,-12.9,-14.80402344724223,1.9040234472422242,0.2,-2.3,-13.55402344724223,11.254023447242218,0.0025
624_x5.000_y3.000_h270.0,624,5.0,3.0,270.0,4.9375,3.0093750000000004,268.75,46,front,3.674,3.6759730534687884,-0.19730534687885104,1.0,37.8,37.8088970022323,-0.008897002232288287,0.5,42.5,39.0588970022323,3.4411029977677003,0.05
624_x5.000_y3.000_h270.0,624,5.0,3.0,270.0,4.9375,3.0093750000000004,268.75,47,front,3.183,3.1688694433411455,1.413055665885432,1.0,24.8,24.491968175816424,0.3080318241835869,0.5,-30.8,25.741968175816424,-56.54196817581642,0.0
624_x5.000_y3.000_h270.0,624,5.0,3.0,270.0,4.9375,3.0093750000000004,268.75,48,front,2.893,2.886046292842049,0.6953707157950628,1.0,5.7,7.244286780928178,-1.5442867809281893,0.5,-10.1,8.494286780928178,-18.594286780928172,0.0125
624_x5.000_y3.000_h270.0,624,5.0,3.0,270.0,4.9375,3.0093750000000004,268.75,49,front,2.873,2.9002446213276403,-2.724462132764005,1.0,-13.0,-11.452223124446732,-1.547776875553268,0.5,-11.4,-10.202223124446732,-1.1977768755532736,0.05
624_x5.000_y4.000_h0.0,624,5.0,4.0,0.0,4.874999999999999,4.2437499999999995,356.5625,34,front,1.821,1.797618643072523,2.3381356927477004,1.0,-31.4,-35.69927357723657,4.299273577236562,0.5,54.6,57.73822642276343,-3.138226422763438,0.05
624_x5.000_y4.000_h0.0,624,5.0,4.0,0.0,4.874999999999999,4.2437499999999995,356.5625,40,rear,3.817,3.6283677294387404,18.863227056125975,0.25,15.6,3.714720364584366,11.885279635415628,0.1,-2.3,7.152220364584366,-9.452220364584377,0.01
624_x5.000_y4.000_h0.0,624,5.0,4.0,0.0,4.874999999999999,4.2437499999999995,356.5625,55,front,5.773,5.747372751543574,2.562724845642528,1.0,21.4,22.46238385697484,-1.062383856974833,0.5,19.7,25.89988385697484,-6.19988385697485,0.05
624_x5.000_y4.000_h0.0,624,5.0,4.0,0.0,4.874999999999999,4.2437499999999995,356.5625,56,front,5.408,5.380647825712146,2.735217428785397,1.0,10.4,12.64387813116241,-2.243878131162404,0.5,8.9,16.08137813116241,-7.181378131162404,0.05
624_x5.000_y4.000_h0.0,624,5.0,4.0,0.0,4.874999999999999,4.2437499999999995,356.5625,57,front,5.145,5.191459188272228,-4.64591882722285,1.0,-1.4,1.7618004379142462,-3.161800437914252,0.5,10.5,5.199300437914246,5.300699562085754,0.05
624_x5.000_y4.000_h90.0,624,5.0,4.0,90.0,4.962500000000001,4.028124999999999,93.125,35,front,1.276,1.2408589250365623,3.514107496343777,1.0,23.1,28.947460709941367,-5.847460709941373,0.25,24.1,25.822460709941424,-1.72246070994143,0.05
624_x5.000_y4.000_h90.0,624,5.0,4.0,90.0,4.962500000000001,4.028124999999999,93.125,36,front,0.814,0.7794702670431206,3.4529732956879333,1.0,-27.8,-29.435386951279327,1.6353869512793153,0.5,-40.7,-32.56038695127933,-8.139613048720662,0.05
624_x5.000_y4.000_h90.0,624,5.0,4.0,90.0,4.962500000000001,4.028124999999999,93.125,48,rear,3.962,3.8801939214572783,8.180607854272193,0.5,12.1,9.882742385289191,2.217257614710803,0.2,-2.3,6.757742385289191,-9.057742385289203,0.01
624_x5.000_y4.000_h90.0,624,5.0,4.0,90.0,4.962500000000001,4.028124999999999,93.125,49,rear,3.893,3.883441556581359,0.955844341864065,0.5,-2.7,-4.025736470251331,1.3257364702513428,0.2,-2.3,-7.150736470251331,4.85073647025132,0.01
624_x5.000_y4.000_h90.0,624,5.0,4.0,90.0,4.962500000000001,4.028124999999999,93.125,50,rear,4.105,3.9336967507421585,17.13032492578419,0.25,-18.3,-18.245229355780566,-0.05477064421944533,0.2,-2.3,-21.370229355780566,19.070229355780555,0.0025
624_x5.000_y4.000_h180.0,624,5.0,4.0,180.0,4.968750000000001,3.965625,176.875,38,front,2.587,2.594643754102859,-0.7643754102858669,1.0,25.2,25.20727506805136,-0.007275068051370681,0.5,-62.8,-61.66772493194867,-1.1322750680513423,0.05
624_x5.000_y4.000_h180.0,624,5.0,4.0,180.0,4.968750000000001,3.965625,176.875,40,front,3.743,3.7851629313290918,-4.216293132909188,1.0,6.5,8.015875700154425,-1.5158757001544245,0.5,-14.1,11.140875700154425,-25.24087570015442,0.0
624_x5.000_y4.000_h180.0,624,5.0,4.0,180.0,4.968750000000001,3.965625,176.875,41,front,3.8,3.723533941283203,7.646605871679668,1.0,-9.2,-7.262027662603941,-1.9379723373960474,0.5,-2.1,-4.137027662603941,2.037027662603947,0.05
624_x5.000_y4.000_h180.0,624,5.0,4.0,180.0,4.968750000000001,3.965625,176.875,42,front,3.9,3.88965756922931,1.0342430770689859,1.0,-20.7,-21.38311724687614,0.6831172468761508,0.5,23.1,-18.25811724687614,41.358117246876134,0.0
624_x5.000_y4.000_h180.0,624,5.0,4.0,180.0,4.968750000000001,3.965625,176.875,43,front,4.276,4.31923923080751,-4.32392308075098,1.0,-28.2,-34.34269222512518,6.142692225125188,0.25,-38.7,-31.217692225125177,-7.482307774874812,0.05
624_x5.000_y4.000_h270.0,624,5.0,4.0,270.0,5.021875000000001,3.9562500000000003,266.875,46,front,4.48,4.494967495079647,-1.4967495079647009,1.0,30.0,29.129473400785514,0.8705265992144859,0.5,33.3,32.254473400785514,1.0455265992144973,0.05
624_x5.000_y4.000_h270.0,624,5.0,4.0,270.0,5.021875000000001,3.9562500000000003,266.875,47,front,4.085,4.071663613474469,1.3336386525531374,1.0,17.9,17.870824271482178,0.029175728517827793,0.5,18.4,20.995824271482178,-2.595824271482172,0.05
624_x5.000_y4.000_h270.0,624,5.0,4.0,270.0,5.021875000000001,3.9562500000000003,266.875,48,front,3.851,3.8352416933894973,1.5758306610502704,1.0,3.1,4.499740586231496,-1.399740586231502,0.5,-6.6,7.624740586231496,-14.22474058623149,0.0125
624_x5.000_y4.000_h270.0,624,5.0,4.0,270.0,5.021875000000001,3.9562500000000003,266.875,49,front,3.809,3.82570132736241,-1.6701327362409923,1.0,-10.9,-9.595481233226963,-1.3045187667730431,0.5,7.4,-6.470481233226963,13.870481233226968,0.0125
624_x5.000_y4.000_h270.0,624,5.0,4.0,270.0,5.021875000000001,3.9562500000000003,266.875,50,front,3.867,3.8664219677711738,0.05780322288262418,1.0,-22.1,-24.053930588574133,1.9539305885741385,0.5,25.9,-20.928930588574133,46.82893058857414,0.0
625_x6.000_y2.000_h0.0,625,6.0,2.0,0.0,5.859375,1.9406250000000003,356.40625,51,front,2.1544,2.1735858541065984,-1.9185854106598565,1.0,41.42,39.94186418183182,1.478135818168198,0.5,-53.319,-46.46438581816818,-6.854614181831835,0.05
625_x6.000_y2.000_h0.0,625,6.0,2.0,0.0,5.859375,1.9406250000000003,356.40625,55,front,4.2429,4.190857257532267,5.204274246773277,1.0,-3.432,-0.7601442607504509,-2.671855739249537,0.5,-2.165,2.833605739249549,-4.998605739249541,0.05
625_x6.000_y2.000_h0.0,625,6.0,2.0,0.0,5.859375,1.9406250000000003,356.40625,56,front,4.2362,4.263923361681106,-2.772336168110545,1.0,-15.912,-14.583176351703742,-1.3288236482962645,0.5,16.22,-10.989426351703742,27.20942635170374,0.0
625_x6.000_y2.000_h0.0,625,6.0,2.0,0.0,5.859375,1.9406250000000003,356.40625,57,front,4.556,4.569420129028292,-1.3420129028292038,1.0,-24.683,-27.24109714526719,2.5580971452671974,0.5,27.658,-23.64734714526719,51.305347145267206,0.0
625_x6.000_y2.000_h90.0,625,6.0,2.0,90.0,5.946875,2.0343750000000003,89.375,32,front,3.9265,3.9426686254252044,-1.6168625425204475,1.0,35.876,37.286088898303916,-1.4100888983039113,0.5,40.1,37.91108889830389,2.1889111016961067,0.05
625_x6.000_y2.000_h90.0,625,6.0,2.0,90.0,5.946875,2.0343750000000003,89.375,33,front,3.4443,3.437293671534927,0.7006328465072986,1.0,22.887,24.556516439756706,-1.6695164397567055,0.5,-29.915,25.181516439756706,-55.0965164397567,0.0
625_x6.000_y2.000_h90.0,625,6.0,2.0,90.0,5.946875,2.0343750000000003,89.375,34,front,3.1647,3.1509585333412193,1.374146665878051,1.0,5.137,8.551902518140082,-3.4149025181400816,0.5,4.948,9.176902518140082,-4.228902518140075,0.05
625_x6.000_y2.000_h90.0,625,6.0,2.0,90.0,5.946875,2.0343750000000003,89.375,35,front,3.1273,3.1426488945469218,-1.5348894546921787,1.0,-12.235,-8.811043115681287,-3.423956884318727,0.5,-13.68,-8.186043115681287,-5.49395688431872,0.05
625_x6.000_y2.000_h90.0,625,6.0,2.0,90.0,5.946875,2.0343750000000003,89.375,36,front,2.9847,3.001135778069993,-1.6435778069992857,1.0,-26.126,-28.593155933187234,2.467155933187229,0.5,-37.702,-27.96815593318729,-9.733844066812708,0.05
625_x6.000_y2.000_h90.0,625,6.0,2.0,90.0,5.946875,2.0343750000000003,89.375,37,front,3.8665,3.9030368131007833,-3.6536813100783494,1.0,-30.398,-37.78266676587077,7.384666765870776,0.25,-46.546,-37.15766676587077,-9.38833323412922,0.05
625_x6.000_y2.000_h90.0,625,6.0,2.0,90.0,5.946875,2.0343750000000003,89.375,49,rear,1.8809,1.9244127481914777,-4.351274819147766,0.5,24.856,14.312814278372343,10.543185721627651,0.1,-2.342,14.937814278372343,-17.279814278372328,0.0025
625_x6.000_y2.000_h90.0,625,6.0,2.0,90.0,5.946875,2.0343750000000003,89.375,50,rear,1.6707,1.7299977262506159,-5.92977262506158,0.5,-7.479,-15.83723268693575,8.358232686935764,0.1,4.681,-15.21223268693575,19.89323268693576,0.0025
625_x6.000_y2.000_h180.0,625,6.0,2.0,180.0,5.915625,1.959375,180.15625,38,front,4.5996,4.57597658884793,2.362341115206945,1.0,43.705,45.24611298518727,-1.541112985187283,0.5,-54.022,-44.91013701481273,-9.111862985187258,0.05
625_x6.000_y2.000_h180.0,625,6.0,2.0,180.0,5.915625,1.959375,180.15625,40,front,5.3612,5.406780450282156,-4.558045028215574,1.0,30.697,30.61476864831147,0.08223135168853446,0.5,-37.594,30.45851864831147,-68.05251864831146,0.0
625_x6.000_y2.000_h180.0,625,6.0,2.0,180.0,5.915625,1.959375,180.15625,41,front,4.9928,4.975110537411199,1.7689462588800886,1.0,20.074,20.63724978319769,-0.5632497831976764,0.5,-28.766,20.48099978319769,-49.24699978319768,0.0
625_x6.000_y2.000_h180.0,625,6.0,2.0,180.0,5.915625,1.959375,180.15625,42,front,4.7263,4.707518175439222,1.8781824560778482,1.0,8.007,9.826717847167117,-1.8197178471671123,0.5,-15.38,9.670467847167117,-25.050467847167113,0.0125
625_x6.000_y2.000_h180.0,625,6.0,2.0,180.0,5.915625,1.959375,180.15625,44,front,4.7605,4.805826195024134,-4.532619502413393,1.0,-16.037,-14.910234083400411,-1.1267659165995951,0.5,-22.999,-15.066484083400411,-7.932515916599584,0.05
625_x6.000_y2.000_h180.0,625,6.0,2.0,180.0,5.915625,1.959375,180.15625,47,front,2.9821,2.957971259665733,2.412874033426693,1.0,-30.125,-38.78678014157413,8.661780141574127,0.25,53.564,51.05696985842587,2.50703014157412,0.05
625_x6.000_y2.000_h180.0,625,6.0,2.0,180.0,5.915625,1.959375,180.15625,54,rear,4.6613,4.390932616379083,27.03673836209166,0.0,18.963,16.690102701669957,2.2728972983300366,0.2,-13.542,16.533852701669957,-30.07585270166996,0.0
625_x6.000_y2.000_h270.0,625,6.0,2.0,270.0,5.996875,1.9625000000000001,262.8125,33,rear,3.5008,3.460581410417752,4.021858958224778,0.5,19.14,16.74357598632838,2.3964240136716057,0.2,20.627,23.931075986328324,-3.3040759863283142,0.01
625_x6.000_y2.000_h270.0,625,6.0,2.0,270.0,5.996875,1.9625000000000001,262.8125,34,rear,3.2293,3.194063323594312,3.523667640568773,0.5,2.289,0.7982539873211181,1.4907460126788692,0.2,-12.281,7.985753987321118,-20.266753987321124,0.0025
625_x6.000_y2.000_h270.0,625,6.0,2.0,270.0,5.996875,1.9625000000000001,262.8125,35,rear,3.2967,3.20334702412253,9.335297587746982,0.25,-16.628,-16.280681599744526,-0.34731840025546035,0.2,-2.342,-9.093181599744526,6.751181599744513,0.01
625_x6.000_y2.000_h270.0,625,6.0,2.0,270.0,5.996875,1.9625000000000001,262.8125,48,front,2.3498,2.3364502534644798,1.3349746535520346,1.0,31.943,32.116641188260076,-0.17364118826006347,0.5,37.925,39.304141188260076,-1.3791411882600642,0.05
625_x6.000_y2.000_h270.0,625,6.0,2.0,270.0,5.996875,1.9625000000000001,262.8125,49,front,1.9211,1.8868523690144736,3.424763098552641,1.0,7.428,9.442344703191452,-2.0143447031914548,0.5,12.47,16.629844703191452,-4.159844703191453,0.05
625_x6.000_y2.000_h270.0,625,6.0,2.0,270.0,5.996875,1.9625000000000001,262.8125,50,front,1.6766,1.6690745443815758,0.7525455618424326,1.0,-20.982,-21.40768838019227,0.42568838019226973,0.5,18.682,-14.220188380192269,32.902188380192285,0.0
625_x6.000_y4.000_h0.0,625,6.0,4.0,0.0,5.831249999999999,4.124999999999999,358.125,33,front,1.7987,1.8658513003776767,-6.715130037767669,1.0,-31.527,-37.12245986385011,5.595459863850124,0.25,54.513,54.75254013614989,-0.23954013614988412,0.05
625_x6.000_y4.000_h0.0,625,6.0,4.0,0.0,5.831249999999999,4.124999999999999,358.125,36,rear,1.5243,1.361827606499024,16.247239350097598,0.25,28.312,24.85566499128737,3.4563350087126423,0.2,-63.938,-63.26933500871263,-0.6686649912873577,0.01
625_x6.000_y4.000_h0.0,625,6.0,4.0,0.0,5.831249999999999,4.124999999999999,358.125,40,rear,4.8115,4.592122492485814,21.937750751418594,0.0,9.035,5.287279540010729,3.7477204599892673,0.2,-12.123,7.162279540010729,-19.28527954001072,0.0025
625_x6.000_y4.000_h0.0,625,6.0,4.0,0.0,5.831249999999999,4.124999999999999,358.125,55,front,4.8328,4.845961785835061,-1.3161785835061224,1.0,27.748,27.719248754040507,0.02875124595948364,0.5,29.5,29.594248754040507,-0.09424875404050681,0.05
625_x6.000_y4.000_h0.0,625,6.0,4.0,0.0,5.831249999999999,4.124999999999999,358.125,56,front,4.4323,4.43188636032856,0.041363967143936975,1.0,14.978,16.174925362665192,-1.1969253626651835,0.5,-21.399,18.049925362665192,-39.44892536266519,0.0
625_x6.000_y4.000_h0.0,625,6.0,4.0,0.0,5.831249999999999,4.124999999999999,358.125,57,front,4.2661,4.228556230199493,3.754376980050722,1.0,0.371,2.9163518911110486,-2.5453518911110393,0.5,6.191,4.791351891111049,1.3996481088889539,0.05
625_x6.000_y4.000_h0.0,625,6.0,4.0,0.0,5.831249999999999,4.124999999999999,358.125,58,front,3.5688,3.4703785724027587,9.842142759724126,0.5,-13.621,-11.27494360210153,-2.3460563978984794,0.5,7.729,-9.39994360210153,17.128943602101515,0.0125
625_x6.000_y4.000_h90.0,625,6.0,4.0,90.0,6.028125,4.031249999999999,92.03125,34,front,1.2445,1.1916976172584617,5.280238274153826,1.0,22.064,22.864392284960246,-0.8003922849602532,0.5,21.376,20.833142284960218,0.5428577150397871,0.05
625_x6.000_y4.000_h90.0,625,6.0,4.0,90.0,6.028125,4.031249999999999,92.03125,35,front,1.2415,1.231818474017719,0.9681525982281114,1.0,-22.088,-23.255798022168392,1.1677980221683981,0.5,-29.574,-25.287048022168392,-4.28695197783162,0.05
625_x6.000_y4.000_h90.0,625,6.0,4.0,90.0,6.028125,4.031249999999999,92.03125,48,rear,4.2206,4.145335873754774,7.526412624522649,0.5,23.022,23.553722942602775,-0.5317229426027836,0.2,-4.875,21.522472942602775,-26.397472942602775,0.0
625_x6.000_y4.000_h90.0,625,6.0,4.0,90.0,6.028125,4.031249999999999,92.03125,49,rear,3.9523,3.8997867661214936,5.251323387850659,0.5,9.714,10.595996786514434,-0.8819967865144349,0.2,3.135,8.564746786514434,-5.429746786514443,0.01
625_x6.000_y4.000_h180.0,625,6.0,4.0,180.0,5.9625,3.975,178.28125,36,front,1.5854,1.5661506020028555,1.9249397997144424,1.0,26.746,27.451442643356643,-0.7054426433566334,0.5,-63.255,-60.82980735664336,-2.425192643356638,0.05
625_x6.000_y4.000_h180.0,625,6.0,4.0,180.0,5.9625,3.975,178.28125,40,front,4.744,4.762774923587415,-1.877492358741506,1.0,6.106,7.016898978356835,-0.9108989783568404,0.5,-8.459,8.735648978356835,-17.194648978356838,0.0125
625_x6.000_y4.000_h180.0,625,6.0,4.0,180.0,5.9625,3.975,178.28125,41,front,4.7235,4.715646746841732,0.785325315826757,1.0,-6.53,-5.0820135807126405,-1.4479864192873606,0.5,-2.122,-3.3632635807126405,1.2412635807126549,0.05
625_x6.000_y4.000_h180.0,625,6.0,4.0,180.0,5.9625,3.975,178.28125,42,front,4.7903,4.845364543153485,-5.5064543153484635,1.0,-16.544,-16.383298943356436,-0.1607010566435747,0.5,15.015,-14.664548943356436,29.67954894335645,0.0
625_x6.000_y4.000_h180.0,625,6.0,4.0,180.0,5.9625,3.975,178.28125,43,front,5.2388,5.198107618129872,4.069238187012836,1.0,-24.057,-27.32634529441836,3.269345294418372,0.5,26.57,-25.60759529441836,52.17759529441835,0.0
625_x6.000_y4.000_h270.0,625,6.0,4.0,270.0,6.065624999999999,3.9499999999999997,265.9375,48,front,4.0905,4.100114071767589,-0.9614071767589216,1.0,18.154,18.175814655417014,-0.021814655417017548,0.5,18.993,22.238314655417014,-3.245314655417019,0.05
625_x6.000_y4.000_h270.0,625,6.0,4.0,270.0,6.065624999999999,3.9499999999999997,265.9375,49,front,3.8318,3.8441235325787364,-1.232353257873653,1.0,3.632,5.094100743125637,-1.4621007431256317,0.5,-10.386,9.156600743125637,-19.542600743125632,0.0125
625_x6.000_y4.000_h270.0,625,6.0,4.0,270.0,6.065624999999999,3.9499999999999997,265.9375,50,front,3.6665,3.6209734852555653,4.552651474443481,1.0,-10.893,-9.422889791287162,-1.470110208712839,0.5,5.24,-5.360389791287162,10.60038979128717,0.0125
625_x6.000_y4.000_h270.0,625,6.0,4.0,270.0,6.065624999999999,3.9499999999999997,265.9375,51,front,3.7092,3.738708238234904,-2.9508238234904116,1.0,-23.663,-26.52153037599936,2.858530375999351,0.5,-33.252,-22.45903037599936,-10.792969624000648,0.0125
625_x7.000_y3.000_h0.0,625,7.0,3.0,0.0,6.778124999999999,3.075,0.3125,55,front,3.5449,3.5330312252649545,1.1868774735045662,1.0,20.97,22.694371798876546,-1.7243717988765468,0.5,19.621,22.381871798876546,-2.7608717988765363,0.05
625_x7.000_y3.000_h0.0,625,7.0,3.0,0.0,6.778124999999999,3.075,0.3125,57,front,3.3048,3.3399230129790913,-3.512301297909115,1.0,-14.549,-11.692603314176665,-2.8563966858233414,0.5,-19.188,-12.005103314176722,-7.182896685823266,0.05
625_x7.000_y3.000_h0.0,625,7.0,3.0,0.0,6.778124999999999,3.075,0.3125,58,front,2.9768,2.956716080798003,2.0083919201996814,1.0,-28.278,-32.78823035550485,4.510230355504859,0.5,-44.592,-33.10073035550488,-11.491269644495105,0.0125
625_x7.000_y3.000_h90.0,625,7.0,3.0,90.0,6.949999999999999,3.0093750000000004,88.59375,32,front,2.576,2.563890281586172,1.210971841382813,1.0,32.426,32.188787076184155,0.23721292381583226,0.5,34.502,33.5950370761841,0.9069629238159109,0.05
625_x7.000_y3.000_h90.0,625,7.0,3.0,90.0,6.949999999999999,3.0093750000000004,88.59375,33,front,2.1993,2.1843362675522373,1.4963732447762723,1.0,9.288,10.714482242229451,-1.42648224222944,0.5,9.978,12.120732242229451,-2.1427322422294424,0.05
625_x7.000_y3.000_h90.0,625,7.0,3.0,90.0,6.949999999999999,3.0093750000000004,88.59375,34,front,2.1857,2.193699269151553,-0.7999269151552912,1.0,-15.866,-14.617427266121524,-1.2485727338784613,0.5,-17.72,-13.211177266121467,-4.508822733878532,0.05
625_x7.000_y3.000_h90.0,625,7.0,3.0,90.0,6.949999999999999,3.0093750000000004,88.59375,50,rear,2.6911,2.7006142529076715,-0.9514252907671494,0.5,14.135,10.304781409667498,3.8302185903324926,0.2,5.36,11.711031409667498,-6.351031409667485,0.01
625_x7.000_y3.000_h90.0,625,7.0,3.0,90.0,6.949999999999999,3.0093750000000004,88.59375,51,rear,2.5931,2.5525694030314288,4.053059696857142,0.5,-11.581,-13.661816857005135,2.0808168570051464,0.2,-2.342,-12.255566857005135,9.913566857005122,0.01
625_x7.000_y3.000_h180.0,625,7.0,3.0,180.0,6.95,3.3218750000000004,178.90625,40,front,5.9548,5.859136035111404,9.566396488859574,0.5,13.184,12.499665290764312,0.6843347092356851,0.5,-19.772,13.593415290764312,-33.365415290764304,0.0
625_x7.000_y3.000_h180.0,625,7.0,3.0,180.0,6.95,3.3218750000000004,178.90625,41,front,5.6912,5.707479723981952,-1.6279723981951655,1.0,2.612,2.694360148128368,-0.08236014812837311,0.5,-2.244,3.788110148128368,-6.032110148128368,0.05
625_x7.000_y3.000_h180.0,625,7.0,3.0,180.0,6.95,3.3218750000000004,178.90625,43,front,5.8958,5.894331883311478,0.1468116688521981,1.0,-16.083,-16.772708775946626,0.6897087759466274,0.5,-1.981,-15.678958775946626,13.697958775946631,0.0125
625_x7.000_y3.000_h180.0,625,7.0,3.0,180.0,6.95,3.3218750000000004,178.90625,55,rear,3.5862,3.461967526987531,12.423247301246887,0.25,22.449,26.254935987982435,-3.805935987982423,0.2,-7.763,27.348685987982435,-35.11168598798244,0.0
625_x7.000_y3.000_h270.0,625,7.0,3.0,270.0,7.015625,2.9875000000000003,271.40625,33,rear,2.1368,2.17393413244744,-3.7134132447440127,0.5,16.002,11.907524915573731,4.0944750844262785,0.2,-4.072,10.501274915573731,-14.573274915573734,0.0025
625_x7.000_y3.000_h270.0,625,7.0,3.0,270.0,7.015625,2.9875000000000003,271.40625,34,rear,2.1993,2.2106233680373295,-1.1323368037329473,0.5,-11.542,-13.369357534116432,1.8273575341164303,0.2,-2.342,-14.775607534116489,12.433607534116476,0.0025
625_x7.000_y3.000_h270.0,625,7.0,3.0,270.0,7.015625,2.9875000000000003,271.40625,48,front,3.7479,3.782601297528669,-3.4701297528668906,1.0,41.612,42.91732003877502,-1.3053200387750223,0.5,46.414,41.51107003877502,4.90292996122497,0.05
625_x7.000_y3.000_h270.0,625,7.0,3.0,270.0,7.015625,2.9875000000000003,271.40625,49,front,3.2627,3.237060396878053,2.563960312194702,1.0,29.891,30.35803061197592,-0.4670306119759289,0.5,30.763,28.95178061197592,1.8112193880240852,0.05
625_x7.000_y3.000_h270.0,625,7.0,3.0,270.0,7.015625,2.9875000000000003,271.40625,50,front,2.717,2.7135864939165666,0.3413506083433493,1.0,12.712,14.54824153399187,-1.8362415339918812,0.5,10.036,13.14199153399187,-3.105991533991869,0.05
625_x7.000_y3.000_h270.0,625,7.0,3.0,270.0,7.015625,2.9875000000000003,271.40625,51,front,2.5462,2.5370044732272343,0.9195526772765472,1.0,-11.741,-9.33944950920585,-2.4015504907941363,0.5,10.094,-10.74569950920585,20.839699509205843,0.0125
625_x7.000_y3.000_h270.0,625,7.0,3.0,270.0,7.015625,2.9875000000000003,271.40625,52,front,3.0156,3.065090727648692,-4.9490727648692,1.0,-25.819,-29.036797908494236,3.217797908494248,0.5,-38.991,-30.443047908494236,-8.54795209150575,0.05
625_x7.000_y4.000_h0.0,625,7.0,4.0,0.0,6.784375,4.184375,356.25,32,front,1.7937,1.839018007259868,-4.531800725986801,1.0,-31.406,-37.40706745317351,6.001067453173505,0.25,54.134,56.34293254682649,-2.2089325468264747,0.05
625_x7.000_y4.000_h0.0,625,7.0,4.0,0.0,6.784375,4.184375,356.25,55,front,4.075,4.079063042355021,-0.4063042355021196,1.0,34.103,33.178563565088666,0.9244364349113425,0.5,35.944,36.928563565088666,-0.9845635650886493,0.05
625_x7.000_y4.000_h0.0,625,7.0,4.0,0.0,6.784375,4.184375,356.25,56,front,3.5334,3.5608381786605,-2.7438178660500245,1.0,19.786,19.94133418771952,-0.155334187719518,0.5,-26.072,23.69133418771952,-49.76333418771952,0.0
625_x7.000_y4.000_h0.0,625,7.0,4.0,0.0,6.784375,4.184375,356.25,57,front,3.2789,3.286515140039043,-0.7615140039042956,1.0,1.366,3.430113289973235,-2.0641132899732213,0.5,-2.228,7.180113289973235,-9.408113289973244,0.05
625_x7.000_y4.000_h0.0,625,7.0,4.0,0.0,6.784375,4.184375,356.25,58,front,2.5898,2.5226725912835737,6.71274087164262,1.0,-16.903,-15.39564313208291,-1.507356867917082,0.5,17.96,-11.64564313208291,29.605643132082918,0.0
625_x7.000_y4.000_h90.0,625,7.0,4.0,90.0,6.9750000000000005,4.0,89.21875,33,front,1.2594,1.2245855779940662,3.4814422005933876,1.0,14.593,19.98828333518469,-5.3952833351847005,0.25,18.717,20.769533335184633,-2.0525333351846484,0.05
625_x7.000_y4.000_h90.0,625,7.0,4.0,90.0,6.9750000000000005,4.0,89.21875,34,front,1.2716,1.2599403517015726,1.1659648298427472,1.0,-25.743,-25.44433195731324,-0.2986680426867565,0.5,-34.006,-24.66308195731324,-9.342918042686762,0.05
625_x7.000_y4.000_h90.0,625,7.0,4.0,90.0,6.9750000000000005,4.0,89.21875,51,rear,3.5471,3.523003397911833,2.4096602088166996,0.5,-0.695,-9.203799604737867,8.508799604737874,0.1,3.857,-8.422549604737867,12.279549604737866,0.0025
625_x7.000_y4.000_h90.0,625,7.0,4.0,90.0,6.9750000000000005,4.0,89.21875,52,rear,4.153,3.969957669446126,18.304233055387353,0.25,-17.404,-24.48608833679714,7.082088336797142,0.1,-2.342,-23.70483833679714,21.362838336797154,0.0025
625_x7.000_y4.000_h180.0,625,7.0,4.0,180.0,6.921875,3.9375,176.40625,35,front,1.8888,1.8584553163705435,3.0344683629456526,1.0,37.362,39.05270546530895,-1.6907054653089517,0.5,-55.175,-47.35354453469108,-7.821455465308929,0.05
625_x7.000_y4.000_h180.0,625,7.0,4.0,180.0,6.921875,3.9375,176.40625,40,front,5.7227,5.717592043358181,0.5107956641818845,1.0,3.429,4.0352096572384255,-0.6062096572384235,0.5,-2.254,7.6289596572384255,-9.882959657238416,0.05
625_x7.000_y4.000_h180.0,625,7.0,4.0,180.0,6.921875,3.9375,176.40625,41,front,5.5535,5.672103115769219,-11.860311576921934,0.5,-6.881,-6.028372455727606,-0.8526275442723943,0.5,-17.049,-2.434622455727606,-14.6143775442724,0.0125
625_x7.000_y4.000_h180.0,625,7.0,4.0,180.0,6.921875,3.9375,176.40625,42,front,5.8507,5.771202185189912,7.9497814810087775,0.5,-15.286,-15.502896149390779,0.21689614939077728,0.5,-17.635,-11.909146149390779,-5.725853850609212,0.05
625_x7.000_y4.000_h180.0,625,7.0,4.0,180.0,6.921875,3.9375,176.40625,43,front,6.1236,6.064380227493972,5.921977250602772,1.0,-22.137,-24.975444329805526,2.838444329805526,0.5,25.291,-21.381694329805526,46.67269432980552,0.0
625_x7.000_y4.000_h180.0,625,7.0,4.0,180.0,6.921875,3.9375,176.40625,57,rear,3.274,3.107539794160931,16.646020583906918,0.25,16.094,-0.5907440499449876,16.68474404994498,0.0,-2.342,3.0030059500550124,-5.345005950055025,0.01
625_x7.000_y4.000_h180.0,625,7.0,4.0,180.0,6.921875,3.9375,176.40625,58,rear,2.5779,2.4340466549440016,14.385334505599845,0.25,-5.163,-21.718521469697862,16.55552146969785,0.0,-13.077,-18.124771469697862,5.047771469697864,0.01
625_x7.000_y4.000_h270.0,625,7.0,4.0,270.0,6.90625,4.05,271.09375,34,rear,1.1696,1.1672678060287027,0.23321939712972473,0.5,-14.711,-21.83857185249491,7.127571852494896,0.1,-14.951,-22.93232185249485,7.981321852494858,0.01
625_x7.000_y4.000_h270.0,625,7.0,4.0,270.0,6.90625,4.05,271.09375,48,front,4.5555,4.573636374533475,-1.8136374533474608,1.0,33.304,32.7052063853036,0.5987936146964046,0.5,35.729,31.611456385303597,4.1175436146963875,0.05
625_x7.000_y4.000_h270.0,625,7.0,4.0,270.0,6.90625,4.05,271.09375,49,front,4.1858,4.158704840215886,2.709515978411403,1.0,21.918,21.606852109842066,0.3111478901579403,0.5,22.977,20.513102109842066,2.463897890157938,0.05
625_x7.000_y4.000_h270.0,625,7.0,4.0,270.0,6.90625,4.05,271.09375,50,front,3.7844,3.739579174776646,4.482082522335418,1.0,7.962,8.890359144503009,-0.9283591445030197,0.5,-2.311,7.796609144503009,-10.107609144503016,0.05
625_x7.000_y4.000_h270.0,625,7.0,4.0,270.0,6.90625,4.05,271.09375,51,front,3.5588,3.6024485702711524,-4.364857027115221,1.0,-9.716,-8.214802895864523,-1.5011971041354855,0.5,12.752,-9.308552895864523,22.060552895864532,0.0125
625_x8.000_y3.000_h0.0,625,8.0,3.0,0.0,7.762499999999999,3.059375,357.8125,31,front,2.1613,2.150218672959308,1.1081327040692202,1.0,-25.351,-28.191369393353853,2.8403693933538534,0.5,59.767,63.99613060664615,-4.229130606646152,0.05
625_x8.000_y3.000_h0.0,625,8.0,3.0,0.0,7.762499999999999,3.059375,357.8125,55,front,2.6443,2.6403882097101867,0.3911790289813144,1.0,27.86,27.990099765652076,-0.13009976565206216,0.5,28.752,30.177599765652076,-1.4255997656520663,0.05
625_x8.000_y3.000_h0.0,625,8.0,3.0,0.0,7.762499999999999,3.059375,357.8125,56,front,2.2982,2.3031299463672537,-0.4929946367253635,1.0,3.023,5.479566838126914,-2.4565668381269177,0.5,2.53,7.667066838126914,-5.137066838126913,0.05
625_x8.000_y3.000_h0.0,625,8.0,3.0,0.0,7.762499999999999,3.059375,357.8125,57,front,2.3812,2.391226714832931,-1.0026714832930939,1.0,-19.769,-19.528501560287737,-0.24049843971226892,0.5,-24.704,-17.341001560287737,-7.362998439712271,0.05
625_x8.000_y3.000_h90.0,625,8.0,3.0,90.0,7.8843749999999995,2.9937500000000004,90.15625,32,front,2.1818,2.205414877616744,-2.361487761674397,1.0,6.867,12.880829041706875,-6.0138290417068845,0.25,-12.096,12.724579041706875,-24.82057904170688,0.0125
625_x8.000_y3.000_h90.0,625,8.0,3.0,90.0,7.8843749999999995,2.9937500000000004,90.15625,33,front,2.2043,2.202899635354195,0.14003646458049523,1.0,-17.35,-12.275299369149593,-5.074700630850401,0.25,-19.567,-12.431549369149593,-7.135450630850414,0.05
625_x8.000_y3.000_h90.0,625,8.0,3.0,90.0,7.8843749999999995,2.9937500000000004,90.15625,34,front,2.5907,2.585513261322404,0.5186738677596114,1.0,-29.732,-33.53489079276926,3.8028907927692615,0.5,-45.642,-33.69114079276926,-11.950859207230735,0.0125
625_x8.000_y3.000_h90.0,625,8.0,3.0,90.0,7.8843749999999995,2.9937500000000004,90.15625,51,rear,2.5502,2.509959352455421,4.024064754457868,0.5,22.116,9.200983162112323,12.915016837887663,0.0,-2.342,9.044733162112323,-11.386733162112336,0.0025
625_x8.000_y3.000_h90.0,625,8.0,3.0,90.0,7.8843749999999995,2.9937500000000004,90.15625,52,rear,2.723,2.7166393298935985,0.63606701064014,0.5,-2.742,-14.457675717928339,11.715675717928349,0.1,-9.59,-14.613925717928339,5.023925717928336,0.01
625_x8.000_y3.000_h90.0,625,8.0,3.0,90.0,7.8843749999999995,2.9937500000000004,90.15625,58,front,2.2575,2.1740599240165306,8.344007598346925,0.5,40.753,41.13751284518304,-0.3845128451830533,0.5,-55.787,-49.01873715481696,-6.768262845183045,0.05
625_x8.000_y3.000_h180.0,625,8.0,3.0,180.0,7.9468749999999995,2.990625,176.25,35,front,3.2644,3.2537801379612827,1.0619862038717454,1.0,38.096,38.93072342950282,-0.8347234295028159,0.5,-54.602,-47.31927657049721,-7.282723429502795,0.05
625_x8.000_y3.000_h180.0,625,8.0,3.0,180.0,7.9468749999999995,2.990625,176.25,36,front,3.8235,3.7793644548040604,4.413554519593976,1.0,23.227,23.761307018094726,-0.5343070180947223,0.5,-63.594,-62.488692981905274,-1.1053070180947202,0.05
625_x8.000_y3.000_h180.0,625,8.0,3.0,180.0,7.9468749999999995,2.990625,176.25,40,front,6.8588,6.905971697567775,-4.717169756777562,1.0,9.063,10.550082507896462,-1.4870825078964742,0.5,-18.669,14.300082507896462,-32.96908250789647,0.0
625_x8.000_y3.000_h180.0,625,8.0,3.0,180.0,7.9468749999999995,2.990625,176.25,41,front,6.7233,6.7291076252221185,-0.5807625222118418,1.0,0.067,2.2705013590907868,-2.2035013590907795,0.5,-2.211,6.020501359090787,-8.2315013590908,0.05
625_x8.000_y3.000_h180.0,625,8.0,3.0,180.0,7.9468749999999995,2.990625,176.25,42,front,6.9066,6.676461027255243,23.013897274475692,0.0,-8.116,-5.846323504211057,-2.2696764957889286,0.5,-2.1,-2.096323504211057,-0.0036764957889374728,0.05
625_x8.000_y3.000_h180.0,625,8.0,3.0,180.0,7.9468749999999995,2.990625,176.25,43,front,6.8506,6.790710204356961,5.988979564303865,1.0,-15.678,-14.479316261226359,-1.1986837387736387,0.5,-15.264,-10.729316261226359,-4.534683738773651,0.05
625_x8.000_y3.000_h180.0,625,8.0,3.0,180.0,7.9468749999999995,2.990625,176.25,48,front,4.4216,4.451336541416384,-2.9736541416384377,1.0,-32.243,-44.30605846769558,12.063058467695583,0.25,56.583,49.44394153230442,7.139058467695577,0.05
625_x8.000_y3.000_h180.0,625,8.0,3.0,180.0,7.9468749999999995,2.990625,176.25,56,rear,2.2404,2.0916105667498517,14.878943325014848,0.25,15.856,2.7208514459669573,13.135148554033037,0.1,-2.342,6.470851445966957,-8.81285144596697,0.01
625_x8.000_y3.000_h180.0,625,8.0,3.0,180.0,7.9468749999999995,2.990625,176.25,57,rear,2.4148,2.2213433867171117,19.345661328288834,0.0,-11.274,-24.424944207047474,13.150944207047473,0.1,-2.342,-20.674944207047474,18.33294420704749,0.0025
625_x8.000_y3.000_h270.0,625,8.0,3.0,270.0,7.98125,3.0125,269.53125,32,rear,2.1223,2.1478632942660005,-2.556329426600046,0.5,21.007,9.94226057773966,11.064739422260345,0.1,-2.342,10.411010577739717,-12.75301057773973,0.0025
625_x8.000_y3.000_h270.0,625,8.0,3.0,270.0,7.98125,3.0125,269.53125,33,rear,2.1993,2.188537140410956,1.0762859589044105,0.5,-5.886,-15.615931814495355,9.729931814495359,0.1,-6.673,-15.147181814495298,8.474181814495296,0.01
625_x8.000_y3.000_h270.0,625,8.0,3.0,270.0,7.98125,3.0125,269.53125,50,front,3.0917,3.1007248874715128,-0.9024887471512866,1.0,28.825,30.18284323362809,-1.3578432336281026,0.5,31.173,30.65159323362809,0.5214067663719106,0.05
625_x8.000_y3.000_h270.0,625,8.0,3.0,270.0,7.98125,3.0125,269.53125,51,front,2.6106,2.5648976966408186,4.570230335918124,1.0,7.467,10.562985337930854,-3.0959853379308413,0.5,-6.941,11.031735337930854,-17.972735337930857,0.0125
625_x8.000_y3.000_h270.0,625,8.0,3.0,270.0,7.98125,3.0125,269.53125,52,front,2.7115,2.731798430669563,-2.029843066956305,1.0,-15.629,-12.92429639813247,-2.7047036018675215,0.5,11.756,-12.45554639813247,24.21154639813247,0.0125
625_x8.000_y3.000_h270.0,625,8.0,3.0,270.0,7.98125,3.0125,269.53125,53,front,3.2846,3.314367101557751,-2.9767101557750753,1.0,-27.496,-30.90921060074635,3.413210600746339,0.5,-40.339,-30.44046060074635,-9.89853939925365,0.05
625_x8.000_y4.000_h0.0,625,8.0,4.0,0.0,7.746874999999999,4.0406249999999995,356.09375,55,front,3.2581,3.2563250322363437,0.17749677636564876,1.0,40.857,41.2010647456687,-0.34406474566870315,0.5,45.85,45.1073147456687,0.7426852543312918,0.05
625_x8.000_y4.000_h0.0,625,8.0,4.0,0.0,7.746874999999999,4.0406249999999995,356.09375,56,front,2.631,2.634012384540974,-0.3012384540974189,1.0,25.353,25.33985513654278,0.013144863457227984,0.5,28.4,29.24610513654278,-0.846105136542775,0.05
625_x8.000_y4.000_h0.0,625,8.0,4.0,0.0,7.746874999999999,4.0406249999999995,356.09375,57,front,2.3066,2.3136961270360095,-0.7096127036009481,1.0,0.458,2.7173965114511702,-2.259396511451172,0.5,1.854,6.62364651145117,-4.769646511451157,0.05
625_x8.000_y4.000_h0.0,625,8.0,4.0,0.0,7.746874999999999,4.0406249999999995,356.09375,58,front,1.6486,1.6435919651348687,0.500803486513135,1.0,-24.887,-27.320409132780696,2.433409132780696,0.5,-34.513,-23.414159132780696,-11.098840867219309,0.0125
625_x8.000_y4.000_h90.0,625,8.0,4.0,90.0,7.9468749999999995,3.971875,87.5,32,front,1.242,1.246336792646751,-0.433679264675102,1.0,15.352,17.228895418122477,-1.8768954181224728,0.5,16.296,19.72889541812242,-3.4328954181224276,0.05
625_x8.000_y4.000_h90.0,625,8.0,4.0,90.0,7.9468749999999995,3.971875,87.5,33,front,1.2847,1.2911861244649314,-0.6486124464931464,1.0,-25.22,-27.186808063376077,1.966808063376078,0.5,-33.808,-24.68680806337602,-9.121191936623973,0.05
625_x8.000_y4.000_h180.0,625,8.0,4.0,180.0,7.824999999999998,3.8093749999999997,172.34375,34,front,1.9322,1.9123823646569211,1.9817635343078788,1.0,36.295,38.67445094137173,-2.379450941371715,0.5,-55.628,-43.66929905862827,-11.958700941371717,0.0125
625_x8.000_y4.000_h180.0,625,8.0,4.0,180.0,7.824999999999998,3.8093749999999997,172.34375,35,front,2.7435,2.658691013100538,8.480898689946192,0.5,23.846,23.69563361246955,0.15036638753045395,0.5,-62.891,-58.64811638753042,-4.242883612469569,0.05
625_x8.000_y4.000_h180.0,625,8.0,4.0,180.0,7.824999999999998,3.8093749999999997,172.34375,40,front,6.4894,6.629597062698571,-14.019706269857135,0.5,1.934,0.0003471517406694602,1.933652848259328,0.5,-7.945,7.6565971517406695,-15.601597151740663,0.0125
625_x8.000_y4.000_h180.0,625,8.0,4.0,180.0,7.824999999999998,3.8093749999999997,172.34375,57,rear,2.2409,2.2008647556809278,4.003524431907213,0.5,17.588,-6.891296160996205,24.4792961609962,0.0,-2.342,0.7649538390037947,-3.1069538390038076,0.01
625_x8.000_y4.000_h180.0,625,8.0,4.0,180.0,7.824999999999998,3.8093749999999997,172.34375,58,rear,1.5858,1.6682880253369838,-8.248802533698374,0.5,-16.49,-39.92227168461483,23.43227168461482,0.0,-17.468,-32.26602168461483,14.798021684614838,0.0025
625_x8.000_y4.000_h270.0,625,8.0,4.0,270.0,8.087500000000002,4.003125,266.40625,51,front,3.557,3.558173441993156,-0.11734419931559437,1.0,3.915,6.017035085250427,-2.102035085250435,0.5,-2.26,9.610785085250427,-11.870785085250418,0.0125
625_x8.000_y4.000_h270.0,625,8.0,4.0,270.0,8.087500000000002,4.003125,266.40625,53,front,4.1551,4.158426252549081,-0.33262525490806993,1.0,-23.718,-25.86407389266128,2.146073892661292,0.5,27.982,-22.27032389266128,50.25232389266128,0.0
625_x9.000_y3.000_h0.0,625,9.0,3.0,0.0,8.721875,3.04375,357.96875,55,front,1.8567,1.8632154730278248,-0.6515473027824736,1.0,41.577,42.72175598749038,-1.1447559874903845,0.5,46.439,44.75300598749038,1.6859940125096102,0.05
625_x9.000_y3.000_h0.0,625,9.0,3.0,0.0,8.721875,3.04375,357.96875,56,front,1.3536,1.3549534236286707,-0.13534236286707468,1.0,7.705,10.405302393023419,-2.7003023930234065,0.5,8.52,12.436552393023419,-3.9165523930234087,0.05
625_x9.000_y3.000_h0.0,625,9.0,3.0,0.0,8.721875,3.04375,357.96875,57,front,1.4977,1.5103064793199463,-1.2606479319946295,1.0,-27.214,-30.857390716776763,3.6433907167767643,0.5,-39.148,-28.826140716776763,-10.321859283223233,0.0125
625_x9.000_y3.000_h90.0,625,9.0,3.0,90.0,8.793750000000001,2.965625,88.4375,31,front,1.3935,1.3677585939178343,2.5741406082165685,1.0,41.967,42.70746863705028,-0.7404686370502986,0.5,48.292,44.26996863705028,4.022031362949718,0.05
625_x9.000_y3.000_h90.0,625,9.0,3.0,90.0,8.793750000000001,2.965625,88.4375,32,front,2.2276,2.220495854934621,0.710414506537882,1.0,-18.957,-12.603486112579219,-6.353513887420775,0.25,-22.368,-11.040986112579276,-11.32701388742072,0.0125
625_x9.000_y3.000_h90.0,625,9.0,3.0,90.0,8.793750000000001,2.965625,88.4375,33,front,2.597,2.582378995831747,1.462100416825285,1.0,-30.405,-34.003025643563745,3.5980256435637443,0.5,-46.921,-32.440525643563774,-14.480474356436218,0.0125
625_x9.000_y3.000_h90.0,625,9.0,3.0,90.0,8.793750000000001,2.965625,88.4375,52,rear,2.6632,2.6100859221030728,5.311407789692701,0.5,18.551,3.3101682245173834,15.240831775482604,0.0,-2.342,4.872668224517383,-7.214668224517396,0.01
625_x9.000_y3.000_h90.0,625,9.0,3.0,90.0,8.793750000000001,2.965625,88.4375,53,rear,2.9769,2.9226152391204328,5.428476087956735,0.5,-5.283,-18.845719307912475,13.56271930791246,0.1,1.614,-17.283219307912475,18.89721930791248,0.0025
625_x9.000_y3.000_h90.0,625,9.0,3.0,90.0,8.793750000000001,2.965625,88.4375,58,front,1.7561,1.7469542164462135,0.914578355378648,1.0,14.245,15.574402265838529,-1.3294022658385245,0.5,-71.243,-72.86309773416144,1.6200977341614475,0.05
625_x9.000_y3.000_h180.0,625,9.0,3.0,180.0,9.01875,3.10625,180.9375,34,front,3.3052,3.2720840852157456,3.3115914784254574,1.0,39.316,40.74108146111507,-1.4250814611150702,0.5,-54.713,-50.19641853888493,-4.5165814611150665,0.05
625_x9.000_y3.000_h180.0,625,9.0,3.0,180.0,9.01875,3.10625,180.9375,56,rear,1.1911,1.067871324547851,12.3228675452149,0.25,23.11,20.49524648450216,2.6147535154978527,0.2,-2.342,19.557746484502104,-21.89974648450209,0.0025
625_x9.000_y3.000_h270.0,625,9.0,3.0,270.0,8.959374999999998,3.028125,270.46875,32,rear,2.205,2.1779658617616366,2.7034138238363425,0.5,-5.065,-15.214933469460277,10.14993346946028,0.1,-12.999,-15.68368346946022,2.684683469460225,0.01
625_x9.000_y3.000_h270.0,625,9.0,3.0,270.0,8.959374999999998,3.028125,270.46875,51,front,2.9696,2.9286715438326563,4.092845616734353,1.0,30.765,30.592829942415904,0.17217005758408277,0.5,30.69,30.124079942415904,0.5659200575840941,0.05
625_x9.000_y3.000_h270.0,625,9.0,3.0,270.0,8.959374999999998,3.028125,270.46875,52,front,2.7016,2.7112973176065687,-0.9697317606568667,1.0,7.199,8.735273496280456,-1.5362734962804439,0.5,0.014,8.266523496280456,-8.252523496280446,0.05
625_x9.000_y3.000_h270.0,625,9.0,3.0,270.0,8.959374999999998,3.028125,270.46875,53,front,2.9077,2.9572120189907243,-4.9512018990724105,1.0,-14.796,-13.227150400308403,-1.568849599691589,0.5,-19.27,-13.695900400308403,-5.574099599691607,0.05
625_x9.000_y3.000_h270.0,625,9.0,3.0,270.0,8.959374999999998,3.028125,270.46875,54,front,2.6258,2.5806544170029007,4.514558299709925,1.0,-27.118,-28.253631644261304,1.1356316442613092,0.5,59.193,61.277618355738696,-2.084618355738712,0.05
625_x9.000_y4.000_h0.0,625,9.0,4.0,0.0,8.715625000000003,4.024999999999999,356.40625,56,front,1.8428,1.8396660672957272,0.3133932704272757,1.0,40.745,40.13036100978775,0.6146389902122564,0.5,46.339,43.72411100978775,2.6148889902122505,0.05
625_x9.000_y4.000_h0.0,625,9.0,4.0,0.0,8.715625000000003,4.024999999999999,356.40625,57,front,1.3516,1.3530721046708332,-0.1472104670833252,1.0,6.372,7.120565864023661,-0.7485658640236466,0.5,6.694,10.71431586402366,-4.020315864023672,0.05
625_x9.000_y4.000_h90.0,625,9.0,4.0,90.0,8.784375,3.928125,85.625,32,front,1.3089,1.2870027946609668,2.1897205339033166,1.0,-26.658,-23.354448831167417,-3.3035511688325983,0.5,-36.631,-18.979448831167474,-17.651551168832526,0.0125
625_x9.000_y4.000_h90.0,625,9.0,4.0,90.0,8.784375,3.928125,85.625,58,front,0.8841,0.8785143496401796,0.5585650359820393,1.0,35.42,32.03329561870126,3.3867043812987276,0.5,-55.98,-53.59170438129877,-2.388295618701221,0.05
625_x9.000_y4.000_h180.0,625,9.0,4.0,180.0,8.7375,3.6843749999999997,168.90625,33,front,1.9644,1.9715539272682046,-0.715392726820463,1.0,35.109,38.669214602545225,-3.5602146025452157,0.5,-54.857,-40.23703539745475,-14.619964602545252,0.0125
625_x9.000_y4.000_h180.0,625,9.0,4.0,180.0,8.7375,3.6843749999999997,168.90625,34,front,2.779,2.693287612887226,8.571238711277385,0.5,22.641,22.879948408488644,-0.23894840848865329,0.5,-62.709,-56.026301591511356,-6.682698408488648,0.05
625_x9.000_y4.000_h180.0,625,9.0,4.0,180.0,8.7375,3.6843749999999997,168.90625,40,front,7.4125,7.5507150223271715,-13.821502232717187,0.5,0.291,-3.4446619477021727,3.7356619477021695,0.5,-2.214,7.649088052297827,-9.863088052297826,0.05
625_x9.000_y4.000_h180.0,625,9.0,4.0,180.0,8.7375,3.6843749999999997,168.90625,57,rear,1.1804,1.292779269916125,-11.2379269916125,0.25,21.06,-15.532661077627495,36.5926610776275,0.0,-2.342,-4.438911077627495,2.0969110776274817,0.01
625_x9.000_y4.000_h270.0,625,9.0,4.0,270.0,8.909375,4.01875,269.53125,50,front,4.4872,4.448725371324444,3.8474628675555955,1.0,34.397,33.86169417303438,0.5353058269656117,0.5,37.278,34.33044417303438,2.947555826965612,0.05
625_x9.000_y4.000_h270.0,625,9.0,4.0,270.0,8.909375,4.01875,269.53125,51,front,3.7775,3.7987070558170126,-2.1207055817012765,1.0,21.902,21.464639257213406,0.4373607427866091,0.5,23.6,21.933389257213406,1.6666107427865882,0.05
625_x9.000_y4.000_h270.0,625,9.0,4.0,270.0,8.909375,4.01875,269.53125,52,front,3.6698,3.6893526217331494,-1.9552621733149422,1.0,3.655,4.80219974366878,-1.1471997436687786,0.5,3.888,5.27094974366878,-1.3829497436687745,0.05
625_x9.000_y4.000_h270.0,625,9.0,4.0,270.0,8.909375,4.01875,269.53125,53,front,3.9027,3.9360756961177588,-3.3375696117758924,1.0,-12.662,-11.469288492472401,-1.192711507527605,0.5,9.14,-11.000538492472401,20.140538492472388,0.0125
625_x9.000_y4.000_h270.0,625,9.0,4.0,270.0,8.909375,4.01875,269.53125,55,front,2.5722,2.5314633815753917,4.0736618424608295,1.0,-27.005,-28.53605748794064,1.5310574879406431,0.5,56.965,61.93269251205936,-4.967692512059358,0.05
