combo_index,distance_sigma_m,angle_sigma_deg,yaw_sigma_deg,distance_global_weight,angle_global_weight,yaw_global_weight,robust_rejection_score_threshold,robust_min_score_gap,robust_max_rejections,solver_success_rate,position_mean_error_m,position_median_error_m,position_p90_error_m,position_p95_error_m,position_max_error_m,heading_mean_abs_error_deg,heading_median_abs_error_deg,heading_p90_abs_error_deg,heading_p95_abs_error_deg,heading_max_abs_error_deg,position_within_5cm_rate,position_within_10cm_rate,heading_within_5deg_rate,heading_within_10deg_rate,joint_within_10cm_10deg_rate,samples_with_rejection,total_rejected_tags,combo_runtime_s
1,0.03,2.0,2.0,1.0,1.0,1.0,0.8,0.5,1,1.0,0.04280472036616378,0.04036937233389647,0.07120511696264324,0.08306986910609071,0.0893760674516387,1.1594698804830013,0.8591196964910637,2.5569284980164184,3.36749259322238,4.84049812179353,0.6410256410256411,1.0,1.0,1.0,1.0,13,13,0.761534400000528
2,0.03,2.0,3.0,1.0,1.0,1.0,0.8,0.5,1,1.0,0.04188381491696878,0.03644734394645243,0.07128856965879332,0.09102318225794825,0.12468881059325379,1.0739301444282063,0.714561177358263,2.564289065242349,3.365917065116321,4.73374776330229,0.7435897435897436,0.9743589743589743,1.0,1.0,0.9743589743589743,11,11,0.4814375999994809
3,0.03,2.0,4.0,1.0,1.0,1.0,0.8,0.5,1,1.0,0.04416460107848119,0.038240103801401915,0.07751812235996243,0.10372400592372918,0.12621012788388453,1.0665630773411534,0.6823963829651234,2.5675291499033506,3.36499419692052,4.688085895705711,0.717948717948718,0.9487179487179487,1.0,1.0,0.9487179487179487,12,12,0.5013658000025316
4,0.03,2.0,5.0,1.0,1.0,1.0,0.8,0.5,1,1.0,0.04462328819364084,0.037924101491592005,0.07893459331902564,0.11126563737229989,0.12696062282253523,1.0568764457348159,0.6656807737261659,2.569183199135068,3.3644805091195735,4.665109077934517,0.717948717948718,0.9487179487179487,1.0,1.0,0.9487179487179487,11,11,0.48443179999958375
5,0.03,2.0,6.0,1.0,1.0,1.0,0.8,0.5,1,1.0,0.04475754197888442,0.03917850417259381,0.07925446992377802,0.11592888720799369,0.12738157661629781,1.0656471240240069,0.6732299691225307,2.5701279449094727,3.3641754355311377,4.6520872999459755,0.6923076923076923,0.9487179487179487,1.0,1.0,0.9487179487179487,12,12,0.49207079999905545
6,0.03,2.5,2.0,1.0,1.0,1.0,0.8,0.5,1,1.0,0.04626426713281893,0.03899228273640968,0.07780877637012092,0.09435844582625487,0.1312979445866557,1.1714293534533733,0.9594656872239966,2.2019166869226865,3.331295793613549,4.839543242746515,0.6410256410256411,0.9743589743589743,1.0,1.0,0.9743589743589743,11,11,0.472831999999471
7,0.03,2.5,3.0,1.0,1.0,1.0,0.8,0.5,1,1.0,0.04570188500910953,0.037484994289540774,0.08104372488556541,0.10628345293096661,0.1369113177611524,1.0849219042628129,0.772785511948598,2.6638379442254063,3.3209614160442698,4.732032078547974,0.6923076923076923,0.9487179487179487,1.0,1.0,0.9487179487179487,7,7,0.4488129999990633
8,0.03,2.5,4.0,1.0,1.0,1.0,0.8,0.5,1,1.0,0.047063244243519924,0.03822478588293447,0.0857169336514736,0.11066610717206452,0.13925863684223874,1.0800331685601554,0.7236980484625235,2.6762009222444476,3.315701126968918,4.686048682200038,0.6666666666666666,0.9230769230769231,1.0,1.0,0.9230769230769231,7,7,0.4450427999981912
9,0.03,2.5,5.0,1.0,1.0,1.0,0.8,0.5,1,1.0,0.04937007776606919,0.03973868867892285,0.0902214472965354,0.11273331070319445,0.14042767301278278,1.0940293128905876,0.6990055601069685,2.6826578641488936,3.3128651817340824,4.662911113185203,0.6410256410256411,0.9230769230769231,1.0,1.0,0.9230769230769231,6,6,0.4332820999989053
10,0.03,2.5,6.0,1.0,1.0,1.0,0.8,0.5,1,1.0,0.050099477188331264,0.040162503365200275,0.0928606221903919,0.11611075165015035,0.1410866260028734,1.0933980456295689,0.6850138190877715,2.658422020714653,3.311201244646668,4.64979856732478,0.6153846153846154,0.9230769230769231,1.0,1.0,0.9230769230769231,6,6,0.43512850000115577
11,0.03,3.0,2.0,1.0,1.0,1.0,0.8,0.5,1,1.0,0.047315989438335614,0.04020834640308666,0.0794382013538476,0.10276894343479065,0.13795642732002453,1.1718710584997836,0.9843486754542994,2.252580001125125,3.306683157457087,4.839044775128002,0.6666666666666666,0.9487179487179487,1.0,1.0,0.9487179487179487,11,11,0.4710795999999391
12,0.03,3.0,3.0,1.0,1.0,1.0,0.8,0.5,1,1.0,0.047405802459294544,0.03752491143097977,0.08394428904241413,0.11670346062762069,0.1449851519121795,1.094783698316486,0.7841202348417369,2.3338721011459143,3.2887407223226433,4.731121790071057,0.6666666666666666,0.9487179487179487,1.0,1.0,0.9487179487179487,5,5,0.4219402999988233
13,0.03,3.0,4.0,1.0,1.0,1.0,0.8,0.5,1,1.0,0.04991909866482409,0.0402452066231939,0.09155907293307684,0.12186639067086119,0.14796660712377438,1.0949424964676884,0.7312348383328242,2.753495442576309,3.2794032516893594,4.68496441288292,0.6410256410256411,0.9230769230769231,1.0,1.0,0.9230769230769231,6,6,0.44338369999968563
14,0.03,3.0,5.0,1.0,1.0,1.0,0.8,0.5,1,1.0,0.050793697771985155,0.04129960506606622,0.09690835814937392,0.12430957105057334,0.14946099259887594,1.087457650679548,0.7043962438104927,2.6874177385339806,3.274309790332211,4.661739706785312,0.6153846153846154,0.9230769230769231,1.0,1.0,0.9230769230769231,5,5,0.44249779999881866
15,0.03,3.0,6.0,1.0,1.0,1.0,0.8,0.5,1,1.0,0.05162495135071019,0.04251375825966866,0.10006766206707644,0.12565130717359727,0.15030615628891048,1.0869803514386664,0.697901613000937,2.6497308231872125,3.271301916377979,4.648577800297602,0.5897435897435898,0.8974358974358975,1.0,1.0,0.8974358974358975,5,5,0.44388919999983045
16,0.03,4.0,2.0,1.0,1.0,1.0,0.8,0.5,1,1.0,0.05040361460689548,0.04219970428869944,0.08313047682192895,0.1136971842113277,0.14550972940487997,1.1807661970887353,1.0088841964584674,2.301484532379959,3.276270549854189,4.838563410742836,0.6153846153846154,0.9487179487179487,1.0,1.0,0.9487179487179487,10,10,0.4621752999992168
17,0.03,4.0,3.0,1.0,1.0,1.0,0.8,0.5,1,1.0,0.050936273023861625,0.03932136150029765,0.09118584947002346,0.1304704046749147,0.15433831995295888,1.12266087393104,0.7965425542091111,2.396951917273725,3.2465793504032945,4.730231578650262,0.6410256410256411,0.9487179487179487,1.0,1.0,0.9487179487179487,7,7,0.44149760000073
18,0.03,4.0,4.0,1.0,1.0,1.0,0.8,0.5,1,1.0,0.05266823670872549,0.041633618076549264,0.09878844512578985,0.1367577694070091,0.15814612182132415,1.110758230058177,0.7399242716670642,2.438645373938755,3.2303317063988857,4.683901809574905,0.6153846153846154,0.9230769230769231,1.0,1.0,0.9230769230769231,5,5,0.4333026000022073
19,0.03,4.0,5.0,1.0,1.0,1.0,0.8,0.5,1,1.0,0.053430011935869624,0.04234072571748792,0.1052806099431848,0.1397470796684485,0.16006921080220676,1.0865103891340322,0.7314544197592454,2.459801181724913,3.22127340152133,4.660590883367092,0.6153846153846154,0.8974358974358975,1.0,1.0,0.8974358974358975,5,5,0.4558147000025201
20,0.03,4.0,6.0,1.0,1.0,1.0,0.8,0.5,1,1.0,0.054382634272456265,0.04366457325552069,0.10915329892881766,0.14139259221926342,0.16116119135642365,1.0864995180114165,0.7289647329460536,2.471840605851412,3.215861494504736,4.6473803531655165,0.6153846153846154,0.8974358974358975,1.0,1.0,0.8974358974358975,5,5,0.44892710000203806
21,0.03,5.0,2.0,1.0,1.0,1.0,0.8,0.5,1,1.0,0.05176515715695953,0.04341142075785288,0.08522094034128856,0.12000201052443492,0.1493743878952394,1.1928547361366457,1.0156790068231203,2.314901115882833,3.2578678949187747,4.838345346646719,0.6153846153846154,0.9487179487179487,1.0,1.0,0.9487179487179487,11,11,0.4730271000007633
22,0.03,5.0,3.0,1.0,1.0,1.0,0.8,0.5,1,1.0,0.05250579271139404,0.03995449712583398,0.09120544563660864,0.1385409946109815,0.15920829469835066,1.1352017971701087,0.8016628883470389,2.415137260445988,3.2193078405994697,4.729824732951215,0.6153846153846154,0.9230769230769231,1.0,1.0,0.9230769230769231,7,7,0.4484316000016406
23,0.03,5.0,4.0,1.0,1.0,1.0,0.8,0.5,1,1.0,0.054508368131747156,0.04246620836203909,0.10275953937994554,0.14554112327742383,0.16348691745920557,1.1273739019883118,0.7949612053354542,2.4591670821154707,3.197263578290915,4.6834152795103705,0.6153846153846154,0.8974358974358975,1.0,1.0,0.8974358974358975,6,6,0.44679379999797675
24,0.03,5.0,5.0,1.0,1.0,1.0,0.8,0.5,1,1.0,0.0550166459857343,0.044069000120624736,0.1099275015093866,0.14887923390141486,0.16565651084947758,1.0959562154536013,0.714780396061542,2.481564929769206,3.1847628707922127,4.660064579181466,0.5897435897435898,0.8717948717948718,1.0,1.0,0.8717948717948718,5,5,0.4589994000016304
25,0.03,5.0,6.0,1.0,1.0,1.0,0.8,0.5,1,1.0,0.056029912378472706,0.04437559323510991,0.1142270920889967,0.15071950466144748,0.16689109444324854,1.0963451162251885,0.7127370096061441,2.4943275472490427,3.1772301118542146,4.646831559545177,0.5897435897435898,0.8205128205128205,1.0,1.0,0.8205128205128205,5,5,0.49136250000083237
26,0.04,2.0,2.0,1.0,1.0,1.0,0.8,0.5,1,1.0,0.04414211107245359,0.04180455380107981,0.07203130124432484,0.11392409157131919,0.11682597328084866,1.1959141599538077,0.9047383124236319,2.4502605427013577,3.572781832606779,4.950247046551112,0.6923076923076923,0.9487179487179487,1.0,1.0,0.9487179487179487,12,12,0.47284270000091055
27,0.04,2.0,3.0,1.0,1.0,1.0,0.8,0.5,1,1.0,0.0397287864290209,0.035326108323465256,0.06743335314364976,0.07633593154416803,0.08776853879722615,1.0878678000885265,0.7843079871256577,2.4343773291916477,3.4242358010038743,4.806510993159009,0.7435897435897436,1.0,1.0,1.0,1.0,11,11,0.4839453000022331
28,0.04,2.0,4.0,1.0,1.0,1.0,0.8,0.5,1,1.0,0.040355023055040566,0.03770179954245017,0.06373122230876985,0.07467084938181166,0.0908557027800358,1.074007460221294,0.6878771368260175,2.426757356800408,3.4287702815240664,4.737627681165947,0.717948717948718,1.0,1.0,1.0,1.0,12,12,0.47801220000110334
29,0.04,2.0,5.0,1.0,1.0,1.0,0.8,0.5,1,1.0,0.040789907538024237,0.03748319118036738,0.0654664405941656,0.0734427143668609,0.10089552293191867,1.0607730683312844,0.6667041481412355,2.422720065250246,3.4311270501408444,4.701006380895478,0.7435897435897436,0.9743589743589743,1.0,1.0,0.9743589743589743,11,11,0.4722394999989774
30,0.04,2.0,6.0,1.0,1.0,1.0,0.8,0.5,1,1.0,0.04289937638879163,0.03782281399936057,0.06753302542460689,0.10663333286481608,0.107652383384511,1.0538950531459743,0.6543519514576417,2.420368987183565,3.4324874491759374,4.679624952720559,0.6923076923076923,0.9487179487179487,1.0,1.0,0.9487179487179487,11,11,0.49016280000068946
31,0.04,2.5,2.0,1.0,1.0,1.0,0.8,0.5,1,1.0,0.044335784560708566,0.0445727394685951,0.07249513523991187,0.07617009160709086,0.11695041237519381,1.199776978954611,0.9554922155352017,2.0870569599508713,3.555909680810146,4.949814545279054,0.6923076923076923,0.9743589743589743,1.0,1.0,0.9743589743589743,11,11,0.4580357000013464
32,0.04,2.5,3.0,1.0,1.0,1.0,0.8,0.5,1,1.0,0.04194672575354855,0.036318601106474384,0.07537346030078011,0.0829715809376442,0.11867099543921607,1.097269739640018,0.8148278617323399,2.532138333156297,3.379385262992571,4.804192283171744,0.6923076923076923,0.9743589743589743,1.0,1.0,0.9743589743589743,8,8,0.4576989999986836
33,0.04,2.5,4.0,1.0,1.0,1.0,0.8,0.5,1,1.0,0.042026800347677945,0.036140630897082054,0.06931005284845099,0.0909934292721014,0.12072086360568725,1.076116559134182,0.7500998728287982,2.533642243035274,3.3797666146012943,4.734417921324592,0.7435897435897436,0.9743589743589743,1.0,1.0,0.9743589743589743,7,7,0.4424006000008376
34,0.04,2.5,5.0,1.0,1.0,1.0,0.8,0.5,1,1.0,0.04291542238196745,0.036989870777127946,0.0738741161902504,0.10110427559694328,0.12177192446033996,1.074794878776006,0.7165569871584694,2.534431723635805,3.379879901183301,4.697326971796741,0.7692307692307693,0.9487179487179487,1.0,1.0,0.9487179487179487,7,7,0.4541663999989396
35,0.04,2.5,6.0,1.0,1.0,1.0,0.8,0.5,1,1.0,0.045520080488998436,0.037380692243296876,0.07743623380153164,0.10791155695669505,0.12237360253749283,1.0882228047135891,0.6972489392493912,2.53489057666269,3.379921123933343,4.675672428993977,0.6923076923076923,0.9487179487179487,1.0,1.0,0.9487179487179487,5,5,0.4251126999988628
36,0.04,3.0,2.0,1.0,1.0,1.0,0.8,0.5,1,1.0,0.04541971864847021,0.045645236662859356,0.07519045128062268,0.07655773107793627,0.11701823767516535,1.202246173227466,0.9901543545212235,2.1036173529909092,3.546660400024791,4.949638603915901,0.6923076923076923,0.9743589743589743,1.0,1.0,0.9743589743589743,11,11,0.4560090000013588
37,0.04,3.0,3.0,1.0,1.0,1.0,0.8,0.5,1,1.0,0.04334604432615937,0.03587018362888247,0.07640325923464154,0.09309432191196355,0.12837326609690305,1.1038689571773057,0.8269906550227688,2.1860591298819827,3.3456906034143685,4.802996969154606,0.6923076923076923,0.9743589743589743,1.0,1.0,0.9743589743589743,4,4,0.4145939999980328
38,0.04,3.0,4.0,1.0,1.0,1.0,0.8,0.5,1,1.0,0.04442229732627703,0.03651871704399205,0.07932319400791009,0.09986048905262228,0.13144876658357507,1.081709284761288,0.7650869528791588,2.6184172394448524,3.3415232652829445,4.7327412549757355,0.6923076923076923,0.9743589743589743,1.0,1.0,0.9743589743589743,6,6,0.4370078000029025
39,0.04,3.0,5.0,1.0,1.0,1.0,0.8,0.5,1,1.0,0.04644051516004095,0.03890462515809009,0.08052250843331121,0.10308723716813813,0.13304687254765235,1.078316683842259,0.727252256564924,2.6248068903142894,3.3390235158504424,4.69539678529793,0.6666666666666666,0.9230769230769231,1.0,1.0,0.9230769230769231,4,4,0.4191887000015413
40,0.04,3.0,6.0,1.0,1.0,1.0,0.8,0.5,1,1.0,0.04794992548275358,0.04022016716913115,0.08424718237644604,0.10805319973950549,0.13396826281579755,1.0846768916193104,0.7052766033924627,2.6286275169427995,3.337476189322331,4.673595035443867,0.6410256410256411,0.9230769230769231,1.0,1.0,0.9230769230769231,3,3,0.4061127999993914
41,0.04,4.0,2.0,1.0,1.0,1.0,0.8,0.5,1,1.0,0.04807843007625695,0.04690167338795527,0.07695660492084914,0.08507933707038468,0.11708583391731836,1.202785375513143,1.00033089397283,2.170634037406387,3.537403685219431,4.949505542819054,0.5897435897435898,0.9743589743589743,1.0,1.0,0.9743589743589743,10,10,0.4473047999999835
42,0.04,4.0,3.0,1.0,1.0,1.0,0.8,0.5,1,1.0,0.04644455021436606,0.039033748641445175,0.08012262343431364,0.10789661069053363,0.1403873817134944,1.1195286650640184,0.8640232928597413,2.2804785905816516,3.3011045001188677,4.801853622190492,0.6666666666666666,0.9487179487179487,1.0,1.0,0.9487179487179487,5,5,0.41315019999819924
43,0.04,4.0,4.0,1.0,1.0,1.0,0.8,0.5,1,1.0,0.048677458953587834,0.03827056932006106,0.08534145399033893,0.11670346031207601,0.14498515367812131,1.1046859581311554,0.7841202295716698,2.3338721259391946,3.288740721093177,4.731121656182381,0.6153846153846154,0.9487179487179487,1.0,1.0,0.9487179487179487,2,2,0.4043296999989252
44,0.04,4.0,5.0,1.0,1.0,1.0,0.8,0.5,1,1.0,0.04958372513562364,0.03958848615302975,0.08965680837786685,0.12094039998499655,0.147414717094599,1.0940932357373214,0.7625085583807731,2.3623994757774653,3.2812132859169765,4.69352629532915,0.6153846153846154,0.9230769230769231,1.0,1.0,0.9230769230769231,1,1,0.4007113000006939
45,0.04,4.0,6.0,1.0,1.0,1.0,0.8,0.5,1,1.0,0.05136263333796579,0.041259994989053306,0.09460774683263584,0.12328655642374736,0.14882838000969162,1.1015454410494685,0.7583040657943911,2.3790921617861613,3.276500711837002,4.671578768466759,0.5897435897435898,0.9230769230769231,1.0,1.0,0.9230769230769231,0,0,0.39901800000006915
46,0.04,5.0,2.0,1.0,1.0,1.0,0.8,0.5,1,1.0,0.05131069451648889,0.04756436443436421,0.08192390940027372,0.11711717541450499,0.13549666418910902,1.205013557619721,1.0478406705440193,2.2013710284048216,3.5330987305596295,4.949458400884964,0.5384615384615384,0.9487179487179487,1.0,1.0,0.9487179487179487,8,8,0.4385419999998703
47,0.04,5.0,3.0,1.0,1.0,1.0,0.8,0.5,1,1.0,0.04822050554960773,0.04011962911151989,0.08281857823515984,0.11745205622761815,0.14700874017729884,1.1288032690932452,0.8777717120100306,2.325457498524372,3.2740610036473754,4.801339660360213,0.6153846153846154,0.9487179487179487,1.0,1.0,0.9487179487179487,5,5,0.42065980000188574
48,0.04,5.0,4.0,1.0,1.0,1.0,0.8,0.5,1,1.0,0.05072335891992297,0.043099000735892665,0.0893740785599106,0.12770692227305755,0.15257077393746662,1.1151705276984438,0.7724943416311589,2.3867385209728127,3.2552108050231254,4.730388171348636,0.5897435897435898,0.9487179487179487,1.0,1.0,0.9487179487179487,2,2,0.39263320000100066
49,0.04,5.0,5.0,1.0,1.0,1.0,0.8,0.5,1,1.0,0.051680575525413296,0.041103609405863904,0.09517132220502106,0.13267177053787435,0.15553792224710478,1.106137398875023,0.7488034945644131,2.419730672039009,3.2434213001346848,4.692677053644331,0.5897435897435898,0.9230769230769231,1.0,1.0,0.9230769230769231,1,1,0.40510809999977937
50,0.04,5.0,6.0,1.0,1.0,1.0,0.8,0.5,1,1.0,0.05287502980977589,0.04256144304765095,0.10094340817016428,0.1354298193117513,0.15727347577374293,1.1047574310755686,0.7386207967638825,2.439115186559661,3.235932225858164,4.670662262715496,0.5897435897435898,0.8974358974358975,1.0,1.0,0.8974358974358975,1,1,0.4034223999988171
51,0.05,2.0,2.0,1.0,1.0,1.0,0.8,0.5,1,1.0,0.044870882253556676,0.04035772238519736,0.0702086337006441,0.1315347868103701,0.137197035984795,1.2295171298528147,0.8944174644724967,2.3868133725787857,3.8899823373672575,5.046878006641009,0.717948717948718,0.9487179487179487,0.9743589743589743,1.0,0.9487179487179487,12,12,0.4739225000012084
52,0.05,2.0,3.0,1.0,1.0,1.0,0.8,0.5,1,1.0,0.03985975410826005,0.037703130433590706,0.07031690826928748,0.09903673261566437,0.10244787427619331,1.14027155915072,0.8187666752190239,2.3527232094095325,3.4619455136258352,4.881539094138702,0.7435897435897436,0.9743589743589743,1.0,1.0,0.9743589743589743,14,14,0.49064329999964684
53,0.05,2.0,4.0,1.0,1.0,1.0,0.8,0.5,1,1.0,0.03842746670755321,0.036428507525178525,0.0655561527264765,0.07951020855801558,0.08595750585590044,1.08331608403693,0.7408564096882628,2.335908270016489,3.4711890019075327,4.792978175798055,0.7948717948717948,1.0,1.0,1.0,1.0,13,13,0.5054122000001371
54,0.05,2.0,5.0,1.0,1.0,1.0,0.8,0.5,1,1.0,0.0388574836512503,0.037413546087538385,0.0629615288849841,0.07638798089719843,0.09064218436977507,1.0959158901014627,0.7090815821508158,2.3268699418286474,3.4761359287850837,4.742955868403044,0.7948717948717948,1.0,1.0,1.0,1.0,12,12,0.47362270000303397
55,0.05,2.0,6.0,1.0,1.0,1.0,0.8,0.5,1,1.0,0.03931219236537212,0.03913282279401099,0.06439555943986171,0.07054358959064208,0.09888978884586995,1.0961039564503063,0.69085741158068,2.321564039623013,3.479035429023668,4.712719146705751,0.7948717948717948,1.0,1.0,1.0,1.0,16,16,0.5039126999981818
56,0.05,2.5,2.0,1.0,1.0,1.0,0.8,0.5,1,1.0,0.04699374467427105,0.04429723100663643,0.07166312887470447,0.1307118467885761,0.13738554229030084,1.2347284670623742,0.9371280788994909,2.083171615512981,3.869142743424902,5.04796762413082,0.6923076923076923,0.9487179487179487,0.9743589743589743,1.0,0.9487179487179487,11,11,0.4882173000005423
57,0.05,2.5,3.0,1.0,1.0,1.0,0.8,0.5,1,1.0,0.03944515257175828,0.0368468454054741,0.06573034897012445,0.07144675068054025,0.07237038239399993,1.1174254727695314,0.845405708267748,2.4424183868612204,3.41928972334415,4.879111884636103,0.7692307692307693,1.0,1.0,1.0,1.0,8,8,0.4527459999990242
58,0.05,2.5,4.0,1.0,1.0,1.0,0.8,0.5,1,1.0,0.039851245443150614,0.03593339772087352,0.06646564225975105,0.07960959623615523,0.0844137622083047,1.084319410837277,0.7699008105773544,2.4324038147553892,3.4254224801682653,4.7886912095342495,0.7435897435897436,1.0,1.0,1.0,1.0,11,11,0.4758524999997462
59,0.05,2.5,5.0,1.0,1.0,1.0,0.8,0.5,1,1.0,0.0419887759370912,0.03770179942322696,0.07319747446601525,0.09085570737998647,0.10592524007788405,1.068747072240368,0.6878771373381483,2.426757340667109,3.4287701893823623,4.737627704992178,0.717948717948718,0.9743589743589743,1.0,1.0,0.9743589743589743,8,8,0.4517325999986497
60,0.05,2.5,6.0,1.0,1.0,1.0,0.8,0.5,1,1.0,0.042644332392960255,0.038766650649286145,0.06869223664428199,0.09919387381607137,0.10630728991511261,1.0653196659724216,0.6700328214243427,2.423354111056483,3.430758747414984,4.706765087560086,0.717948717948718,0.9743589743589743,1.0,1.0,0.9743589743589743,8,8,0.44570540000131587
61,0.05,3.0,2.0,1.0,1.0,1.0,0.8,0.5,1,1.0,0.04610463376241322,0.04505819236993247,0.07269735128721462,0.08185796330147314,0.1374885047725406,1.2445194240989146,0.999477093729638,2.0996152761524627,3.8576762372215967,5.048694206975,0.6153846153846154,0.9743589743589743,0.9743589743589743,1.0,0.9743589743589743,10,10,0.4395537999989756
62,0.05,3.0,3.0,1.0,1.0,1.0,0.8,0.5,1,1.0,0.0401395488006835,0.03669010838149788,0.06974217011889072,0.07407551106525607,0.07422565966920235,1.1398651632196266,0.83746109187922,2.0741747959150985,3.385801035393797,4.877939540716881,0.6666666666666666,1.0,1.0,1.0,1.0,6,6,0.42266079999899375
63,0.05,3.0,4.0,1.0,1.0,1.0,0.8,0.5,1,1.0,0.04229307869893843,0.0361599625690496,0.07510664991055063,0.0821302738621584,0.11678175461047846,1.096287863245684,0.7929540695822084,2.5144151093402343,3.387724624617647,4.786516714877678,0.717948717948718,0.9743589743589743,1.0,1.0,0.9743589743589743,5,5,0.4126457999991544
64,0.05,3.0,5.0,1.0,1.0,1.0,0.8,0.5,1,1.0,0.04336598708979821,0.03823036820158974,0.07579105004881813,0.09097254578793311,0.11812620290839106,1.0847117924165917,0.7465129959696242,2.5140578683264607,3.388651365285739,4.7348930601235395,0.717948717948718,0.9743589743589743,1.0,1.0,0.9743589743589743,3,3,0.405497199997626
65,0.05,3.0,6.0,1.0,1.0,1.0,0.8,0.5,1,1.0,0.045590413443438386,0.039316851694506105,0.07624412725307696,0.09936047498249793,0.11891429073855926,1.101432106138808,0.7190788471318683,2.5138213391937256,3.3891675098799396,4.703694252742679,0.6923076923076923,0.9743589743589743,1.0,1.0,0.9743589743589743,3,3,0.40233440000156406
66,0.05,4.0,2.0,1.0,1.0,1.0,0.8,0.5,1,1.0,0.04888690036756974,0.04850627882413984,0.07657655386127292,0.08249223838997143,0.13759127708532132,1.2442207358426778,1.0328934303195751,2.133809220583487,3.846169236037781,5.049512828110295,0.5128205128205128,0.9743589743589743,0.9743589743589743,1.0,0.9743589743589743,9,9,0.4292185000012978
67,0.05,4.0,3.0,1.0,1.0,1.0,0.8,0.5,1,1.0,0.04474457426921086,0.04037112217301645,0.07541015525110899,0.08774405711742579,0.12771683899588557,1.1397335216022653,0.9221680974644073,2.165813943846217,3.339864432947536,4.876878298292752,0.6666666666666666,0.9743589743589743,1.0,1.0,0.9743589743589743,5,5,0.4101139000013063
68,0.05,4.0,4.0,1.0,1.0,1.0,0.8,0.5,1,1.0,0.04433364131022683,0.03600448892704818,0.07880048809431402,0.09856214502182423,0.13232435336366577,1.0998701029571698,0.8237988870595814,2.221837072428798,3.3332683406637216,4.784465219395713,0.6923076923076923,0.9743589743589743,1.0,1.0,0.9743589743589743,3,3,0.39795500000036554
69,0.05,4.0,5.0,1.0,1.0,1.0,0.8,0.5,1,1.0,0.04608705354500675,0.03729975978942739,0.08037749998537294,0.10382064276179165,0.13486311021137137,1.090401983785223,0.7726629011513637,2.2532560418928256,3.328770396146865,4.732288248194607,0.6923076923076923,0.9487179487179487,1.0,1.0,0.9487179487179487,1,1,0.39068630000110716
70,0.05,4.0,6.0,1.0,1.0,1.0,0.8,0.5,1,1.0,0.047724500203723035,0.0405221945411486,0.08206735729989556,0.1067475068568028,0.136375457045015,1.0969557794236475,0.7591726370304457,2.272153891276787,3.3257936507276327,4.700757229602459,0.6666666666666666,0.9487179487179487,1.0,1.0,0.9487179487179487,0,0,0.37940660000094795
71,0.05,5.0,2.0,1.0,1.0,1.0,0.8,0.5,1,1.0,0.05078150996488722,0.05121751158798118,0.08204383370383983,0.08882467346780415,0.13763897864254226,1.255065685479604,1.0433173288199669,2.1720993147694685,3.8408073360015464,5.049924424302731,0.48717948717948717,0.9743589743589743,0.9743589743589743,1.0,0.9743589743589743,9,9,0.433013400001073
72,0.05,5.0,3.0,1.0,1.0,1.0,0.8,0.5,1,1.0,0.0465460456653199,0.04238145449677505,0.07829786379748745,0.09722303574028203,0.13550465052852254,1.150476221040828,0.9748968183096167,2.2246851590874144,3.317747430598615,4.876422947709955,0.6410256410256411,0.9743589743589743,1.0,1.0,0.9743589743589743,6,6,0.4183926000005158
73,0.05,5.0,4.0,1.0,1.0,1.0,0.8,0.5,1,1.0,0.04700065981345156,0.040579026629750124,0.08112313511161569,0.11028819413653944,0.14158022664672762,1.1070689543819547,0.8196372707220689,2.294253751947167,3.2981267550787834,4.783553291816588,0.6666666666666666,0.9487179487179487,1.0,1.0,0.9487179487179487,1,1,0.38368569999875035
74,0.05,5.0,5.0,1.0,1.0,1.0,0.8,0.5,1,1.0,0.04819479464593978,0.038270570066935565,0.08534144818090374,0.11670344614362083,0.14498515983948548,1.0975061896063874,0.78412022723262,2.333872044175223,3.2887407355813707,4.731121566502594,0.6410256410256411,0.9487179487179487,1.0,1.0,0.9487179487179487,1,1,0.38717499999984284
75,0.05,5.0,6.0,1.0,1.0,1.0,0.8,0.5,1,1.0,0.04992371163645227,0.041465741373186336,0.0883646304365789,0.12029286783481534,0.147033365435971,1.1039563306967897,0.7636605450734066,2.3579080178865865,3.2824420376753096,4.69943774587324,0.6153846153846154,0.9487179487179487,1.0,1.0,0.9487179487179487,0,0,0.38099110000257497
76,0.06,2.0,2.0,1.0,1.0,1.0,0.8,0.5,1,1.0,0.045762329203183606,0.04008523258112689,0.06904865759235625,0.14580979469499253,0.1517904563210827,1.2549754863089468,0.8931347357664094,2.3474379744343423,4.160217098913051,5.126082971066694,0.6923076923076923,0.9487179487179487,0.9743589743589743,1.0,0.9487179487179487,12,12,0.49066529999981867
77,0.06,2.0,3.0,1.0,1.0,1.0,0.8,0.5,1,1.0,0.04017869437484714,0.03548122262040332,0.0687571143429221,0.11627863776232991,0.11639800314427014,1.1650737504935704,0.8131616065367098,2.300415799980442,3.629866660153823,4.952803068546444,0.7435897435897436,0.9487179487179487,1.0,1.0,0.9487179487179487,14,14,0.4959528999970644
78,0.06,2.0,4.0,1.0,1.0,1.0,0.8,0.5,1,1.0,0.03815480889499942,0.035646601576916445,0.06752724676612042,0.0705529299589479,0.09754206839165168,1.091023493425845,0.747005676516153,2.2767510751816644,3.4996863192042156,4.85025563496788,0.7435897435897436,1.0,1.0,1.0,1.0,13,13,0.4839793999999529
79,0.06,2.0,5.0,1.0,1.0,1.0,0.8,0.5,1,1.0,0.03840308612867211,0.036854231396234664,0.06404504151648222,0.0814311218102046,0.08590259392298748,1.1023808057525297,0.7430639048237992,2.2639020425064587,3.506662924124896,4.788644033677116,0.7692307692307693,1.0,1.0,1.0,1.0,12,12,0.48016759999882197
80,0.06,2.0,6.0,1.0,1.0,1.0,0.8,0.5,1,1.0,0.038587515611882756,0.03867874439717975,0.06440714417588413,0.07845955227038158,0.09038390426150267,1.1229468221104493,0.7311685925080837,2.256316961511459,3.5107894302649356,4.749971956318149,0.7692307692307693,1.0,1.0,1.0,1.0,15,15,0.5135794000016176
81,0.06,2.5,2.0,1.0,1.0,1.0,0.8,0.5,1,1.0,0.04777546127241545,0.04237436287286568,0.07048128189976997,0.1448898235668481,0.15202944198564844,1.2649183075566002,0.9491682546853326,2.1361388873894214,4.136419233299534,5.129747949000773,0.6410256410256411,0.9487179487179487,0.9743589743589743,1.0,0.9487179487179487,10,10,0.476218499999959
82,0.06,2.5,3.0,1.0,1.0,1.0,0.8,0.5,1,1.0,0.042222400380584106,0.0383071045476102,0.07058174939822395,0.1147575349189019,0.11667460169557767,1.172171425237143,0.8649484040906259,2.3819725837303736,3.5931364909557715,4.95096273945029,0.6923076923076923,0.9487179487179487,1.0,1.0,0.9487179487179487,10,10,0.4596464000023843
83,0.06,2.5,4.0,1.0,1.0,1.0,0.8,0.5,1,1.0,0.039255672488497734,0.03770313526135205,0.06868916394332762,0.07074885286415077,0.09558572039089512,1.0928420897406137,0.7836959616243462,2.3623027874665468,3.4577987009503204,4.845178762512148,0.7692307692307693,1.0,1.0,1.0,1.0,11,11,0.4662516999997024
84,0.06,2.5,5.0,1.0,1.0,1.0,0.8,0.5,1,1.0,0.03978054216818615,0.03862905627882463,0.06517572327895921,0.08160259474282462,0.08365412177031492,1.0802550507054407,0.7390940894554774,2.3510392435155154,3.4640218429184415,4.781638738245277,0.7692307692307693,1.0,1.0,1.0,1.0,9,9,0.45245929999873624
85,0.06,2.5,6.0,1.0,1.0,1.0,0.8,0.5,1,1.0,0.04158626723676944,0.04048332341773976,0.07095397695164493,0.09068851413759144,0.09325785426856154,1.0709773136872265,0.6704758417384369,2.344187276212722,3.4677898080086607,4.741763401034575,0.7435897435897436,1.0,1.0,1.0,1.0,8,8,0.4411456999987422
86,0.06,3.0,2.0,1.0,1.0,1.0,0.8,0.5,1,1.0,0.047559619658230995,0.04441622173342842,0.07337147458799038,0.0864417043536176,0.15216023810207874,1.2768695321965795,0.9955719721247931,2.138195944719655,4.123276233725363,5.132002454708243,0.5897435897435898,0.9743589743589743,0.9743589743589743,1.0,0.9743589743589743,10,10,0.44914520000020275
87,0.06,3.0,3.0,1.0,1.0,1.0,0.8,0.5,1,1.0,0.041406641941559186,0.04029180131721737,0.06709911583309477,0.07549148656837494,0.11682597589796537,1.1974656161327364,0.9047383011098873,2.4502605394515626,3.572781621017782,4.9502471070321405,0.717948717948718,0.9743589743589743,1.0,1.0,0.9743589743589743,7,7,0.42601980000108597
88,0.06,3.0,4.0,1.0,1.0,1.0,0.8,0.5,1,1.0,0.04025177793439651,0.03390730384909914,0.06942094717296914,0.07256438696833252,0.10452643599788171,1.0984177084604188,0.814294151262601,2.438389202644146,3.4217923476890064,4.842722774387113,0.7692307692307693,0.9743589743589743,1.0,1.0,0.9743589743589743,4,4,0.42231749999700696
89,0.06,3.0,5.0,1.0,1.0,1.0,0.8,0.5,1,1.0,0.04151158237028779,0.036847540578729805,0.07259134081749635,0.08169640999203331,0.10540448071810633,1.0948369914245843,0.7614835608972044,2.431236746169077,3.4261198965850213,4.778147860541964,0.7435897435897436,0.9743589743589743,1.0,1.0,0.9743589743589743,3,3,0.3929768999987573
90,0.06,3.0,6.0,1.0,1.0,1.0,0.8,0.5,1,1.0,0.042571653043858376,0.03888414687478552,0.07319747415503167,0.09085571053689916,0.1059252402220463,1.0998033086672478,0.7298572186485899,2.4267574155103375,3.428770240753522,4.737627692740205,0.717948717948718,0.9743589743589743,1.0,1.0,0.9743589743589743,4,4,0.40658629999961704
91,0.06,4.0,2.0,1.0,1.0,1.0,0.8,0.5,1,1.0,0.05053023521027563,0.04696405317865023,0.08601354704230103,0.08893318856624816,0.15229099232060664,1.277230893411828,1.004889969986948,2.1402531772660893,4.110051824136036,5.134434153851885,0.5641025641025641,0.9743589743589743,0.9743589743589743,1.0,0.9743589743589743,9,9,0.4412267999978212
92,0.06,4.0,3.0,1.0,1.0,1.0,0.8,0.5,1,1.0,0.04553421809711071,0.043770921206225,0.07415718127599975,0.11692198763872695,0.11697727480534732,1.1955965787258054,0.9685548371586492,2.092563265378317,3.552251152034131,4.949739948503293,0.6923076923076923,0.9487179487179487,1.0,1.0,0.9487179487179487,6,6,0.41712009999901056
93,0.06,4.0,4.0,1.0,1.0,1.0,0.8,0.5,1,1.0,0.04179150327784409,0.03557495711203333,0.07120511696264324,0.08306986910609071,0.12097108034814173,1.1030453320603648,0.8311060947572173,2.1186633848748215,3.36749259322238,4.84049812179353,0.6923076923076923,0.9743589743589743,1.0,1.0,0.9743589743589743,2,2,0.3917663000029279
94,0.06,4.0,5.0,1.0,1.0,1.0,0.8,0.5,1,1.0,0.04394952948064904,0.03798506508163356,0.07664488914322304,0.08912405047710559,0.12328273455980525,1.1065613919773578,0.7950554883659606,2.149024851033971,3.3666280185555024,4.774903052693986,0.6923076923076923,0.9743589743589743,1.0,1.0,0.9743589743589743,0,0,0.3728934000027948
95,0.06,4.0,6.0,1.0,1.0,1.0,0.8,0.5,1,1.0,0.044963008956630225,0.0395650627166239,0.07742449523758997,0.09250879103458293,0.12468881059325379,1.098836310612813,0.7593888657884804,2.167741160769083,3.365917065116321,4.73374776330229,0.717948717948718,0.9743589743589743,1.0,1.0,0.9743589743589743,0,0,0.3791000000019267
96,0.06,5.0,2.0,1.0,1.0,1.0,0.8,0.5,1,1.0,0.05288467961666562,0.05086569573132753,0.08589391556380013,0.1047932844050716,0.15235174691739428,1.290018709533287,1.035661412404579,2.169679801669531,4.103876845283253,5.135626276294175,0.46153846153846156,0.9487179487179487,0.9743589743589743,1.0,0.9487179487179487,9,9,0.4302419999985432
97,0.06,5.0,3.0,1.0,1.0,1.0,0.8,0.5,1,1.0,0.04570979115084255,0.04532143187996841,0.07672930294739355,0.07901789635220341,0.12537478488496373,1.1677313176566009,0.991198963096366,2.1319386181331765,3.542648245647001,4.9495758921591175,0.6153846153846154,0.9743589743589743,1.0,1.0,0.9743589743589743,6,6,0.4105692999983148
98,0.06,5.0,4.0,1.0,1.0,1.0,0.8,0.5,1,1.0,0.0437110795788124,0.03736170359585243,0.07571806916977619,0.09435844582625487,0.1312979445866557,1.103981624418737,0.8272709934685736,2.2019166869226865,3.331295793613549,4.839543242746515,0.6923076923076923,0.9743589743589743,1.0,1.0,0.9743589743589743,2,2,0.3793755000006058
99,0.06,5.0,5.0,1.0,1.0,1.0,0.8,0.5,1,1.0,0.045996225035798095,0.04024342452369391,0.07964464183717136,0.10198747121505303,0.13476806822150375,1.1073632223233822,0.7950061681794978,2.2438371954950753,3.325274823801635,4.773479190871825,0.6923076923076923,0.9487179487179487,1.0,1.0,0.9487179487179487,0,0,0.3722717999989982
100,0.06,5.0,6.0,1.0,1.0,1.0,0.8,0.5,1,1.0,0.046982646317554236,0.04229338284223111,0.08104372488556541,0.10628345293096661,0.1369113177611524,1.1008604391515142,0.776083040871157,2.2700603767870007,3.3209614160442698,4.732032078547974,0.6923076923076923,0.9487179487179487,1.0,1.0,0.9487179487179487,0,0,0.38488730000244686
101,0.08,2.0,2.0,1.0,1.0,1.0,0.8,0.5,1,1.0,0.04750868237435832,0.03902190267041107,0.08620780032945968,0.16595915604707343,0.16993107496967202,1.2874511349878384,0.9206037795149768,2.392944952310188,4.5661591035707545,5.236508483053626,0.6923076923076923,0.9487179487179487,0.9743589743589743,1.0,0.9487179487179487,12,12,0.5239213999993808
102,0.08,2.0,3.0,1.0,1.0,1.0,0.8,0.5,1,1.0,0.041260471709892416,0.036016464480249456,0.06656596532393891,0.13959686960919332,0.1419094962530813,1.2029296037460186,0.8199118458818475,2.2417122225830326,4.058700263214149,5.071852558305608,0.717948717948718,0.9487179487179487,0.9743589743589743,1.0,0.9487179487179487,14,14,0.5071860999996716
103,0.08,2.0,4.0,1.0,1.0,1.0,0.8,0.5,1,1.0,0.038444449793844995,0.035168528169368496,0.060241243341815444,0.07149617584238233,0.11950873962473847,1.12709298278181,0.738179763754033,2.209466628530606,3.7061554457189345,4.958960241297348,0.7692307692307693,0.9743589743589743,1.0,1.0,0.9743589743589743,14,14,0.5028730999983964
104,0.08,2.0,5.0,1.0,1.0,1.0,0.8,0.5,1,1.0,0.038570290223617146,0.03684607304154761,0.06608709579886096,0.06770149014511198,0.10535906963048418,1.1287562892856657,0.8714320420784532,2.1917439459468824,3.5427280057839425,4.88294455813525,0.7692307692307693,0.9743589743589743,1.0,1.0,0.9743589743589743,14,14,0.5026394000014989
105,0.08,2.0,6.0,1.0,1.0,1.0,0.8,0.5,1,1.0,0.03830842165264475,0.036193487190988985,0.06485321405856517,0.07597561311900818,0.09551935668332366,1.1364069392769296,0.8690637636049701,2.181211990113866,3.548451882981283,4.831394068948043,0.7692307692307693,1.0,1.0,1.0,1.0,15,15,0.5138451999991958
106,0.08,2.5,2.0,1.0,1.0,1.0,0.8,0.5,1,1.0,0.049926734672121074,0.03928506041706406,0.08550709095163271,0.16492467740665614,0.17022711624706358,1.301454076357353,0.9809617860416324,2.3978457782518205,4.538459949139337,5.248164637501418,0.6153846153846154,0.9487179487179487,0.9743589743589743,1.0,0.9487179487179487,10,10,0.5058052999993379
107,0.08,2.5,3.0,1.0,1.0,1.0,0.8,0.5,1,1.0,0.0428169495237746,0.03568637497341805,0.06844269338813536,0.13769825729700005,0.1423651223572424,1.2128655811915552,0.8660006829830422,2.3111698329595356,4.011767651104492,5.073543735516296,0.717948717948718,0.9487179487179487,0.9743589743589743,1.0,0.9487179487179487,10,10,0.4772494999997434
108,0.08,2.5,4.0,1.0,1.0,1.0,0.8,0.5,1,1.0,0.03915873084621477,0.03621757743278567,0.059566437523559834,0.07305675340250001,0.1168563565964567,1.1282870085444274,0.7873402597823258,2.278267653066564,3.643679010980293,4.953680850844194,0.7692307692307693,0.9743589743589743,1.0,1.0,0.9743589743589743,10,10,0.4644651000016893
109,0.08,2.5,5.0,1.0,1.0,1.0,0.8,0.5,1,1.0,0.039131426641894666,0.03747010420628561,0.0676779203105657,0.06833155613080952,0.10212319671801719,1.0955111515724212,0.7484234295698116,2.2590281322241026,3.5083865671407466,4.872974916017881,0.7435897435897436,0.9743589743589743,1.0,1.0,0.9743589743589743,9,9,0.45261499999833177
110,0.08,2.5,6.0,1.0,1.0,1.0,0.8,0.5,1,1.0,0.04043897097274851,0.03664830790435929,0.06805965131459601,0.07614785935362392,0.09185136798916611,1.0859631929432185,0.7187202365461474,2.2471805642021536,3.5148115601168683,4.818255227806276,0.7692307692307693,1.0,1.0,1.0,1.0,8,8,0.444086999999854
111,0.08,3.0,2.0,1.0,1.0,1.0,0.8,0.5,1,1.0,0.05153289472480004,0.04317532331061009,0.08514194521046412,0.16435937701159625,0.17038984074287503,1.317256080111365,1.001451918045717,2.4005407014628304,4.523055649640071,5.25525240591341,0.5897435897435898,0.9487179487179487,0.9743589743589743,1.0,0.9487179487179487,11,11,0.5076494999993884
112,0.08,3.0,3.0,1.0,1.0,1.0,0.8,0.5,1,1.0,0.04369806118715924,0.03923594676903692,0.06977464485111737,0.13665557765978023,0.1426159575381485,1.2441498888352471,0.8917464464814202,2.3716637855300746,3.985497043473856,5.075249718243612,0.717948717948718,0.9487179487179487,0.9743589743589743,1.0,0.9487179487179487,8,8,0.45642899999802466
113,0.08,3.0,4.0,1.0,1.0,1.0,0.8,0.5,1,1.0,0.03942183638973735,0.036769657511976944,0.059457317911891,0.07417682716464857,0.11539390715430772,1.1371430054202118,0.8323046613834606,2.34274629654044,3.608567817110611,4.951649183345694,0.7435897435897436,0.9743589743589743,1.0,1.0,0.9743589743589743,7,7,0.450021900000138
114,0.08,3.0,5.0,1.0,1.0,1.0,0.8,0.5,1,1.0,0.04051518901126531,0.037858243015292004,0.06937797135207159,0.08634218892758765,0.10033378916288552,1.1003551104819884,0.7804174779195137,2.3248250989751114,3.4757065399334692,4.868437949627435,0.717948717948718,0.9743589743589743,1.0,1.0,0.9743589743589743,5,5,0.41491839999798685
115,0.08,3.0,6.0,1.0,1.0,1.0,0.8,0.5,1,1.0,0.04184936465853454,0.0390042818601399,0.0697678129818503,0.08619679106497574,0.08981880326946559,1.1155118998661744,0.7477451739549679,2.313399070157459,3.4819389530552485,4.812029097695643,0.7435897435897436,1.0,1.0,1.0,1.0,5,5,0.4233204000011028
116,0.08,4.0,2.0,1.0,1.0,1.0,0.8,0.5,1,1.0,0.05403137356277627,0.04895369038047354,0.09524081621103046,0.11697308766672213,0.17055300629867945,1.3261610613933128,1.0647602604712176,2.4032434652499433,4.507473627870553,5.262862701128654,0.5384615384615384,0.9230769230769231,0.9743589743589743,1.0,0.9230769230769231,9,9,0.43692160000136937
117,0.08,4.0,3.0,1.0,1.0,1.0,0.8,0.5,1,1.0,0.04507815227594742,0.044755401673943214,0.07157779888151111,0.08304741360586917,0.14286778522883162,1.2509976134060123,0.9668941031025327,2.0877408852512644,3.958797953613157,5.077529789163435,0.6666666666666666,0.9743589743589743,0.9743589743589743,1.0,0.9743589743589743,7,7,0.44037309999839636
118,0.08,4.0,4.0,1.0,1.0,1.0,0.8,0.5,1,1.0,0.040254116494555486,0.03720459283285998,0.06709911614372217,0.07549147969479407,0.10291833488264367,1.1362663062109664,0.8586820136212623,2.0701643505100265,3.572781832606779,4.950247046551112,0.717948717948718,0.9743589743589743,1.0,1.0,0.9743589743589743,3,3,0.39137400000254274
119,0.08,4.0,5.0,1.0,1.0,1.0,0.8,0.5,1,1.0,0.04003494624334173,0.03522435968663037,0.06764852449939283,0.07244627390218981,0.10421503471043957,1.1166337132684725,0.8455718442487523,2.060610272193003,3.4202955043492693,4.864575062043656,0.7435897435897436,0.9743589743589743,1.0,1.0,0.9743589743589743,1,1,0.39128789999813307
120,0.08,4.0,6.0,1.0,1.0,1.0,0.8,0.5,1,1.0,0.041508811286416335,0.03856980402273301,0.07083028942711188,0.07633593154416803,0.10502635669393595,1.1107631448249327,0.837957877320548,2.054794445723985,3.4242358010038743,4.806510993159009,0.7435897435897436,0.9743589743589743,1.0,1.0,0.9743589743589743,0,0,0.38098639999952866
121,0.08,5.0,2.0,1.0,1.0,1.0,0.8,0.5,1,1.0,0.05739052136474186,0.0521041115031976,0.098941279704607,0.12716641008088825,0.17062900026894182,1.3426430572554273,1.1040108672320343,2.4045025266320295,4.50016867009046,5.266584293132951,0.46153846153846156,0.9230769230769231,0.9743589743589743,1.0,0.9230769230769231,9,9,0.43484080000052927
122,0.08,5.0,3.0,1.0,1.0,1.0,0.8,0.5,1,1.0,0.04680974980353677,0.04575833414878074,0.07406521188545959,0.08378178714936943,0.1429851803930005,1.2526203854784548,1.0157739646156756,2.1097777566169498,3.946237468043364,5.078790338971885,0.6410256410256411,0.9743589743589743,0.9743589743589743,1.0,0.9743589743589743,6,6,0.40867179999986547
123,0.08,5.0,4.0,1.0,1.0,1.0,0.8,0.5,1,1.0,0.0421796499831928,0.04207023418628302,0.07249513523991187,0.07617009160709086,0.1140675613581097,1.1385624607901337,0.8509090875273841,2.0870569599508713,3.555909680810146,4.949814545279054,0.717948717948718,0.9743589743589743,1.0,1.0,0.9743589743589743,3,3,0.38862419999713893
124,0.08,5.0,5.0,1.0,1.0,1.0,0.8,0.5,1,1.0,0.042579459402387373,0.03875110185741757,0.07129044460770949,0.07762632901940301,0.11686596027680722,1.1239451410823047,0.8323375083432154,2.081243032732459,3.378856774026474,4.863014196941123,0.6410256410256411,0.9743589743589743,1.0,1.0,0.9743589743589743,0,0,0.3727127999991353
125,0.08,5.0,6.0,1.0,1.0,1.0,0.8,0.5,1,1.0,0.042962639905800376,0.03913776109744918,0.07537346030078011,0.0829715809376442,0.11867099543921607,1.1118486813585196,0.8223737618363316,2.105633701722809,3.379385262992571,4.804192283171744,0.6923076923076923,0.9743589743589743,1.0,1.0,0.9743589743589743,0,0,0.3875283999987005
